write_count,context,addr,shift_cnt,lane0,lane1,lane2,lane3,lane4,lane5,lane6,lane7,lane8,lane9,lane10,lane11,lane12,lane13,lane14,lane15,lane16,lane17,lane18,lane19,lane20,lane21,lane22,lane23,lane24,lane25,lane26,lane27,lane28,lane29,lane30,lane31,lane32,lane33,lane34,lane35,lane36,lane37,lane38,lane39,lane40,lane41,lane42,lane43,lane44,lane45,lane46,lane47,lane48,lane49,lane50,lane51,lane52,lane53,lane54,lane55,lane56,lane57,lane58,lane59,lane60,lane61,lane62,lane63
0,0,0,0,-2378,-24449,-96053,-98483,-127880,51920,28094,68247,32363,-55795,-84870,6937,75269,64024,-77363,-69539,-52721,-133431,75712,-79144,-40886,40296,-68221,32572,30037,-146834,-9563,135192,105343,-162839,13857,16247,0,0,0,0,0,0,0,0,0,0,0,0,0,0,0,0,0,0,0,0,0,0,0,0,0,0,0,0,0,0,0,0
1,0,0,0,0,0,0,0,0,0,0,0,0,0,0,0,0,0,0,0,0,0,0,0,0,0,0,0,0,0,0,0,0,0,0,0,-51232,57335,53550,49009,-110063,99820,-21761,-56721,-215,107433,-24749,-2679,24930,71395,-89086,44178,55930,18481,85927,-39090,-95104,58814,-38963,-54882,-23974,-31477,49995,-91131,-79483,3347,-66248,-16115
2,0,1,1,-7075,-75347,52554,1673,-74846,-4337,6429,73824,96383,62126,-49689,16802,105719,-49465,53379,-58811,83034,23117,-69716,4313,129958,-150318,92197,-177969,-42581,71344,31951,56293,-31318,70567,-40770,-82337,0,0,0,0,0,0,0,0,0,0,0,0,0,0,0,0,0,0,0,0,0,0,0,0,0,0,0,0,0,0,0,0
3,0,1,1,0,0,0,0,0,0,0,0,0,0,0,0,0,0,0,0,0,0,0,0,0,0,0,0,0,0,0,0,0,0,0,0,25196,16944,8191,-116842,22873,56728,-90561,-25176,-61638,41970,-77569,-42159,-165130,33723,109521,-10944,-28061,5166,30676,-32067,25357,-19408,133763,127116,101775,-37264,29044,-22986,-86097,-6753,-33285,-11479
4,0,2,2,-10148,-43538,-87344,-45464,37058,39111,-17171,-781,103471,-59200,-52486,12911,125525,-61816,-13371,27886,95983,6323,24656,-4067,23868,73853,98834,-32817,-67413,49419,108678,-3210,-60990,-48268,57947,-102961,0,0,0,0,0,0,0,0,0,0,0,0,0,0,0,0,0,0,0,0,0,0,0,0,0,0,0,0,0,0,0,0
5,0,2,2,0,0,0,0,0,0,0,0,0,0,0,0,0,0,0,0,0,0,0,0,0,0,0,0,0,0,0,0,0,0,0,0,95356,-10933,19374,59906,-16642,15181,-37124,108142,5147,-81712,-40241,-45647,133560,-81556,153227,-52520,-119250,26565,-30819,44234,24544,85445,39964,14201,91023,-128487,46965,-35804,-75501,31971,-15285,1247
6,0,3,3,111420,-96385,67333,-23135,-61092,26801,98286,-160527,-106660,-27066,-129312,-30820,136752,34187,3877,85877,-27381,-36799,-12216,9351,-52704,106325,29825,46277,-54428,-43766,91073,-77193,30572,21005,-26235,-97685,0,0,0,0,0,0,0,0,0,0,0,0,0,0,0,0,0,0,0,0,0,0,0,0,0,0,0,0,0,0,0,0
7,0,3,3,0,0,0,0,0,0,0,0,0,0,0,0,0,0,0,0,0,0,0,0,0,0,0,0,0,0,0,0,0,0,0,0,-25174,18679,-49409,27890,-99683,67086,34381,-96175,-171338,-14288,-31853,60148,-62314,-37372,84607,20324,-9081,14053,-17985,65876,185368,43497,-2223,-114779,893,-13688,-24500,194928,-29554,-161510,73456,-7965
8,0,4,4,-57355,-98112,-103339,-107666,-101795,149749,84061,13766,-7669,-42761,-59168,-39307,-138274,-22713,-43519,54353,65025,-7916,-116246,149853,-73099,-15779,-116542,88570,43200,-103619,44339,186067,11629,113301,77460,-138187,0,0,0,0,0,0,0,0,0,0,0,0,0,0,0,0,0,0,0,0,0,0,0,0,0,0,0,0,0,0,0,0
9,0,4,4,0,0,0,0,0,0,0,0,0,0,0,0,0,0,0,0,0,0,0,0,0,0,0,0,0,0,0,0,0,0,0,0,65508,-154077,61517,-102571,-9947,-73226,210018,-80044,84387,94042,-16857,23414,-95269,260672,46305,-46488,129646,-30049,-118390,45597,-127542,55909,20018,-42667,-4254,-95246,-61753,80324,28968,67809,94459,67680
10,0,5,5,23634,-60618,41987,-35345,-30710,99881,36061,26296,63411,50503,23304,11822,-63003,-147533,55455,-183824,178927,159309,-16735,-40491,-53498,-33962,1368,-25272,-24220,-75850,-161600,49459,-101846,63028,-4002,30585,0,0,0,0,0,0,0,0,0,0,0,0,0,0,0,0,0,0,0,0,0,0,0,0,0,0,0,0,0,0,0,0
11,0,5,5,0,0,0,0,0,0,0,0,0,0,0,0,0,0,0,0,0,0,0,0,0,0,0,0,0,0,0,0,0,0,0,0,-17582,-39540,-37733,107134,-22347,172556,162740,-74041,152309,174830,-185133,-42720,7421,130701,23912,133858,10317,-94988,-186387,-28777,8699,43667,67207,-37449,5922,-43618,8931,126349,8433,56340,-44208,57579
12,0,6,6,-54737,77785,-97124,55476,-62595,13738,1475,-90968,-12857,108654,-45561,13321,-43965,-61633,-61675,2675,-98511,54774,-13779,-22261,-34844,-112706,10709,-42009,86885,23568,28983,-91771,7890,10915,-115339,-15258,0,0,0,0,0,0,0,0,0,0,0,0,0,0,0,0,0,0,0,0,0,0,0,0,0,0,0,0,0,0,0,0
13,0,6,6,0,0,0,0,0,0,0,0,0,0,0,0,0,0,0,0,0,0,0,0,0,0,0,0,0,0,0,0,0,0,0,0,-4727,52116,-12972,128198,3145,125598,25790,20922,-39334,-33754,177624,264258,-37854,33757,7812,-201902,-4260,-78742,29648,-92827,-41903,-26773,3035,27786,-86710,80223,-84818,29006,40731,47307,45787,12981
14,0,7,7,-27094,49484,105906,73558,-21970,-45425,25567,-31517,-57113,-42213,75502,-47219,-20494,33171,21415,-72709,28359,-106220,89106,105317,143466,-4917,-16838,-59005,88008,-111707,87966,-146769,101893,-230138,10526,-152281,0,0,0,0,0,0,0,0,0,0,0,0,0,0,0,0,0,0,0,0,0,0,0,0,0,0,0,0,0,0,0,0
15,0,7,7,0,0,0,0,0,0,0,0,0,0,0,0,0,0,0,0,0,0,0,0,0,0,0,0,0,0,0,0,0,0,0,0,12012,56652,-4314,-82647,-53191,70737,116914,15053,25756,56340,-27907,184891,89395,-30371,61696,-148275,26246,81914,105741,42490,-185311,70674,-42879,101822,45292,41335,-7905,-6843,115026,-156888,32000,-96091
16,0,8,8,-153192,-7385,34754,-47094,-41238,-85963,-78263,28343,61697,57835,62470,-111647,-29480,34304,8236,-34796,-63633,-215438,-77121,-2766,-15152,21464,13485,84211,106369,-5770,42424,79178,-48925,114298,56290,-73312,0,0,0,0,0,0,0,0,0,0,0,0,0,0,0,0,0,0,0,0,0,0,0,0,0,0,0,0,0,0,0,0
17,0,8,8,0,0,0,0,0,0,0,0,0,0,0,0,0,0,0,0,0,0,0,0,0,0,0,0,0,0,0,0,0,0,0,0,-6059,45424,73097,-44063,76430,94802,1285,54418,-12211,14050,-109615,55985,-85619,90764,-121384,-17855,-44835,-233326,-43752,-29266,45014,73349,-64856,-4443,-109421,86139,-40123,76698,63680,-89148,98805,-70871
18,0,9,9,14602,39271,-17203,-22213,-68056,1200,-65069,5125,-5922,45492,35372,69887,51033,33872,37519,-19743,-8373,-6561,-61096,56079,9203,-26914,-33028,-10180,-22393,-71091,199071,78587,71499,19970,140837,-22695,0,0,0,0,0,0,0,0,0,0,0,0,0,0,0,0,0,0,0,0,0,0,0,0,0,0,0,0,0,0,0,0
19,0,9,9,0,0,0,0,0,0,0,0,0,0,0,0,0,0,0,0,0,0,0,0,0,0,0,0,0,0,0,0,0,0,0,0,3980,-65488,-13993,-39205,-25825,-53006,25665,-83541,-188909,-58848,165238,83300,2578,-53415,-66824,74209,-61095,-97954,102690,-3150,88756,53478,178508,-19537,-93141,-10266,49419,170755,33939,184647,8486,-61044
20,0,10,10,186462,-77013,139094,155715,38496,23176,157953,-45289,-120794,-33604,-176343,-66054,2448,54844,-76018,-99106,51862,-122527,108926,45442,-37455,90176,-120543,5297,110804,-105582,179557,16345,145175,24956,59386,36613,0,0,0,0,0,0,0,0,0,0,0,0,0,0,0,0,0,0,0,0,0,0,0,0,0,0,0,0,0,0,0,0
21,0,10,10,0,0,0,0,0,0,0,0,0,0,0,0,0,0,0,0,0,0,0,0,0,0,0,0,0,0,0,0,0,0,0,0,-35602,-40784,-105806,5766,79787,-80781,48834,71657,26315,10453,-19122,9265,-887,-112252,-4444,87530,106224,143108,-68622,8987,205349,60231,36,46867,-26388,32666,54401,-113020,57352,105743,-26389,38910
22,0,11,11,-7519,-23262,-104370,172450,-12062,35523,-11343,92466,57420,-91045,-10067,124312,-108429,75506,328146,-58329,-87166,-134630,-136854,-147483,-278890,-63168,137763,27140,64558,48317,-44690,-163561,-7736,-1511,4096,-35884,0,0,0,0,0,0,0,0,0,0,0,0,0,0,0,0,0,0,0,0,0,0,0,0,0,0,0,0,0,0,0,0
23,0,11,11,0,0,0,0,0,0,0,0,0,0,0,0,0,0,0,0,0,0,0,0,0,0,0,0,0,0,0,0,0,0,0,0,-39650,8637,-60885,97897,-8177,44748,-72289,134452,-91928,72875,210660,-60834,4158,41201,24976,-27568,14349,-104892,-135681,-77973,-50371,65859,-56860,65520,92600,129521,-51191,-3288,-13477,-93422,-12947,64240
24,0,12,12,-3743,-42010,-122374,-77327,40631,77824,40089,-71052,84278,64597,49587,-34116,6231,-101255,8976,-4765,-102344,-83437,-52023,-41657,-185647,-2846,-86439,-692,9849,4812,5734,51741,158325,-39879,-55028,13807,0,0,0,0,0,0,0,0,0,0,0,0,0,0,0,0,0,0,0,0,0,0,0,0,0,0,0,0,0,0,0,0
25,0,12,12,0,0,0,0,0,0,0,0,0,0,0,0,0,0,0,0,0,0,0,0,0,0,0,0,0,0,0,0,0,0,0,0,-28477,-35889,-90676,13679,48729,74673,91432,-57976,-268467,105785,34407,99718,96741,11801,-248185,-20818,39693,-26240,64258,-83294,-119463,87891,72209,18955,21457,36799,-37531,112303,48426,-138797,-94829,-31608
26,0,13,13,89644,128412,130235,104759,55221,-136640,2922,-20920,-74883,-66067,85885,101272,-15394,101095,-8754,75931,-67240,-115852,-98476,-9698,-146809,76460,-19177,39826,68664,-23865,-84152,-1193,-159005,71587,-118278,5981,0,0,0,0,0,0,0,0,0,0,0,0,0,0,0,0,0,0,0,0,0,0,0,0,0,0,0,0,0,0,0,0
27,0,13,13,0,0,0,0,0,0,0,0,0,0,0,0,0,0,0,0,0,0,0,0,0,0,0,0,0,0,0,0,0,0,0,0,-73546,-1117,-14299,-7956,214393,52228,-101637,31870,-54772,-24118,-25384,-51557,82369,-65754,46729,109716,-65230,44268,-86994,44693,45038,117925,-51247,11791,-76670,-23325,90571,-69810,-43609,-5456,-186826,178665
28,0,14,14,-100941,-156571,4787,128736,-118334,-3425,128152,-74730,-67157,-95141,-40642,212440,-27175,51794,-108669,58003,31760,19759,-34417,-48375,118362,-86327,195543,21841,-68913,39614,-154301,117162,21805,-96200,135425,-160463,0,0,0,0,0,0,0,0,0,0,0,0,0,0,0,0,0,0,0,0,0,0,0,0,0,0,0,0,0,0,0,0
29,0,14,14,0,0,0,0,0,0,0,0,0,0,0,0,0,0,0,0,0,0,0,0,0,0,0,0,0,0,0,0,0,0,0,0,-91029,99167,-70064,-1205,-7559,-91231,50,-146700,-150532,33970,-56737,-11526,-50775,12162,12884,-133281,104814,-27942,-38762,-6097,161995,-93870,118222,182060,31793,-60199,-3817,-98160,-45809,180863,-17287,-93826
30,0,15,15,-100826,148598,-52213,-48293,73677,133529,118986,-29747,-22999,-74645,-38972,-23673,-146986,-100331,29751,-38374,2105,-7443,-25525,-71228,-31117,-172683,16731,-55961,-259904,52814,147,40875,57395,466,48609,-128152,0,0,0,0,0,0,0,0,0,0,0,0,0,0,0,0,0,0,0,0,0,0,0,0,0,0,0,0,0,0,0,0
31,0,15,15,0,0,0,0,0,0,0,0,0,0,0,0,0,0,0,0,0,0,0,0,0,0,0,0,0,0,0,0,0,0,0,0,-16315,-139729,34699,-137396,146645,146882,-93661,-36275,37278,172333,52395,76795,31257,-113802,30153,25515,-35857,-46724,60333,-112101,38713,-71356,79769,38889,-8221,-13829,42168,14132,-36687,-133482,50607,-163361
32,0,16,16,141070,97983,44084,-38071,13055,-216237,-162206,-98850,-138112,12190,49675,-54765,-8209,77349,76820,81110,100920,-57918,-69560,-175017,-103726,61685,-85550,169590,75180,49050,-84263,3846,5651,49975,-104941,113855,0,0,0,0,0,0,0,0,0,0,0,0,0,0,0,0,0,0,0,0,0,0,0,0,0,0,0,0,0,0,0,0
33,0,16,16,0,0,0,0,0,0,0,0,0,0,0,0,0,0,0,0,0,0,0,0,0,0,0,0,0,0,0,0,0,0,0,0,-138634,35717,13697,55872,-10048,-84358,-18804,126375,-42233,129154,-27158,48576,-41005,-97488,21698,53821,79388,-15988,53169,-1710,-110457,-129937,6575,144773,-119609,16916,51970,47108,-18860,92450,-115385,60186
34,0,17,17,41396,91145,-11696,31596,-57378,270542,76581,-29019,-18717,-114339,47413,44075,99679,127850,36603,60802,111160,13435,-19289,22799,-19766,-17434,-105957,93369,51723,18746,-143306,-33826,73867,159844,-132267,64588,0,0,0,0,0,0,0,0,0,0,0,0,0,0,0,0,0,0,0,0,0,0,0,0,0,0,0,0,0,0,0,0
35,0,17,17,0,0,0,0,0,0,0,0,0,0,0,0,0,0,0,0,0,0,0,0,0,0,0,0,0,0,0,0,0,0,0,0,18983,80165,-5838,482,64147,-41139,87606,13029,-47528,-95777,31729,-37591,103664,-72159,-4851,-40841,7046,168740,25729,21146,128234,124878,124800,-211514,159633,-17747,100836,-67520,-52466,-58377,54338,120011
36,0,18,18,-70121,-154126,264425,-94082,-44965,35446,77405,13945,42782,11023,-83229,149127,-97925,-138214,-108625,129712,69076,-64572,-8638,-20717,117176,-79053,-50398,-168644,-39819,-28362,-126570,-18787,-49781,-70367,-122238,26216,0,0,0,0,0,0,0,0,0,0,0,0,0,0,0,0,0,0,0,0,0,0,0,0,0,0,0,0,0,0,0,0
37,0,18,18,0,0,0,0,0,0,0,0,0,0,0,0,0,0,0,0,0,0,0,0,0,0,0,0,0,0,0,0,0,0,0,0,-52158,132914,19706,104981,73652,-3293,-50106,111835,28262,146858,13792,48135,-87779,-76039,150848,-78918,-30274,-132411,-2279,103126,-231622,-42315,-10664,-40888,-18889,28548,3927,28326,-92843,-86422,-32939,87818
38,0,19,19,53240,-142588,44940,-58971,-20565,3117,81052,72845,-92913,43707,-476,36685,-72888,84051,19725,51779,-64505,-45236,-13958,31547,16641,-84489,-234040,2176,76590,-37396,145128,157858,-56000,133605,94977,-19081,0,0,0,0,0,0,0,0,0,0,0,0,0,0,0,0,0,0,0,0,0,0,0,0,0,0,0,0,0,0,0,0
39,0,19,19,0,0,0,0,0,0,0,0,0,0,0,0,0,0,0,0,0,0,0,0,0,0,0,0,0,0,0,0,0,0,0,0,109660,-56485,-56811,-111447,-32894,-48398,79119,88050,-7638,258491,57497,196263,-16266,-87485,-8848,-54873,110303,-56864,-12486,-22170,-114624,-125775,-6058,-118381,-53862,-39171,-29201,261877,-145933,100777,52624,-66306
40,0,20,20,-39362,98709,90253,153211,19154,128576,-3689,-228774,-128138,15225,-146248,131902,-96213,-69180,89361,23202,-20789,29019,-14683,33190,188459,-58625,79943,-207687,-18855,86615,-40995,-42975,-43893,2200,93475,75893,0,0,0,0,0,0,0,0,0,0,0,0,0,0,0,0,0,0,0,0,0,0,0,0,0,0,0,0,0,0,0,0
41,0,20,20,0,0,0,0,0,0,0,0,0,0,0,0,0,0,0,0,0,0,0,0,0,0,0,0,0,0,0,0,0,0,0,0,-47702,46543,-52174,-74064,49948,49177,29747,-32544,53395,47445,-75379,15250,41062,-77416,33406,-58391,-174561,-34216,25178,35764,-50415,107035,-29554,-92733,147619,18744,23266,12494,105945,-87970,70175,-74210
42,0,21,21,22823,-72705,-855,-35420,94539,-43504,-21571,95713,12264,31032,35621,30003,-54749,136781,125570,72151,15754,-123407,100481,40141,50531,158485,-125287,-127521,-1897,-40764,70775,-107281,12129,-90143,-120939,-46344,0,0,0,0,0,0,0,0,0,0,0,0,0,0,0,0,0,0,0,0,0,0,0,0,0,0,0,0,0,0,0,0
43,0,21,21,0,0,0,0,0,0,0,0,0,0,0,0,0,0,0,0,0,0,0,0,0,0,0,0,0,0,0,0,0,0,0,0,56821,105736,139148,-19619,54365,12627,64098,169628,43354,-58870,156274,52451,-47962,-19236,-57248,-57855,-94376,62044,-8839,38089,55999,-15918,-114733,-73815,-66793,12788,-2751,41465,1938,65440,-48343,163806
44,0,22,22,-29032,57516,-34616,9776,92716,-123393,100346,-18367,-35859,-181539,-7953,-36657,-40041,139183,-2304,-118196,54704,84380,72801,-32540,-97251,-55880,24482,-56421,165206,12316,27615,-38538,-41276,171455,-51244,20000,0,0,0,0,0,0,0,0,0,0,0,0,0,0,0,0,0,0,0,0,0,0,0,0,0,0,0,0,0,0,0,0
45,0,22,22,0,0,0,0,0,0,0,0,0,0,0,0,0,0,0,0,0,0,0,0,0,0,0,0,0,0,0,0,0,0,0,0,-44454,81960,-6275,-104311,15365,-6448,-95736,94028,-89038,11550,51921,-118839,-100215,12534,-160874,23484,-27481,119971,-52723,-23578,54817,-19853,-105273,71429,-51221,113675,-71801,-144188,76063,63356,-67495,-105504
46,0,23,23,68817,-48721,14960,130119,66217,-105940,-82258,67795,62871,-109298,-55838,27415,35692,31509,-749,159007,44466,-30296,35486,40206,-51084,-13557,-145999,-40293,6390,22700,46356,-96581,-44980,51872,-187515,119246,0,0,0,0,0,0,0,0,0,0,0,0,0,0,0,0,0,0,0,0,0,0,0,0,0,0,0,0,0,0,0,0
47,0,23,23,0,0,0,0,0,0,0,0,0,0,0,0,0,0,0,0,0,0,0,0,0,0,0,0,0,0,0,0,0,0,0,0,138005,14960,69661,-15299,37315,104880,59258,66722,67909,-9799,-12739,-167156,11083,-31094,43799,60845,-87939,153348,2453,15643,164994,-4961,-26908,21082,13227,-102420,-76595,-21043,-54128,94683,-56065,34584
48,0,24,24,-14085,90917,-109334,-46619,-92105,-1415,-25645,46707,-123578,87173,-16610,-121034,120092,-35195,-32915,85468,5123,175829,20196,18418,-103351,-23190,171640,34093,79689,-206478,27855,-31036,-153555,-36416,-154786,20380,0,0,0,0,0,0,0,0,0,0,0,0,0,0,0,0,0,0,0,0,0,0,0,0,0,0,0,0,0,0,0,0
49,0,24,24,0,0,0,0,0,0,0,0,0,0,0,0,0,0,0,0,0,0,0,0,0,0,0,0,0,0,0,0,0,0,0,0,-133912,47880,-101279,-114212,-18915,-109464,62454,155583,47125,-83278,-82485,66488,-101961,158214,-45085,32380,87232,35363,84479,95775,-24677,861,92165,-163444,-3314,114083,-80145,-64246,36113,-65212,39719,58888
50,0,25,25,100140,-14265,-90892,-97367,-131038,51669,-31950,13732,-48548,80205,58966,-167844,14485,-94825,47265,53974,85529,33933,-63603,170504,-75899,-91320,73618,81999,35565,-69626,-36154,-223224,-54877,-68478,-17720,42852,0,0,0,0,0,0,0,0,0,0,0,0,0,0,0,0,0,0,0,0,0,0,0,0,0,0,0,0,0,0,0,0
51,0,25,25,0,0,0,0,0,0,0,0,0,0,0,0,0,0,0,0,0,0,0,0,0,0,0,0,0,0,0,0,0,0,0,0,24850,-77555,86220,-61593,-42725,20068,156712,-38862,19312,38177,-22642,-141426,48245,27876,1167,-170060,140266,-17826,11414,42658,-17468,54933,52644,25230,4626,224930,-68588,136982,-13282,-131853,67680,4178
52,0,26,26,-81499,12759,-178134,-7529,74226,-73133,-68391,-9988,132510,30437,-53490,33909,89357,53694,-43763,-116618,-104103,161120,-32940,-46852,-42043,50442,98101,-62427,-69970,147922,64494,-80332,146907,-2250,-147398,26781,0,0,0,0,0,0,0,0,0,0,0,0,0,0,0,0,0,0,0,0,0,0,0,0,0,0,0,0,0,0,0,0
53,0,26,26,0,0,0,0,0,0,0,0,0,0,0,0,0,0,0,0,0,0,0,0,0,0,0,0,0,0,0,0,0,0,0,0,92493,-47092,97271,-82087,44353,25285,107090,152895,30365,-126672,-31001,-60289,-69591,-658,-77207,-27503,51399,-24572,38512,-108909,62557,147985,6807,-32428,-145539,37971,130822,-184041,55513,49449,-129572,-14547
54,0,27,27,23793,-48013,-104524,68186,-15976,-30310,-106304,65446,160146,-26821,119389,1847,63099,75378,-94168,-38009,77167,-27666,50786,95779,76815,-142622,7186,-60879,-111415,993,-118779,97862,-139374,-9566,46117,-35303,0,0,0,0,0,0,0,0,0,0,0,0,0,0,0,0,0,0,0,0,0,0,0,0,0,0,0,0,0,0,0,0
55,0,27,27,0,0,0,0,0,0,0,0,0,0,0,0,0,0,0,0,0,0,0,0,0,0,0,0,0,0,0,0,0,0,0,0,-153279,53670,192816,21316,-212652,-57839,38193,42166,-124005,16741,-161331,-66312,-25768,-89171,44924,-189250,-2608,4202,-27814,52678,21207,-26140,-147363,-119851,53934,124331,127238,-96166,-65870,27498,-81464,94589
56,0,28,28,51654,127692,55864,116919,-33381,70534,250,75953,24642,-4546,244298,-283650,-54726,-30312,101839,53801,143445,216573,9944,95527,-90676,186602,21641,56211,-11528,-60827,29014,-66295,3752,76043,-13023,-69922,0,0,0,0,0,0,0,0,0,0,0,0,0,0,0,0,0,0,0,0,0,0,0,0,0,0,0,0,0,0,0,0
57,0,28,28,0,0,0,0,0,0,0,0,0,0,0,0,0,0,0,0,0,0,0,0,0,0,0,0,0,0,0,0,0,0,0,0,-32170,-36067,73860,484,-62406,25318,30748,-84360,96097,138720,1826,-22156,-4594,-91828,13543,-164873,-32708,44985,-90111,-36129,-68317,47918,-47163,17331,35543,-74543,43810,29052,-135844,-84100,9784,7795
58,0,29,29,20472,-37285,33901,11682,73781,-15755,8209,95583,93425,-10288,19593,-68064,-41753,-61892,-109334,7682,-29999,-215511,3828,45517,-45686,38907,42504,-112433,17555,-7571,-13497,-111556,-22927,-167256,-95,42933,0,0,0,0,0,0,0,0,0,0,0,0,0,0,0,0,0,0,0,0,0,0,0,0,0,0,0,0,0,0,0,0
59,0,29,29,0,0,0,0,0,0,0,0,0,0,0,0,0,0,0,0,0,0,0,0,0,0,0,0,0,0,0,0,0,0,0,0,-143946,-95571,58949,-201919,70034,-97481,-228108,-77737,-136386,-177570,-13571,-90163,53308,-44745,-99854,2609,53701,-13687,-136463,83389,-23349,120467,-56444,8304,-131344,12130,27239,71711,15823,-33719,-27946,-57584
60,0,30,30,-84414,-113085,14901,194,174083,107201,19674,90282,-221648,-98217,112174,-57350,-21261,-159405,-39832,208487,-14724,19601,50809,170491,-39280,158666,-52708,-109267,53423,18746,-43986,-48018,-5883,27103,-113962,-66945,0,0,0,0,0,0,0,0,0,0,0,0,0,0,0,0,0,0,0,0,0,0,0,0,0,0,0,0,0,0,0,0
61,0,30,30,0,0,0,0,0,0,0,0,0,0,0,0,0,0,0,0,0,0,0,0,0,0,0,0,0,0,0,0,0,0,0,0,204480,-62915,227449,-30332,49222,71187,23544,57924,-23565,11587,37121,89192,30059,93892,-42071,-105453,40025,-52630,61444,32275,89819,-97464,88843,-94234,12449,-28484,40110,-106880,-135306,94394,-24635,-26506
62,0,31,31,110743,58632,44004,19475,193058,35081,-51851,-127171,89536,209420,-21360,-163933,63556,-49942,2273,-65403,-88347,798,56728,127969,-218119,24700,134218,-38254,-155565,-176324,-42749,114178,81448,131551,-95853,145026,0,0,0,0,0,0,0,0,0,0,0,0,0,0,0,0,0,0,0,0,0,0,0,0,0,0,0,0,0,0,0,0
63,0,31,31,0,0,0,0,0,0,0,0,0,0,0,0,0,0,0,0,0,0,0,0,0,0,0,0,0,0,0,0,0,0,0,0,-10231,-13514,-52346,10729,-59692,47063,-52742,-37787,6913,43465,18821,137626,69768,124564,-99235,9392,150977,-31735,56458,-115394,-49132,9349,-52555,-56028,45827,48765,19915,108754,-28081,-22242,56617,-90474
64,0,32,32,-75589,-64240,-50909,180541,97585,-31892,173983,128803,27473,15876,-179395,-85458,46006,-69606,-53018,4010,-10562,-141903,35609,-145975,-214814,-15881,-103100,34178,-47344,-42250,-57347,122013,87978,50627,37423,-34961,0,0,0,0,0,0,0,0,0,0,0,0,0,0,0,0,0,0,0,0,0,0,0,0,0,0,0,0,0,0,0,0
65,0,32,32,0,0,0,0,0,0,0,0,0,0,0,0,0,0,0,0,0,0,0,0,0,0,0,0,0,0,0,0,0,0,0,0,29879,-181468,6871,-30392,-105013,-76620,-52019,-16332,-5392,35067,2971,-94335,-147626,25587,-70588,-65840,-14734,27271,-208901,143042,67584,-65473,-142569,27859,17104,45553,11141,28869,20672,161618,78254,25422
66,0,33,33,32773,27458,22951,-55175,30882,-15407,5577,-160404,52315,-57421,22263,-89810,-136987,-61791,-190893,-67379,23968,173750,-9370,-3017,-116610,-85388,81062,46181,-64933,52656,-50860,74673,51122,53924,-130402,58616,0,0,0,0,0,0,0,0,0,0,0,0,0,0,0,0,0,0,0,0,0,0,0,0,0,0,0,0,0,0,0,0
67,0,33,33,0,0,0,0,0,0,0,0,0,0,0,0,0,0,0,0,0,0,0,0,0,0,0,0,0,0,0,0,0,0,0,0,59472,99884,-72404,59671,93945,-50049,166453,152701,53746,-77220,-17094,-25327,-11324,9102,-160445,43848,5297,-70971,-14059,-156463,7830,16615,30986,33714,107108,6273,51909,-21148,31542,-11347,19708,26121
68,0,34,34,-39025,-16971,54774,87012,26455,93448,97184,-97494,77370,24762,-79671,-43116,88839,15475,40642,66757,83551,5424,45768,48500,14045,81409,-65066,-60509,-72411,-197513,52560,-86510,-30543,69593,91803,-125446,0,0,0,0,0,0,0,0,0,0,0,0,0,0,0,0,0,0,0,0,0,0,0,0,0,0,0,0,0,0,0,0
69,0,34,34,0,0,0,0,0,0,0,0,0,0,0,0,0,0,0,0,0,0,0,0,0,0,0,0,0,0,0,0,0,0,0,0,-34499,79139,29051,-71017,114377,-209684,-152061,-72256,-179530,-101946,-49980,-218442,-50839,30213,12288,71339,29278,91910,-133551,-31746,-40302,-22582,-39,-138048,90413,-14251,-25135,62226,-93017,-16885,115012,4126
70,0,35,35,105712,2517,74188,31850,-86471,-92198,-20208,-94906,-114928,25563,-19662,58717,-39992,21662,-125067,-51468,17707,-53606,-39471,118258,56701,-51790,-45459,-24127,32212,-16150,-10010,19604,30528,-124514,-111677,63081,0,0,0,0,0,0,0,0,0,0,0,0,0,0,0,0,0,0,0,0,0,0,0,0,0,0,0,0,0,0,0,0
71,0,35,35,0,0,0,0,0,0,0,0,0,0,0,0,0,0,0,0,0,0,0,0,0,0,0,0,0,0,0,0,0,0,0,0,-50771,37088,63735,-241,71112,22839,-160375,73253,188784,-8779,21113,72050,87978,-130962,26071,-110201,76282,-15076,78337,38734,-129082,-85554,8712,102022,42848,-122338,43516,40521,-36513,129586,31661,-40473
72,0,36,36,26052,-111667,218588,-100273,-25096,-44566,108384,-129884,-14720,20859,-113705,43914,-74139,17002,4612,174002,-157941,13515,-20510,-92465,-93497,14438,11311,80530,61083,615,148664,-231385,-16594,-50469,-61847,-34207,0,0,0,0,0,0,0,0,0,0,0,0,0,0,0,0,0,0,0,0,0,0,0,0,0,0,0,0,0,0,0,0
73,0,36,36,0,0,0,0,0,0,0,0,0,0,0,0,0,0,0,0,0,0,0,0,0,0,0,0,0,0,0,0,0,0,0,0,153134,-22865,-219814,20436,69739,70651,-67574,89562,-43833,85034,-83647,-58654,-55338,13107,133152,-108360,-3847,-91220,-26002,-41480,149147,78741,-92362,79896,119693,23569,45539,28722,17519,-203797,-3522,55338
74,0,37,37,32417,-31332,-84682,-34916,77449,-30812,141121,-23388,60703,1755,-62937,10200,3697,199675,-84480,137771,115926,37047,98946,91296,-50822,91376,-96701,-58913,39499,110224,120587,-61858,-80759,18672,-103942,41027,0,0,0,0,0,0,0,0,0,0,0,0,0,0,0,0,0,0,0,0,0,0,0,0,0,0,0,0,0,0,0,0
75,0,37,37,0,0,0,0,0,0,0,0,0,0,0,0,0,0,0,0,0,0,0,0,0,0,0,0,0,0,0,0,0,0,0,0,58069,-48947,-101498,31708,-46934,-10582,80197,17754,-13907,84048,223999,46957,100707,-9982,-184194,116816,48168,23515,-108840,-88384,37268,-94097,90371,-25689,-68668,-80421,60978,45252,-69839,-31732,-45217,-92745
76,0,38,38,-30311,14397,78228,88126,-140844,-142099,34435,-165765,-35963,-61165,-153086,-69823,-3104,92921,42031,-135719,196162,-44570,119955,86043,-22780,64483,202482,71132,-261892,-199028,8007,10362,97982,675,43424,20692,0,0,0,0,0,0,0,0,0,0,0,0,0,0,0,0,0,0,0,0,0,0,0,0,0,0,0,0,0,0,0,0
77,0,38,38,0,0,0,0,0,0,0,0,0,0,0,0,0,0,0,0,0,0,0,0,0,0,0,0,0,0,0,0,0,0,0,0,-48492,33279,-7874,1902,-61963,68977,-105251,64879,41814,88542,30211,-4465,-205637,-33949,131225,-108154,-63703,-5605,-67279,-108643,85948,-21517,46202,-140957,66892,-53958,49138,-76387,49129,59934,134637,31756
78,0,39,39,-24919,-83672,-24339,-34890,-35954,-104892,2259,74912,86432,-131076,-7198,21918,76803,46718,-87584,-22403,24725,575,-91002,182805,60687,-63100,75314,48256,-80303,-76002,-105548,51458,-114093,111964,64154,91076,0,0,0,0,0,0,0,0,0,0,0,0,0,0,0,0,0,0,0,0,0,0,0,0,0,0,0,0,0,0,0,0
79,0,39,39,0,0,0,0,0,0,0,0,0,0,0,0,0,0,0,0,0,0,0,0,0,0,0,0,0,0,0,0,0,0,0,0,141204,-48492,-16428,150327,80214,8267,119455,66523,56598,66598,68995,7421,-29744,-79551,77082,15082,-129547,-65487,-55524,-102317,-79398,-42918,74772,171493,-3596,550,5394,-116927,114269,-76067,94960,-64416
80,0,40,40,168937,14649,70904,-81083,84275,-69497,-13803,32565,12252,-65560,49117,101464,-121306,88264,-70437,53538,208774,81220,124655,68221,93177,150703,69293,-95593,-53373,-158003,26541,-2488,56825,13525,-43629,84908,0,0,0,0,0,0,0,0,0,0,0,0,0,0,0,0,0,0,0,0,0,0,0,0,0,0,0,0,0,0,0,0
81,0,40,40,0,0,0,0,0,0,0,0,0,0,0,0,0,0,0,0,0,0,0,0,0,0,0,0,0,0,0,0,0,0,0,0,-142229,99130,-32,-105704,-121629,-33299,71197,-12598,-31405,139994,-2817,-45458,-161709,9375,-205456,-28798,-37315,-94717,3854,-35433,61936,75324,-76106,-240303,-152199,121865,-6721,45357,78318,278573,16672,-156326
82,0,41,41,-64934,-83976,-15085,-20535,140357,-142196,-81438,-25359,-20543,19762,-157307,82159,-15715,-36949,10159,40455,-67913,-23850,-50472,49545,70889,-78886,-21974,-15073,-10241,114875,-64952,88364,19993,-37609,-120578,-15198,0,0,0,0,0,0,0,0,0,0,0,0,0,0,0,0,0,0,0,0,0,0,0,0,0,0,0,0,0,0,0,0
83,0,41,41,0,0,0,0,0,0,0,0,0,0,0,0,0,0,0,0,0,0,0,0,0,0,0,0,0,0,0,0,0,0,0,0,78772,30590,35163,-1041,138352,-11458,50313,140500,-23808,197661,15791,-49489,33997,7717,-86132,68036,39495,142654,169238,-68640,-133314,-9205,8338,-2363,-18140,84421,-160095,-29982,-45429,-100611,39735,-24826
84,0,42,42,-180394,21952,27402,-2401,118721,-67300,-58591,39006,66116,-100408,-115393,-148983,-19078,-36320,-34237,-11438,-50897,92162,-10646,-27776,75950,665,3281,31415,57476,112845,-29358,-8971,-165406,36350,32480,-22035,0,0,0,0,0,0,0,0,0,0,0,0,0,0,0,0,0,0,0,0,0,0,0,0,0,0,0,0,0,0,0,0
85,0,42,42,0,0,0,0,0,0,0,0,0,0,0,0,0,0,0,0,0,0,0,0,0,0,0,0,0,0,0,0,0,0,0,0,782,33541,-43327,129970,-65780,35334,4651,-103353,-20068,91605,50241,-35705,61848,-198328,-36526,112863,37890,-66703,81803,26502,-26079,-141553,24127,-28669,10931,-27440,-128588,74907,-52943,-98745,16185,29541
86,0,43,43,-157980,-38979,79990,-42034,40749,73608,158631,-28205,114184,66413,146873,24917,58548,61821,44220,71543,85689,169732,52126,900,-103011,-110315,-3250,90726,-122665,-160326,37337,-91355,49708,-170038,-126223,101241,0,0,0,0,0,0,0,0,0,0,0,0,0,0,0,0,0,0,0,0,0,0,0,0,0,0,0,0,0,0,0,0
87,0,43,43,0,0,0,0,0,0,0,0,0,0,0,0,0,0,0,0,0,0,0,0,0,0,0,0,0,0,0,0,0,0,0,0,5548,-43324,17104,-70600,-119152,-39068,-79976,-82203,-80370,-60779,-64748,-32562,-18037,35431,-49974,-54330,110814,42628,-33113,-52844,-36636,-45117,10810,54752,-97250,-41145,50230,16184,-163537,41204,5397,-37190
88,0,44,44,-100536,119308,-65367,-23149,-8515,-91048,-48017,43890,-638,-154038,129939,80091,-150959,-57342,-25846,135935,-40949,-23363,11440,-5339,91353,-143889,55568,-21268,64681,-50476,-16239,17029,47834,51447,83566,3018,0,0,0,0,0,0,0,0,0,0,0,0,0,0,0,0,0,0,0,0,0,0,0,0,0,0,0,0,0,0,0,0
89,0,44,44,0,0,0,0,0,0,0,0,0,0,0,0,0,0,0,0,0,0,0,0,0,0,0,0,0,0,0,0,0,0,0,0,41203,-128705,10379,-33427,-121079,68339,6599,121443,-122270,-52142,-21749,24490,38605,-92157,106798,115264,-118157,70788,32419,69035,-158501,85197,1210,-68474,63858,59564,94695,-67879,-55516,147441,-145495,-78426
90,0,45,45,16939,137491,-29808,99452,-120627,-73487,-85814,4136,85406,86464,92051,6953,-55767,-31398,43568,18732,39334,16127,-41183,-160602,-79213,171416,-39380,66166,-42020,32874,-31673,16832,-133262,-23279,-143912,53879,0,0,0,0,0,0,0,0,0,0,0,0,0,0,0,0,0,0,0,0,0,0,0,0,0,0,0,0,0,0,0,0
91,0,45,45,0,0,0,0,0,0,0,0,0,0,0,0,0,0,0,0,0,0,0,0,0,0,0,0,0,0,0,0,0,0,0,0,-98024,-143769,123396,80628,-50995,-58557,112010,-13826,-38069,3584,32738,-45196,23183,-22878,46876,73852,40366,-24633,67220,-133488,56550,18484,-18349,55725,-101916,-101153,34796,25591,-96708,41327,85950,-76473
92,0,46,46,-116395,82028,-71447,-118,-83828,123363,84093,-50847,-18578,-22827,89454,166368,113897,14778,20211,-129565,-110195,6416,53184,88996,122869,146525,-10480,-119320,17620,109156,654,-203739,167108,15227,-116798,-42092,0,0,0,0,0,0,0,0,0,0,0,0,0,0,0,0,0,0,0,0,0,0,0,0,0,0,0,0,0,0,0,0
93,0,46,46,0,0,0,0,0,0,0,0,0,0,0,0,0,0,0,0,0,0,0,0,0,0,0,0,0,0,0,0,0,0,0,0,73850,-143349,3488,-110957,31327,47341,130671,33518,67360,-5992,-80075,46536,-93495,36633,57427,18168,-194667,-15276,91941,24402,-15415,107145,-111946,-38190,67546,726,-18955,25656,219779,-63435,115948,58753
94,0,47,47,-9491,115299,-50112,-25397,15126,-9550,85759,1955,199809,-82744,-49412,58553,-100368,72549,-33136,53734,-62110,-112056,53901,10259,38930,-115764,-1842,70570,127976,-19713,-10741,25497,74881,25243,-30189,114243,0,0,0,0,0,0,0,0,0,0,0,0,0,0,0,0,0,0,0,0,0,0,0,0,0,0,0,0,0,0,0,0
95,0,47,47,0,0,0,0,0,0,0,0,0,0,0,0,0,0,0,0,0,0,0,0,0,0,0,0,0,0,0,0,0,0,0,0,-72274,-16680,54599,-74005,6030,29684,15267,36686,11807,-90800,72749,85303,50984,108887,-182402,-74197,90347,-109693,144840,83674,-33466,-83205,-69073,4886,94213,99713,-33978,74196,165702,-57697,-14107,25155
96,0,48,48,89646,52010,-73713,-32306,-123714,-30126,24567,92903,-5581,172788,72233,30094,-38831,174000,19223,-73687,16313,-85145,46900,-5402,-22949,82947,3325,38407,-31776,-43760,-68472,33869,-30835,-127696,66131,-77328,0,0,0,0,0,0,0,0,0,0,0,0,0,0,0,0,0,0,0,0,0,0,0,0,0,0,0,0,0,0,0,0
97,0,48,48,0,0,0,0,0,0,0,0,0,0,0,0,0,0,0,0,0,0,0,0,0,0,0,0,0,0,0,0,0,0,0,0,179429,40019,21887,-90518,-65129,-95983,-101880,-15503,-52419,137903,18470,114175,-64526,-41276,24795,37751,26390,-52268,-4149,-11552,-45933,39477,71947,14393,-198559,-212783,115094,91975,63359,-97139,-32650,-197737
98,0,49,49,65528,-4229,33076,-79849,-68200,66554,75932,-58889,-105220,-64089,37900,-28291,74751,102762,-77830,-69736,-398,-16899,-107982,-1348,-48002,-140185,43527,-25083,8809,-66867,84225,-34468,66015,-31765,60908,82327,0,0,0,0,0,0,0,0,0,0,0,0,0,0,0,0,0,0,0,0,0,0,0,0,0,0,0,0,0,0,0,0
99,0,49,49,0,0,0,0,0,0,0,0,0,0,0,0,0,0,0,0,0,0,0,0,0,0,0,0,0,0,0,0,0,0,0,0,159148,-35175,-90103,-46809,119002,-17945,30238,-32821,30779,85850,-86321,88345,104929,-1960,55199,-129507,183171,-117093,-24292,-148581,-152000,-93764,40889,-90461,101295,22559,-20873,106710,-119922,66863,-17862,3618
100,0,50,50,-12822,39648,-72914,-99313,119113,-14067,110255,111796,-26699,-128865,137270,56298,49470,9502,129413,693,-60270,-74485,33390,-197107,-136737,57486,-122956,31898,103186,125095,-51409,-55201,-41983,14696,-87202,97089,0,0,0,0,0,0,0,0,0,0,0,0,0,0,0,0,0,0,0,0,0,0,0,0,0,0,0,0,0,0,0,0
101,0,50,50,0,0,0,0,0,0,0,0,0,0,0,0,0,0,0,0,0,0,0,0,0,0,0,0,0,0,0,0,0,0,0,0,53950,245,13126,107100,75513,47836,18526,-40789,11225,73837,-70456,92481,28855,-10472,-25925,84612,68209,40756,-16118,127463,-71833,-127316,70119,79957,-114820,49401,-36137,-3203,10344,70307,-38390,-172
102,0,51,51,-42011,39457,103735,-18507,7276,-53060,44508,-35731,-151018,33034,-95353,24719,-49722,-106887,37395,-45372,55420,-41780,52158,-17725,73698,-8403,-13953,9971,-18330,117170,-22438,-129075,141569,109485,59056,-87945,0,0,0,0,0,0,0,0,0,0,0,0,0,0,0,0,0,0,0,0,0,0,0,0,0,0,0,0,0,0,0,0
103,0,51,51,0,0,0,0,0,0,0,0,0,0,0,0,0,0,0,0,0,0,0,0,0,0,0,0,0,0,0,0,0,0,0,0,-103029,-95033,-38139,-92600,-23469,103307,127277,81261,-74895,106967,-57489,-115333,215409,-112938,94198,46475,-24657,-43766,62446,65618,-3733,208076,85972,-144688,-61168,158601,41418,133476,69466,130995,-151086,1581
104,0,52,52,-165633,-265473,-34140,175510,167726,-19127,104296,-65471,-6512,-218880,-65371,42734,-26076,-45559,-73375,-92059,4182,117781,-67826,16427,50684,130113,-55580,-41954,-28818,26910,-20491,-79525,69381,135557,-54280,-150720,0,0,0,0,0,0,0,0,0,0,0,0,0,0,0,0,0,0,0,0,0,0,0,0,0,0,0,0,0,0,0,0
105,0,52,52,0,0,0,0,0,0,0,0,0,0,0,0,0,0,0,0,0,0,0,0,0,0,0,0,0,0,0,0,0,0,0,0,65279,174977,44026,291,132075,118413,-41839,37203,33937,-33131,-65205,69760,-53993,77357,-58329,-13551,-66108,-58573,-11165,-71225,755,-12398,24541,7266,-43894,-179751,-246867,-56940,106418,66988,-97344,-115843
106,0,53,53,-111487,39887,-42570,80911,-118996,41979,96387,-96553,21342,-8237,-68270,31414,65903,26529,9209,-15942,46891,47004,-60833,-74551,84937,-51578,-99719,-7828,-119407,-21493,75675,7280,107573,84182,-82740,-110897,0,0,0,0,0,0,0,0,0,0,0,0,0,0,0,0,0,0,0,0,0,0,0,0,0,0,0,0,0,0,0,0
107,0,53,53,0,0,0,0,0,0,0,0,0,0,0,0,0,0,0,0,0,0,0,0,0,0,0,0,0,0,0,0,0,0,0,0,134710,57807,47866,-98762,-246180,-54192,-14828,54903,-32728,-21939,-39028,-20260,16766,45887,51953,118699,-97566,-42328,-99473,-113154,-46480,55425,-12205,-9757,-58258,-67584,-16555,-54251,-25672,-5651,-79935,-17618
108,0,54,54,-32357,-77455,-103917,29798,-98714,15759,65961,-43297,56285,5012,-62975,-205933,251110,64969,-48270,-43407,-1148,109537,123151,31065,86096,-56580,75981,-15971,-111420,29080,147973,-40690,142395,-26661,48601,-141063,0,0,0,0,0,0,0,0,0,0,0,0,0,0,0,0,0,0,0,0,0,0,0,0,0,0,0,0,0,0,0,0
109,0,54,54,0,0,0,0,0,0,0,0,0,0,0,0,0,0,0,0,0,0,0,0,0,0,0,0,0,0,0,0,0,0,0,0,-72696,6125,-24488,-87753,-161524,-177936,-42693,-34819,-136864,11806,-91783,-30079,-52394,54449,-34196,-54790,47361,158452,-163588,-166019,76016,180535,195002,-35463,27164,60415,-75748,-116082,-64371,-13979,7506,-42302
110,0,55,55,-38650,100754,103129,152948,2098,92325,-100614,21390,102785,120933,21348,14980,-2728,12995,-82667,-48988,12883,29696,66196,-136425,181352,92838,-82270,-49074,84426,164022,-43829,-94733,-134502,132756,-104544,-87165,0,0,0,0,0,0,0,0,0,0,0,0,0,0,0,0,0,0,0,0,0,0,0,0,0,0,0,0,0,0,0,0
111,0,55,55,0,0,0,0,0,0,0,0,0,0,0,0,0,0,0,0,0,0,0,0,0,0,0,0,0,0,0,0,0,0,0,0,-137871,6189,45390,212734,65923,8719,40786,60506,197500,-78520,8248,72654,50188,-162753,20388,-36016,-36497,-24704,167563,25516,91163,-130470,-87214,164532,29877,36636,21955,-99043,58072,139377,-29012,-22701
112,0,56,56,-29720,-2241,79884,-26093,169385,66076,-38732,211013,3196,-67036,69010,-117193,-122833,47194,-95472,-42304,48786,3080,-33456,118168,-44129,-53882,-46317,3681,-1327,35399,-11184,36536,269278,88450,-85346,-113387,0,0,0,0,0,0,0,0,0,0,0,0,0,0,0,0,0,0,0,0,0,0,0,0,0,0,0,0,0,0,0,0
113,0,56,56,0,0,0,0,0,0,0,0,0,0,0,0,0,0,0,0,0,0,0,0,0,0,0,0,0,0,0,0,0,0,0,0,-35089,-149820,229243,-40159,-78622,63060,200054,50324,41248,49122,-17150,21251,-42024,-165758,-102585,-85304,95503,-144832,-61240,-67094,-61772,-37162,-172704,-127551,-38992,-32409,93797,185780,14287,-96700,27828,116257
114,0,57,57,84726,-160688,-13931,-48602,27164,96508,48096,102642,44106,-29857,60631,-21954,-106387,-47765,45951,-10344,-77807,-155282,-21728,54841,9920,-21893,-173562,49057,29992,-140495,-31834,-22069,-74916,-34407,-57538,-87448,0,0,0,0,0,0,0,0,0,0,0,0,0,0,0,0,0,0,0,0,0,0,0,0,0,0,0,0,0,0,0,0
115,0,57,57,0,0,0,0,0,0,0,0,0,0,0,0,0,0,0,0,0,0,0,0,0,0,0,0,0,0,0,0,0,0,0,0,-18070,48011,77124,69275,-33365,128535,-118382,8004,-62855,149822,-612,-78784,17746,16873,-48683,-1205,-5294,6544,-55859,-38524,-32423,92093,-30061,-39626,-64521,37128,-28471,41631,-87291,-29000,-50346,1790
116,0,58,58,139425,-140203,76809,60387,-56974,19011,33544,-58566,-4077,-13081,13611,-13313,-53048,-18413,-32665,-14550,61627,8510,-111489,130938,-62380,27365,-30078,131464,34429,68890,-171371,-52684,184257,63083,-70010,-20088,0,0,0,0,0,0,0,0,0,0,0,0,0,0,0,0,0,0,0,0,0,0,0,0,0,0,0,0,0,0,0,0
117,0,58,58,0,0,0,0,0,0,0,0,0,0,0,0,0,0,0,0,0,0,0,0,0,0,0,0,0,0,0,0,0,0,0,0,118771,97595,114084,6595,27937,14155,119891,-84528,-109535,229893,-111212,-81759,-5396,-32704,-71604,-151673,108607,-129003,-93000,-7222,96242,89169,153632,116695,3792,22927,36727,74968,-34177,5526,-26582,-17658
118,0,59,59,-160474,-41807,-60103,-14478,43525,32532,-27851,41387,42517,-10818,-70882,13517,-83406,-22153,-229012,-58564,59757,180745,-10520,192724,9434,-22105,163439,12575,-42417,62803,-107040,-68773,53809,-2083,109863,-63444,0,0,0,0,0,0,0,0,0,0,0,0,0,0,0,0,0,0,0,0,0,0,0,0,0,0,0,0,0,0,0,0
119,0,59,59,0,0,0,0,0,0,0,0,0,0,0,0,0,0,0,0,0,0,0,0,0,0,0,0,0,0,0,0,0,0,0,0,29883,102758,-110817,-70308,4906,56506,81347,88004,-14902,105005,-16049,175490,41528,21584,-2328,-141662,50640,-47695,-13392,-208589,-43222,84742,29818,52201,7355,50986,47830,45087,-91388,69729,104687,-125426
120,0,60,60,28663,39138,-130277,-24386,-40922,-2127,-10037,75865,-27759,108706,6968,40247,1840,94296,61512,-9694,45742,-21163,16670,51506,-62117,-225280,-214290,53022,44210,-62631,11072,-26604,-83687,-16019,91642,-32513,0,0,0,0,0,0,0,0,0,0,0,0,0,0,0,0,0,0,0,0,0,0,0,0,0,0,0,0,0,0,0,0
121,0,60,60,0,0,0,0,0,0,0,0,0,0,0,0,0,0,0,0,0,0,0,0,0,0,0,0,0,0,0,0,0,0,0,0,-35173,-43595,-92329,23749,-6690,45766,240,-16831,-102546,-51494,-88185,-104601,70339,2702,-81669,11114,-27698,-19480,-55372,-13445,-1299,151500,173211,-103425,21315,78682,7640,-13072,-28071,38694,-142772,-73917
122,0,61,61,54585,58414,-28512,-2085,-78648,-23705,94225,71395,4181,64528,-5554,-45446,131863,23044,-60478,-197244,-165978,-71966,-122803,-13683,-72303,-79383,112825,-97596,99846,68308,-77899,69709,68336,-68782,-61123,58516,0,0,0,0,0,0,0,0,0,0,0,0,0,0,0,0,0,0,0,0,0,0,0,0,0,0,0,0,0,0,0,0
123,0,61,61,0,0,0,0,0,0,0,0,0,0,0,0,0,0,0,0,0,0,0,0,0,0,0,0,0,0,0,0,0,0,0,0,-12971,45964,-380,103460,1369,-40460,-53721,190894,-53617,-41205,33375,-73763,-21145,-71972,80234,39374,-21328,-6812,-392,-213803,-68722,-119407,49662,98366,-18865,-129527,52032,-95693,-148926,72485,64653,-60266
124,0,62,62,-6941,113526,44174,92207,-28887,-55261,-57582,25155,-30165,87377,-18134,43714,-240266,-80846,53714,-79636,-125633,-199086,1506,-169848,89175,-80339,-37515,38724,34394,56823,120829,-70486,-501,-59660,77481,-74686,0,0,0,0,0,0,0,0,0,0,0,0,0,0,0,0,0,0,0,0,0,0,0,0,0,0,0,0,0,0,0,0
125,0,62,62,0,0,0,0,0,0,0,0,0,0,0,0,0,0,0,0,0,0,0,0,0,0,0,0,0,0,0,0,0,0,0,0,19694,-232274,51438,-55188,-113879,111391,89337,-4071,-26501,174290,58078,112819,-136207,337,-21749,99596,66711,41879,67292,46591,-44521,-36665,31092,-17783,185,53084,-33851,113135,78092,-148807,20433,35955
126,0,63,63,-135268,-109818,78474,-59814,-86991,166261,135931,-4520,-62493,-3584,19492,76834,50753,107658,-10624,102773,218768,-15352,67842,22755,76576,68565,16407,-66674,-40639,-140161,11510,78265,-27372,45641,-90791,25374,0,0,0,0,0,0,0,0,0,0,0,0,0,0,0,0,0,0,0,0,0,0,0,0,0,0,0,0,0,0,0,0
127,0,63,63,0,0,0,0,0,0,0,0,0,0,0,0,0,0,0,0,0,0,0,0,0,0,0,0,0,0,0,0,0,0,0,0,-63323,-131478,105835,-120098,-66955,42675,56526,-86346,-97670,135967,27640,-11949,72427,50857,9010,35223,-99290,-85729,57716,16035,-20446,-124248,8234,-97353,-210130,-37936,-110178,-21013,4071,34263,1698,-19938
128,0,64,64,0,0,0,0,0,0,0,0,0,0,0,0,0,0,0,0,0,0,0,0,0,0,0,0,0,0,0,0,0,0,0,0,0,0,0,0,0,0,0,0,0,0,0,0,0,0,0,0,0,0,0,0,0,0,0,0,0,0,0,0,0,0,0,0
129,0,64,64,0,0,0,0,0,0,0,0,0,0,0,0,0,0,0,0,0,0,0,0,0,0,0,0,0,0,0,0,0,0,0,0,0,0,0,0,0,0,0,0,0,0,0,0,0,0,0,0,0,0,0,0,0,0,0,0,0,0,0,0,0,0,0,0
130,0,65,65,0,0,0,0,0,0,0,0,0,0,0,0,0,0,0,0,0,0,0,0,0,0,0,0,0,0,0,0,0,0,0,0,0,0,0,0,0,0,0,0,0,0,0,0,0,0,0,0,0,0,0,0,0,0,0,0,0,0,0,0,0,0,0,0
131,0,65,65,0,0,0,0,0,0,0,0,0,0,0,0,0,0,0,0,0,0,0,0,0,0,0,0,0,0,0,0,0,0,0,0,0,0,0,0,0,0,0,0,0,0,0,0,0,0,0,0,0,0,0,0,0,0,0,0,0,0,0,0,0,0,0,0
132,0,66,66,0,0,0,0,0,0,0,0,0,0,0,0,0,0,0,0,0,0,0,0,0,0,0,0,0,0,0,0,0,0,0,0,0,0,0,0,0,0,0,0,0,0,0,0,0,0,0,0,0,0,0,0,0,0,0,0,0,0,0,0,0,0,0,0
133,0,66,66,0,0,0,0,0,0,0,0,0,0,0,0,0,0,0,0,0,0,0,0,0,0,0,0,0,0,0,0,0,0,0,0,0,0,0,0,0,0,0,0,0,0,0,0,0,0,0,0,0,0,0,0,0,0,0,0,0,0,0,0,0,0,0,0
134,0,67,67,0,0,0,0,0,0,0,0,0,0,0,0,0,0,0,0,0,0,0,0,0,0,0,0,0,0,0,0,0,0,0,0,0,0,0,0,0,0,0,0,0,0,0,0,0,0,0,0,0,0,0,0,0,0,0,0,0,0,0,0,0,0,0,0
135,0,67,67,0,0,0,0,0,0,0,0,0,0,0,0,0,0,0,0,0,0,0,0,0,0,0,0,0,0,0,0,0,0,0,0,0,0,0,0,0,0,0,0,0,0,0,0,0,0,0,0,0,0,0,0,0,0,0,0,0,0,0,0,0,0,0,0
136,0,68,68,0,0,0,0,0,0,0,0,0,0,0,0,0,0,0,0,0,0,0,0,0,0,0,0,0,0,0,0,0,0,0,0,0,0,0,0,0,0,0,0,0,0,0,0,0,0,0,0,0,0,0,0,0,0,0,0,0,0,0,0,0,0,0,0
137,0,68,68,0,0,0,0,0,0,0,0,0,0,0,0,0,0,0,0,0,0,0,0,0,0,0,0,0,0,0,0,0,0,0,0,0,0,0,0,0,0,0,0,0,0,0,0,0,0,0,0,0,0,0,0,0,0,0,0,0,0,0,0,0,0,0,0
138,0,69,69,0,0,0,0,0,0,0,0,0,0,0,0,0,0,0,0,0,0,0,0,0,0,0,0,0,0,0,0,0,0,0,0,0,0,0,0,0,0,0,0,0,0,0,0,0,0,0,0,0,0,0,0,0,0,0,0,0,0,0,0,0,0,0,0
139,0,69,69,0,0,0,0,0,0,0,0,0,0,0,0,0,0,0,0,0,0,0,0,0,0,0,0,0,0,0,0,0,0,0,0,0,0,0,0,0,0,0,0,0,0,0,0,0,0,0,0,0,0,0,0,0,0,0,0,0,0,0,0,0,0,0,0
140,0,70,70,0,0,0,0,0,0,0,0,0,0,0,0,0,0,0,0,0,0,0,0,0,0,0,0,0,0,0,0,0,0,0,0,0,0,0,0,0,0,0,0,0,0,0,0,0,0,0,0,0,0,0,0,0,0,0,0,0,0,0,0,0,0,0,0
141,0,70,70,0,0,0,0,0,0,0,0,0,0,0,0,0,0,0,0,0,0,0,0,0,0,0,0,0,0,0,0,0,0,0,0,0,0,0,0,0,0,0,0,0,0,0,0,0,0,0,0,0,0,0,0,0,0,0,0,0,0,0,0,0,0,0,0
142,0,71,71,0,0,0,0,0,0,0,0,0,0,0,0,0,0,0,0,0,0,0,0,0,0,0,0,0,0,0,0,0,0,0,0,0,0,0,0,0,0,0,0,0,0,0,0,0,0,0,0,0,0,0,0,0,0,0,0,0,0,0,0,0,0,0,0
143,0,71,71,0,0,0,0,0,0,0,0,0,0,0,0,0,0,0,0,0,0,0,0,0,0,0,0,0,0,0,0,0,0,0,0,0,0,0,0,0,0,0,0,0,0,0,0,0,0,0,0,0,0,0,0,0,0,0,0,0,0,0,0,0,0,0,0
144,0,72,72,0,0,0,0,0,0,0,0,0,0,0,0,0,0,0,0,0,0,0,0,0,0,0,0,0,0,0,0,0,0,0,0,0,0,0,0,0,0,0,0,0,0,0,0,0,0,0,0,0,0,0,0,0,0,0,0,0,0,0,0,0,0,0,0
145,0,72,72,0,0,0,0,0,0,0,0,0,0,0,0,0,0,0,0,0,0,0,0,0,0,0,0,0,0,0,0,0,0,0,0,0,0,0,0,0,0,0,0,0,0,0,0,0,0,0,0,0,0,0,0,0,0,0,0,0,0,0,0,0,0,0,0
146,0,73,73,0,0,0,0,0,0,0,0,0,0,0,0,0,0,0,0,0,0,0,0,0,0,0,0,0,0,0,0,0,0,0,0,0,0,0,0,0,0,0,0,0,0,0,0,0,0,0,0,0,0,0,0,0,0,0,0,0,0,0,0,0,0,0,0
147,0,73,73,0,0,0,0,0,0,0,0,0,0,0,0,0,0,0,0,0,0,0,0,0,0,0,0,0,0,0,0,0,0,0,0,0,0,0,0,0,0,0,0,0,0,0,0,0,0,0,0,0,0,0,0,0,0,0,0,0,0,0,0,0,0,0,0
148,0,74,74,0,0,0,0,0,0,0,0,0,0,0,0,0,0,0,0,0,0,0,0,0,0,0,0,0,0,0,0,0,0,0,0,0,0,0,0,0,0,0,0,0,0,0,0,0,0,0,0,0,0,0,0,0,0,0,0,0,0,0,0,0,0,0,0
149,0,74,74,0,0,0,0,0,0,0,0,0,0,0,0,0,0,0,0,0,0,0,0,0,0,0,0,0,0,0,0,0,0,0,0,0,0,0,0,0,0,0,0,0,0,0,0,0,0,0,0,0,0,0,0,0,0,0,0,0,0,0,0,0,0,0,0
150,0,75,75,0,0,0,0,0,0,0,0,0,0,0,0,0,0,0,0,0,0,0,0,0,0,0,0,0,0,0,0,0,0,0,0,0,0,0,0,0,0,0,0,0,0,0,0,0,0,0,0,0,0,0,0,0,0,0,0,0,0,0,0,0,0,0,0
151,0,75,75,0,0,0,0,0,0,0,0,0,0,0,0,0,0,0,0,0,0,0,0,0,0,0,0,0,0,0,0,0,0,0,0,0,0,0,0,0,0,0,0,0,0,0,0,0,0,0,0,0,0,0,0,0,0,0,0,0,0,0,0,0,0,0,0
152,0,76,76,0,0,0,0,0,0,0,0,0,0,0,0,0,0,0,0,0,0,0,0,0,0,0,0,0,0,0,0,0,0,0,0,0,0,0,0,0,0,0,0,0,0,0,0,0,0,0,0,0,0,0,0,0,0,0,0,0,0,0,0,0,0,0,0
153,0,76,76,0,0,0,0,0,0,0,0,0,0,0,0,0,0,0,0,0,0,0,0,0,0,0,0,0,0,0,0,0,0,0,0,0,0,0,0,0,0,0,0,0,0,0,0,0,0,0,0,0,0,0,0,0,0,0,0,0,0,0,0,0,0,0,0
154,0,77,77,0,0,0,0,0,0,0,0,0,0,0,0,0,0,0,0,0,0,0,0,0,0,0,0,0,0,0,0,0,0,0,0,0,0,0,0,0,0,0,0,0,0,0,0,0,0,0,0,0,0,0,0,0,0,0,0,0,0,0,0,0,0,0,0
155,0,77,77,0,0,0,0,0,0,0,0,0,0,0,0,0,0,0,0,0,0,0,0,0,0,0,0,0,0,0,0,0,0,0,0,0,0,0,0,0,0,0,0,0,0,0,0,0,0,0,0,0,0,0,0,0,0,0,0,0,0,0,0,0,0,0,0
156,0,78,78,0,0,0,0,0,0,0,0,0,0,0,0,0,0,0,0,0,0,0,0,0,0,0,0,0,0,0,0,0,0,0,0,0,0,0,0,0,0,0,0,0,0,0,0,0,0,0,0,0,0,0,0,0,0,0,0,0,0,0,0,0,0,0,0
157,0,78,78,0,0,0,0,0,0,0,0,0,0,0,0,0,0,0,0,0,0,0,0,0,0,0,0,0,0,0,0,0,0,0,0,0,0,0,0,0,0,0,0,0,0,0,0,0,0,0,0,0,0,0,0,0,0,0,0,0,0,0,0,0,0,0,0
158,0,79,79,0,0,0,0,0,0,0,0,0,0,0,0,0,0,0,0,0,0,0,0,0,0,0,0,0,0,0,0,0,0,0,0,0,0,0,0,0,0,0,0,0,0,0,0,0,0,0,0,0,0,0,0,0,0,0,0,0,0,0,0,0,0,0,0
159,0,79,79,0,0,0,0,0,0,0,0,0,0,0,0,0,0,0,0,0,0,0,0,0,0,0,0,0,0,0,0,0,0,0,0,0,0,0,0,0,0,0,0,0,0,0,0,0,0,0,0,0,0,0,0,0,0,0,0,0,0,0,0,0,0,0,0
160,0,80,80,0,0,0,0,0,0,0,0,0,0,0,0,0,0,0,0,0,0,0,0,0,0,0,0,0,0,0,0,0,0,0,0,0,0,0,0,0,0,0,0,0,0,0,0,0,0,0,0,0,0,0,0,0,0,0,0,0,0,0,0,0,0,0,0
161,0,80,80,0,0,0,0,0,0,0,0,0,0,0,0,0,0,0,0,0,0,0,0,0,0,0,0,0,0,0,0,0,0,0,0,0,0,0,0,0,0,0,0,0,0,0,0,0,0,0,0,0,0,0,0,0,0,0,0,0,0,0,0,0,0,0,0
162,0,81,81,0,0,0,0,0,0,0,0,0,0,0,0,0,0,0,0,0,0,0,0,0,0,0,0,0,0,0,0,0,0,0,0,0,0,0,0,0,0,0,0,0,0,0,0,0,0,0,0,0,0,0,0,0,0,0,0,0,0,0,0,0,0,0,0
163,0,81,81,0,0,0,0,0,0,0,0,0,0,0,0,0,0,0,0,0,0,0,0,0,0,0,0,0,0,0,0,0,0,0,0,0,0,0,0,0,0,0,0,0,0,0,0,0,0,0,0,0,0,0,0,0,0,0,0,0,0,0,0,0,0,0,0
164,0,82,82,0,0,0,0,0,0,0,0,0,0,0,0,0,0,0,0,0,0,0,0,0,0,0,0,0,0,0,0,0,0,0,0,0,0,0,0,0,0,0,0,0,0,0,0,0,0,0,0,0,0,0,0,0,0,0,0,0,0,0,0,0,0,0,0
165,0,82,82,0,0,0,0,0,0,0,0,0,0,0,0,0,0,0,0,0,0,0,0,0,0,0,0,0,0,0,0,0,0,0,0,0,0,0,0,0,0,0,0,0,0,0,0,0,0,0,0,0,0,0,0,0,0,0,0,0,0,0,0,0,0,0,0
166,0,83,83,0,0,0,0,0,0,0,0,0,0,0,0,0,0,0,0,0,0,0,0,0,0,0,0,0,0,0,0,0,0,0,0,0,0,0,0,0,0,0,0,0,0,0,0,0,0,0,0,0,0,0,0,0,0,0,0,0,0,0,0,0,0,0,0
167,0,83,83,0,0,0,0,0,0,0,0,0,0,0,0,0,0,0,0,0,0,0,0,0,0,0,0,0,0,0,0,0,0,0,0,0,0,0,0,0,0,0,0,0,0,0,0,0,0,0,0,0,0,0,0,0,0,0,0,0,0,0,0,0,0,0,0
168,0,84,84,0,0,0,0,0,0,0,0,0,0,0,0,0,0,0,0,0,0,0,0,0,0,0,0,0,0,0,0,0,0,0,0,0,0,0,0,0,0,0,0,0,0,0,0,0,0,0,0,0,0,0,0,0,0,0,0,0,0,0,0,0,0,0,0
169,0,84,84,0,0,0,0,0,0,0,0,0,0,0,0,0,0,0,0,0,0,0,0,0,0,0,0,0,0,0,0,0,0,0,0,0,0,0,0,0,0,0,0,0,0,0,0,0,0,0,0,0,0,0,0,0,0,0,0,0,0,0,0,0,0,0,0
170,0,85,85,0,0,0,0,0,0,0,0,0,0,0,0,0,0,0,0,0,0,0,0,0,0,0,0,0,0,0,0,0,0,0,0,0,0,0,0,0,0,0,0,0,0,0,0,0,0,0,0,0,0,0,0,0,0,0,0,0,0,0,0,0,0,0,0
171,0,85,85,0,0,0,0,0,0,0,0,0,0,0,0,0,0,0,0,0,0,0,0,0,0,0,0,0,0,0,0,0,0,0,0,0,0,0,0,0,0,0,0,0,0,0,0,0,0,0,0,0,0,0,0,0,0,0,0,0,0,0,0,0,0,0,0
172,0,86,86,0,0,0,0,0,0,0,0,0,0,0,0,0,0,0,0,0,0,0,0,0,0,0,0,0,0,0,0,0,0,0,0,0,0,0,0,0,0,0,0,0,0,0,0,0,0,0,0,0,0,0,0,0,0,0,0,0,0,0,0,0,0,0,0
173,0,86,86,0,0,0,0,0,0,0,0,0,0,0,0,0,0,0,0,0,0,0,0,0,0,0,0,0,0,0,0,0,0,0,0,0,0,0,0,0,0,0,0,0,0,0,0,0,0,0,0,0,0,0,0,0,0,0,0,0,0,0,0,0,0,0,0
174,0,87,87,0,0,0,0,0,0,0,0,0,0,0,0,0,0,0,0,0,0,0,0,0,0,0,0,0,0,0,0,0,0,0,0,0,0,0,0,0,0,0,0,0,0,0,0,0,0,0,0,0,0,0,0,0,0,0,0,0,0,0,0,0,0,0,0
175,0,87,87,0,0,0,0,0,0,0,0,0,0,0,0,0,0,0,0,0,0,0,0,0,0,0,0,0,0,0,0,0,0,0,0,0,0,0,0,0,0,0,0,0,0,0,0,0,0,0,0,0,0,0,0,0,0,0,0,0,0,0,0,0,0,0,0
176,0,88,88,0,0,0,0,0,0,0,0,0,0,0,0,0,0,0,0,0,0,0,0,0,0,0,0,0,0,0,0,0,0,0,0,0,0,0,0,0,0,0,0,0,0,0,0,0,0,0,0,0,0,0,0,0,0,0,0,0,0,0,0,0,0,0,0
177,0,88,88,0,0,0,0,0,0,0,0,0,0,0,0,0,0,0,0,0,0,0,0,0,0,0,0,0,0,0,0,0,0,0,0,0,0,0,0,0,0,0,0,0,0,0,0,0,0,0,0,0,0,0,0,0,0,0,0,0,0,0,0,0,0,0,0
178,0,89,89,0,0,0,0,0,0,0,0,0,0,0,0,0,0,0,0,0,0,0,0,0,0,0,0,0,0,0,0,0,0,0,0,0,0,0,0,0,0,0,0,0,0,0,0,0,0,0,0,0,0,0,0,0,0,0,0,0,0,0,0,0,0,0,0
179,0,89,89,0,0,0,0,0,0,0,0,0,0,0,0,0,0,0,0,0,0,0,0,0,0,0,0,0,0,0,0,0,0,0,0,0,0,0,0,0,0,0,0,0,0,0,0,0,0,0,0,0,0,0,0,0,0,0,0,0,0,0,0,0,0,0,0
180,0,90,90,0,0,0,0,0,0,0,0,0,0,0,0,0,0,0,0,0,0,0,0,0,0,0,0,0,0,0,0,0,0,0,0,0,0,0,0,0,0,0,0,0,0,0,0,0,0,0,0,0,0,0,0,0,0,0,0,0,0,0,0,0,0,0,0
181,0,90,90,0,0,0,0,0,0,0,0,0,0,0,0,0,0,0,0,0,0,0,0,0,0,0,0,0,0,0,0,0,0,0,0,0,0,0,0,0,0,0,0,0,0,0,0,0,0,0,0,0,0,0,0,0,0,0,0,0,0,0,0,0,0,0,0
182,0,91,91,0,0,0,0,0,0,0,0,0,0,0,0,0,0,0,0,0,0,0,0,0,0,0,0,0,0,0,0,0,0,0,0,0,0,0,0,0,0,0,0,0,0,0,0,0,0,0,0,0,0,0,0,0,0,0,0,0,0,0,0,0,0,0,0
183,0,91,91,0,0,0,0,0,0,0,0,0,0,0,0,0,0,0,0,0,0,0,0,0,0,0,0,0,0,0,0,0,0,0,0,0,0,0,0,0,0,0,0,0,0,0,0,0,0,0,0,0,0,0,0,0,0,0,0,0,0,0,0,0,0,0,0
184,0,92,92,0,0,0,0,0,0,0,0,0,0,0,0,0,0,0,0,0,0,0,0,0,0,0,0,0,0,0,0,0,0,0,0,0,0,0,0,0,0,0,0,0,0,0,0,0,0,0,0,0,0,0,0,0,0,0,0,0,0,0,0,0,0,0,0
185,0,92,92,0,0,0,0,0,0,0,0,0,0,0,0,0,0,0,0,0,0,0,0,0,0,0,0,0,0,0,0,0,0,0,0,0,0,0,0,0,0,0,0,0,0,0,0,0,0,0,0,0,0,0,0,0,0,0,0,0,0,0,0,0,0,0,0
186,0,93,93,0,0,0,0,0,0,0,0,0,0,0,0,0,0,0,0,0,0,0,0,0,0,0,0,0,0,0,0,0,0,0,0,0,0,0,0,0,0,0,0,0,0,0,0,0,0,0,0,0,0,0,0,0,0,0,0,0,0,0,0,0,0,0,0
187,0,93,93,0,0,0,0,0,0,0,0,0,0,0,0,0,0,0,0,0,0,0,0,0,0,0,0,0,0,0,0,0,0,0,0,0,0,0,0,0,0,0,0,0,0,0,0,0,0,0,0,0,0,0,0,0,0,0,0,0,0,0,0,0,0,0,0
188,0,94,94,0,0,0,0,0,0,0,0,0,0,0,0,0,0,0,0,0,0,0,0,0,0,0,0,0,0,0,0,0,0,0,0,0,0,0,0,0,0,0,0,0,0,0,0,0,0,0,0,0,0,0,0,0,0,0,0,0,0,0,0,0,0,0,0
189,0,94,94,0,0,0,0,0,0,0,0,0,0,0,0,0,0,0,0,0,0,0,0,0,0,0,0,0,0,0,0,0,0,0,0,0,0,0,0,0,0,0,0,0,0,0,0,0,0,0,0,0,0,0,0,0,0,0,0,0,0,0,0,0,0,0,0
190,0,95,95,0,0,0,0,0,0,0,0,0,0,0,0,0,0,0,0,0,0,0,0,0,0,0,0,0,0,0,0,0,0,0,0,0,0,0,0,0,0,0,0,0,0,0,0,0,0,0,0,0,0,0,0,0,0,0,0,0,0,0,0,0,0,0,0
191,0,95,95,0,0,0,0,0,0,0,0,0,0,0,0,0,0,0,0,0,0,0,0,0,0,0,0,0,0,0,0,0,0,0,0,0,0,0,0,0,0,0,0,0,0,0,0,0,0,0,0,0,0,0,0,0,0,0,0,0,0,0,0,0,0,0,0
192,0,96,96,0,0,0,0,0,0,0,0,0,0,0,0,0,0,0,0,0,0,0,0,0,0,0,0,0,0,0,0,0,0,0,0,0,0,0,0,0,0,0,0,0,0,0,0,0,0,0,0,0,0,0,0,0,0,0,0,0,0,0,0,0,0,0,0
193,0,96,96,0,0,0,0,0,0,0,0,0,0,0,0,0,0,0,0,0,0,0,0,0,0,0,0,0,0,0,0,0,0,0,0,0,0,0,0,0,0,0,0,0,0,0,0,0,0,0,0,0,0,0,0,0,0,0,0,0,0,0,0,0,0,0,0
194,0,97,97,0,0,0,0,0,0,0,0,0,0,0,0,0,0,0,0,0,0,0,0,0,0,0,0,0,0,0,0,0,0,0,0,0,0,0,0,0,0,0,0,0,0,0,0,0,0,0,0,0,0,0,0,0,0,0,0,0,0,0,0,0,0,0,0
195,0,97,97,0,0,0,0,0,0,0,0,0,0,0,0,0,0,0,0,0,0,0,0,0,0,0,0,0,0,0,0,0,0,0,0,0,0,0,0,0,0,0,0,0,0,0,0,0,0,0,0,0,0,0,0,0,0,0,0,0,0,0,0,0,0,0,0
196,0,98,98,0,0,0,0,0,0,0,0,0,0,0,0,0,0,0,0,0,0,0,0,0,0,0,0,0,0,0,0,0,0,0,0,0,0,0,0,0,0,0,0,0,0,0,0,0,0,0,0,0,0,0,0,0,0,0,0,0,0,0,0,0,0,0,0
197,0,98,98,0,0,0,0,0,0,0,0,0,0,0,0,0,0,0,0,0,0,0,0,0,0,0,0,0,0,0,0,0,0,0,0,0,0,0,0,0,0,0,0,0,0,0,0,0,0,0,0,0,0,0,0,0,0,0,0,0,0,0,0,0,0,0,0
198,0,99,99,0,0,0,0,0,0,0,0,0,0,0,0,0,0,0,0,0,0,0,0,0,0,0,0,0,0,0,0,0,0,0,0,0,0,0,0,0,0,0,0,0,0,0,0,0,0,0,0,0,0,0,0,0,0,0,0,0,0,0,0,0,0,0,0
199,0,99,99,0,0,0,0,0,0,0,0,0,0,0,0,0,0,0,0,0,0,0,0,0,0,0,0,0,0,0,0,0,0,0,0,0,0,0,0,0,0,0,0,0,0,0,0,0,0,0,0,0,0,0,0,0,0,0,0,0,0,0,0,0,0,0,0
200,0,100,100,0,0,0,0,0,0,0,0,0,0,0,0,0,0,0,0,0,0,0,0,0,0,0,0,0,0,0,0,0,0,0,0,0,0,0,0,0,0,0,0,0,0,0,0,0,0,0,0,0,0,0,0,0,0,0,0,0,0,0,0,0,0,0,0
201,0,100,100,0,0,0,0,0,0,0,0,0,0,0,0,0,0,0,0,0,0,0,0,0,0,0,0,0,0,0,0,0,0,0,0,0,0,0,0,0,0,0,0,0,0,0,0,0,0,0,0,0,0,0,0,0,0,0,0,0,0,0,0,0,0,0,0
202,0,101,101,0,0,0,0,0,0,0,0,0,0,0,0,0,0,0,0,0,0,0,0,0,0,0,0,0,0,0,0,0,0,0,0,0,0,0,0,0,0,0,0,0,0,0,0,0,0,0,0,0,0,0,0,0,0,0,0,0,0,0,0,0,0,0,0
203,0,101,101,0,0,0,0,0,0,0,0,0,0,0,0,0,0,0,0,0,0,0,0,0,0,0,0,0,0,0,0,0,0,0,0,0,0,0,0,0,0,0,0,0,0,0,0,0,0,0,0,0,0,0,0,0,0,0,0,0,0,0,0,0,0,0,0
204,0,102,102,0,0,0,0,0,0,0,0,0,0,0,0,0,0,0,0,0,0,0,0,0,0,0,0,0,0,0,0,0,0,0,0,0,0,0,0,0,0,0,0,0,0,0,0,0,0,0,0,0,0,0,0,0,0,0,0,0,0,0,0,0,0,0,0
205,0,102,102,0,0,0,0,0,0,0,0,0,0,0,0,0,0,0,0,0,0,0,0,0,0,0,0,0,0,0,0,0,0,0,0,0,0,0,0,0,0,0,0,0,0,0,0,0,0,0,0,0,0,0,0,0,0,0,0,0,0,0,0,0,0,0,0
206,0,103,103,0,0,0,0,0,0,0,0,0,0,0,0,0,0,0,0,0,0,0,0,0,0,0,0,0,0,0,0,0,0,0,0,0,0,0,0,0,0,0,0,0,0,0,0,0,0,0,0,0,0,0,0,0,0,0,0,0,0,0,0,0,0,0,0
207,0,103,103,0,0,0,0,0,0,0,0,0,0,0,0,0,0,0,0,0,0,0,0,0,0,0,0,0,0,0,0,0,0,0,0,0,0,0,0,0,0,0,0,0,0,0,0,0,0,0,0,0,0,0,0,0,0,0,0,0,0,0,0,0,0,0,0
208,0,104,104,0,0,0,0,0,0,0,0,0,0,0,0,0,0,0,0,0,0,0,0,0,0,0,0,0,0,0,0,0,0,0,0,0,0,0,0,0,0,0,0,0,0,0,0,0,0,0,0,0,0,0,0,0,0,0,0,0,0,0,0,0,0,0,0
209,0,104,104,0,0,0,0,0,0,0,0,0,0,0,0,0,0,0,0,0,0,0,0,0,0,0,0,0,0,0,0,0,0,0,0,0,0,0,0,0,0,0,0,0,0,0,0,0,0,0,0,0,0,0,0,0,0,0,0,0,0,0,0,0,0,0,0
210,0,105,105,0,0,0,0,0,0,0,0,0,0,0,0,0,0,0,0,0,0,0,0,0,0,0,0,0,0,0,0,0,0,0,0,0,0,0,0,0,0,0,0,0,0,0,0,0,0,0,0,0,0,0,0,0,0,0,0,0,0,0,0,0,0,0,0
211,0,105,105,0,0,0,0,0,0,0,0,0,0,0,0,0,0,0,0,0,0,0,0,0,0,0,0,0,0,0,0,0,0,0,0,0,0,0,0,0,0,0,0,0,0,0,0,0,0,0,0,0,0,0,0,0,0,0,0,0,0,0,0,0,0,0,0
212,0,106,106,0,0,0,0,0,0,0,0,0,0,0,0,0,0,0,0,0,0,0,0,0,0,0,0,0,0,0,0,0,0,0,0,0,0,0,0,0,0,0,0,0,0,0,0,0,0,0,0,0,0,0,0,0,0,0,0,0,0,0,0,0,0,0,0
213,0,106,106,0,0,0,0,0,0,0,0,0,0,0,0,0,0,0,0,0,0,0,0,0,0,0,0,0,0,0,0,0,0,0,0,0,0,0,0,0,0,0,0,0,0,0,0,0,0,0,0,0,0,0,0,0,0,0,0,0,0,0,0,0,0,0,0
214,0,107,107,0,0,0,0,0,0,0,0,0,0,0,0,0,0,0,0,0,0,0,0,0,0,0,0,0,0,0,0,0,0,0,0,0,0,0,0,0,0,0,0,0,0,0,0,0,0,0,0,0,0,0,0,0,0,0,0,0,0,0,0,0,0,0,0
215,0,107,107,0,0,0,0,0,0,0,0,0,0,0,0,0,0,0,0,0,0,0,0,0,0,0,0,0,0,0,0,0,0,0,0,0,0,0,0,0,0,0,0,0,0,0,0,0,0,0,0,0,0,0,0,0,0,0,0,0,0,0,0,0,0,0,0
216,0,108,108,0,0,0,0,0,0,0,0,0,0,0,0,0,0,0,0,0,0,0,0,0,0,0,0,0,0,0,0,0,0,0,0,0,0,0,0,0,0,0,0,0,0,0,0,0,0,0,0,0,0,0,0,0,0,0,0,0,0,0,0,0,0,0,0
217,0,108,108,0,0,0,0,0,0,0,0,0,0,0,0,0,0,0,0,0,0,0,0,0,0,0,0,0,0,0,0,0,0,0,0,0,0,0,0,0,0,0,0,0,0,0,0,0,0,0,0,0,0,0,0,0,0,0,0,0,0,0,0,0,0,0,0
218,0,109,109,0,0,0,0,0,0,0,0,0,0,0,0,0,0,0,0,0,0,0,0,0,0,0,0,0,0,0,0,0,0,0,0,0,0,0,0,0,0,0,0,0,0,0,0,0,0,0,0,0,0,0,0,0,0,0,0,0,0,0,0,0,0,0,0
219,0,109,109,0,0,0,0,0,0,0,0,0,0,0,0,0,0,0,0,0,0,0,0,0,0,0,0,0,0,0,0,0,0,0,0,0,0,0,0,0,0,0,0,0,0,0,0,0,0,0,0,0,0,0,0,0,0,0,0,0,0,0,0,0,0,0,0
220,0,110,110,0,0,0,0,0,0,0,0,0,0,0,0,0,0,0,0,0,0,0,0,0,0,0,0,0,0,0,0,0,0,0,0,0,0,0,0,0,0,0,0,0,0,0,0,0,0,0,0,0,0,0,0,0,0,0,0,0,0,0,0,0,0,0,0
221,0,110,110,0,0,0,0,0,0,0,0,0,0,0,0,0,0,0,0,0,0,0,0,0,0,0,0,0,0,0,0,0,0,0,0,0,0,0,0,0,0,0,0,0,0,0,0,0,0,0,0,0,0,0,0,0,0,0,0,0,0,0,0,0,0,0,0
222,0,111,111,0,0,0,0,0,0,0,0,0,0,0,0,0,0,0,0,0,0,0,0,0,0,0,0,0,0,0,0,0,0,0,0,0,0,0,0,0,0,0,0,0,0,0,0,0,0,0,0,0,0,0,0,0,0,0,0,0,0,0,0,0,0,0,0
223,0,111,111,0,0,0,0,0,0,0,0,0,0,0,0,0,0,0,0,0,0,0,0,0,0,0,0,0,0,0,0,0,0,0,0,0,0,0,0,0,0,0,0,0,0,0,0,0,0,0,0,0,0,0,0,0,0,0,0,0,0,0,0,0,0,0,0
224,0,112,112,0,0,0,0,0,0,0,0,0,0,0,0,0,0,0,0,0,0,0,0,0,0,0,0,0,0,0,0,0,0,0,0,0,0,0,0,0,0,0,0,0,0,0,0,0,0,0,0,0,0,0,0,0,0,0,0,0,0,0,0,0,0,0,0
225,0,112,112,0,0,0,0,0,0,0,0,0,0,0,0,0,0,0,0,0,0,0,0,0,0,0,0,0,0,0,0,0,0,0,0,0,0,0,0,0,0,0,0,0,0,0,0,0,0,0,0,0,0,0,0,0,0,0,0,0,0,0,0,0,0,0,0
226,0,113,113,0,0,0,0,0,0,0,0,0,0,0,0,0,0,0,0,0,0,0,0,0,0,0,0,0,0,0,0,0,0,0,0,0,0,0,0,0,0,0,0,0,0,0,0,0,0,0,0,0,0,0,0,0,0,0,0,0,0,0,0,0,0,0,0
227,0,113,113,0,0,0,0,0,0,0,0,0,0,0,0,0,0,0,0,0,0,0,0,0,0,0,0,0,0,0,0,0,0,0,0,0,0,0,0,0,0,0,0,0,0,0,0,0,0,0,0,0,0,0,0,0,0,0,0,0,0,0,0,0,0,0,0
228,0,114,114,0,0,0,0,0,0,0,0,0,0,0,0,0,0,0,0,0,0,0,0,0,0,0,0,0,0,0,0,0,0,0,0,0,0,0,0,0,0,0,0,0,0,0,0,0,0,0,0,0,0,0,0,0,0,0,0,0,0,0,0,0,0,0,0
229,0,114,114,0,0,0,0,0,0,0,0,0,0,0,0,0,0,0,0,0,0,0,0,0,0,0,0,0,0,0,0,0,0,0,0,0,0,0,0,0,0,0,0,0,0,0,0,0,0,0,0,0,0,0,0,0,0,0,0,0,0,0,0,0,0,0,0
230,0,115,115,0,0,0,0,0,0,0,0,0,0,0,0,0,0,0,0,0,0,0,0,0,0,0,0,0,0,0,0,0,0,0,0,0,0,0,0,0,0,0,0,0,0,0,0,0,0,0,0,0,0,0,0,0,0,0,0,0,0,0,0,0,0,0,0
231,0,115,115,0,0,0,0,0,0,0,0,0,0,0,0,0,0,0,0,0,0,0,0,0,0,0,0,0,0,0,0,0,0,0,0,0,0,0,0,0,0,0,0,0,0,0,0,0,0,0,0,0,0,0,0,0,0,0,0,0,0,0,0,0,0,0,0
232,0,116,116,0,0,0,0,0,0,0,0,0,0,0,0,0,0,0,0,0,0,0,0,0,0,0,0,0,0,0,0,0,0,0,0,0,0,0,0,0,0,0,0,0,0,0,0,0,0,0,0,0,0,0,0,0,0,0,0,0,0,0,0,0,0,0,0
233,0,116,116,0,0,0,0,0,0,0,0,0,0,0,0,0,0,0,0,0,0,0,0,0,0,0,0,0,0,0,0,0,0,0,0,0,0,0,0,0,0,0,0,0,0,0,0,0,0,0,0,0,0,0,0,0,0,0,0,0,0,0,0,0,0,0,0
234,0,117,117,0,0,0,0,0,0,0,0,0,0,0,0,0,0,0,0,0,0,0,0,0,0,0,0,0,0,0,0,0,0,0,0,0,0,0,0,0,0,0,0,0,0,0,0,0,0,0,0,0,0,0,0,0,0,0,0,0,0,0,0,0,0,0,0
235,0,117,117,0,0,0,0,0,0,0,0,0,0,0,0,0,0,0,0,0,0,0,0,0,0,0,0,0,0,0,0,0,0,0,0,0,0,0,0,0,0,0,0,0,0,0,0,0,0,0,0,0,0,0,0,0,0,0,0,0,0,0,0,0,0,0,0
236,0,118,118,0,0,0,0,0,0,0,0,0,0,0,0,0,0,0,0,0,0,0,0,0,0,0,0,0,0,0,0,0,0,0,0,0,0,0,0,0,0,0,0,0,0,0,0,0,0,0,0,0,0,0,0,0,0,0,0,0,0,0,0,0,0,0,0
237,0,118,118,0,0,0,0,0,0,0,0,0,0,0,0,0,0,0,0,0,0,0,0,0,0,0,0,0,0,0,0,0,0,0,0,0,0,0,0,0,0,0,0,0,0,0,0,0,0,0,0,0,0,0,0,0,0,0,0,0,0,0,0,0,0,0,0
238,0,119,119,0,0,0,0,0,0,0,0,0,0,0,0,0,0,0,0,0,0,0,0,0,0,0,0,0,0,0,0,0,0,0,0,0,0,0,0,0,0,0,0,0,0,0,0,0,0,0,0,0,0,0,0,0,0,0,0,0,0,0,0,0,0,0,0
239,0,119,119,0,0,0,0,0,0,0,0,0,0,0,0,0,0,0,0,0,0,0,0,0,0,0,0,0,0,0,0,0,0,0,0,0,0,0,0,0,0,0,0,0,0,0,0,0,0,0,0,0,0,0,0,0,0,0,0,0,0,0,0,0,0,0,0
240,0,120,120,0,0,0,0,0,0,0,0,0,0,0,0,0,0,0,0,0,0,0,0,0,0,0,0,0,0,0,0,0,0,0,0,0,0,0,0,0,0,0,0,0,0,0,0,0,0,0,0,0,0,0,0,0,0,0,0,0,0,0,0,0,0,0,0
241,0,120,120,0,0,0,0,0,0,0,0,0,0,0,0,0,0,0,0,0,0,0,0,0,0,0,0,0,0,0,0,0,0,0,0,0,0,0,0,0,0,0,0,0,0,0,0,0,0,0,0,0,0,0,0,0,0,0,0,0,0,0,0,0,0,0,0
242,0,121,121,0,0,0,0,0,0,0,0,0,0,0,0,0,0,0,0,0,0,0,0,0,0,0,0,0,0,0,0,0,0,0,0,0,0,0,0,0,0,0,0,0,0,0,0,0,0,0,0,0,0,0,0,0,0,0,0,0,0,0,0,0,0,0,0
243,0,121,121,0,0,0,0,0,0,0,0,0,0,0,0,0,0,0,0,0,0,0,0,0,0,0,0,0,0,0,0,0,0,0,0,0,0,0,0,0,0,0,0,0,0,0,0,0,0,0,0,0,0,0,0,0,0,0,0,0,0,0,0,0,0,0,0
244,0,122,122,0,0,0,0,0,0,0,0,0,0,0,0,0,0,0,0,0,0,0,0,0,0,0,0,0,0,0,0,0,0,0,0,0,0,0,0,0,0,0,0,0,0,0,0,0,0,0,0,0,0,0,0,0,0,0,0,0,0,0,0,0,0,0,0
245,0,122,122,0,0,0,0,0,0,0,0,0,0,0,0,0,0,0,0,0,0,0,0,0,0,0,0,0,0,0,0,0,0,0,0,0,0,0,0,0,0,0,0,0,0,0,0,0,0,0,0,0,0,0,0,0,0,0,0,0,0,0,0,0,0,0,0
246,0,123,123,0,0,0,0,0,0,0,0,0,0,0,0,0,0,0,0,0,0,0,0,0,0,0,0,0,0,0,0,0,0,0,0,0,0,0,0,0,0,0,0,0,0,0,0,0,0,0,0,0,0,0,0,0,0,0,0,0,0,0,0,0,0,0,0
247,0,123,123,0,0,0,0,0,0,0,0,0,0,0,0,0,0,0,0,0,0,0,0,0,0,0,0,0,0,0,0,0,0,0,0,0,0,0,0,0,0,0,0,0,0,0,0,0,0,0,0,0,0,0,0,0,0,0,0,0,0,0,0,0,0,0,0
248,0,124,124,0,0,0,0,0,0,0,0,0,0,0,0,0,0,0,0,0,0,0,0,0,0,0,0,0,0,0,0,0,0,0,0,0,0,0,0,0,0,0,0,0,0,0,0,0,0,0,0,0,0,0,0,0,0,0,0,0,0,0,0,0,0,0,0
249,0,124,124,0,0,0,0,0,0,0,0,0,0,0,0,0,0,0,0,0,0,0,0,0,0,0,0,0,0,0,0,0,0,0,0,0,0,0,0,0,0,0,0,0,0,0,0,0,0,0,0,0,0,0,0,0,0,0,0,0,0,0,0,0,0,0,0
250,0,125,125,0,0,0,0,0,0,0,0,0,0,0,0,0,0,0,0,0,0,0,0,0,0,0,0,0,0,0,0,0,0,0,0,0,0,0,0,0,0,0,0,0,0,0,0,0,0,0,0,0,0,0,0,0,0,0,0,0,0,0,0,0,0,0,0
251,0,125,125,0,0,0,0,0,0,0,0,0,0,0,0,0,0,0,0,0,0,0,0,0,0,0,0,0,0,0,0,0,0,0,0,0,0,0,0,0,0,0,0,0,0,0,0,0,0,0,0,0,0,0,0,0,0,0,0,0,0,0,0,0,0,0,0
252,0,126,126,0,0,0,0,0,0,0,0,0,0,0,0,0,0,0,0,0,0,0,0,0,0,0,0,0,0,0,0,0,0,0,0,0,0,0,0,0,0,0,0,0,0,0,0,0,0,0,0,0,0,0,0,0,0,0,0,0,0,0,0,0,0,0,0
253,0,126,126,0,0,0,0,0,0,0,0,0,0,0,0,0,0,0,0,0,0,0,0,0,0,0,0,0,0,0,0,0,0,0,0,0,0,0,0,0,0,0,0,0,0,0,0,0,0,0,0,0,0,0,0,0,0,0,0,0,0,0,0,0,0,0,0
254,0,127,127,0,0,0,0,0,0,0,0,0,0,0,0,0,0,0,0,0,0,0,0,0,0,0,0,0,0,0,0,0,0,0,0,0,0,0,0,0,0,0,0,0,0,0,0,0,0,0,0,0,0,0,0,0,0,0,0,0,0,0,0,0,0,0,0
255,0,127,127,0,0,0,0,0,0,0,0,0,0,0,0,0,0,0,0,0,0,0,0,0,0,0,0,0,0,0,0,0,0,0,0,0,0,0,0,0,0,0,0,0,0,0,0,0,0,0,0,0,0,0,0,0,0,0,0,0,0,0,0,0,0,0,0
