context,k,act0,act1,act2,act3,act4,act5,act6,act7,act8,act9,act10,act11,act12,act13,act14,act15,act16,act17,act18,act19,act20,act21,act22,act23,act24,act25,act26,act27,act28,act29,act30,act31,act32,act33,act34,act35,act36,act37,act38,act39,act40,act41,act42,act43,act44,act45,act46,act47,act48,act49,act50,act51,act52,act53,act54,act55,act56,act57,act58,act59,act60,act61,act62,act63
0,0,-1,0,0,0,0,0,0,0,0,0,0,-1,0,0,0,0,0,0,0,0,1,0,0,1,0,0,0,0,0,0,0,0,0,0,0,1,0,0,0,-1,0,0,-2,1,0,0,0,0,0,1,0,1,1,1,0,0,0,1,0,0,0,0,0,0
0,1,0,0,0,2,1,0,2,-1,2,0,0,0,0,0,0,-1,-1,-1,0,-2,0,-1,-1,0,-2,-1,0,0,0,0,0,0,0,0,1,1,0,0,0,0,0,0,0,1,1,0,0,0,-1,0,0,0,0,0,-1,-2,0,-1,0,0,0,1,3,1
0,2,0,0,0,0,0,0,0,0,0,0,0,0,0,0,0,1,0,-1,-1,0,0,0,-1,0,0,0,0,0,2,0,0,0,0,0,1,1,0,0,0,-1,0,0,2,0,1,-1,0,-1,0,-1,0,-1,0,0,0,1,1,-1,0,0,-1,0,0,0
0,3,0,0,1,0,-1,0,0,0,0,0,0,0,0,0,1,2,0,-2,0,0,0,0,0,1,0,1,0,0,0,1,1,1,-1,2,1,-1,-1,-1,-1,0,0,1,-1,0,0,0,0,0,0,0,0,2,0,0,0,-1,-1,3,1,-1,0,1,-1,0
0,4,1,1,1,0,0,1,0,2,-1,0,0,-1,0,1,0,0,1,0,1,0,1,0,0,-2,0,-1,0,0,0,0,1,0,0,0,-1,0,0,1,1,0,0,0,0,0,-1,0,0,0,1,0,1,1,0,0,0,0,0,-1,-1,0,-1,-1,1,-1
0,5,0,0,0,0,0,1,1,0,0,1,0,0,0,0,-1,-1,0,0,0,4,0,0,0,2,0,-2,0,0,0,0,0,0,0,0,0,0,-1,0,-1,0,1,1,0,0,1,1,2,-1,0,0,0,0,0,0,0,-1,0,0,0,0,0,0,0,0
0,6,0,-2,0,0,0,-1,0,0,1,-1,0,1,-1,-1,0,1,0,2,0,0,-1,0,0,0,0,1,0,0,0,-2,0,0,0,0,-1,0,-1,-1,1,-1,0,0,1,0,0,-1,0,0,0,0,1,0,-2,0,0,-1,0,0,0,-1,0,0,1,0
0,7,0,0,0,0,0,0,0,0,1,0,0,1,0,0,0,0,0,0,0,0,1,1,0,0,0,0,0,0,0,0,-1,0,1,0,1,-1,0,1,-1,0,0,0,0,-1,-1,0,0,-2,-2,0,-1,0,0,0,0,-1,0,1,1,0,1,1,1,0
0,8,0,0,0,0,1,0,1,0,1,0,0,0,-1,0,0,0,0,0,1,-1,0,0,0,0,0,1,-1,1,0,0,0,0,0,0,0,0,0,-1,0,0,0,0,-1,0,0,0,0,1,0,-1,0,0,0,0,-1,0,0,0,1,0,0,0,-1,0
0,9,1,-1,-1,0,-3,0,3,0,1,0,1,-1,1,0,0,0,1,0,0,0,0,-1,1,1,-1,1,-1,-2,0,0,1,-1,1,0,0,0,0,0,1,1,0,0,-2,1,0,0,0,-1,-1,-1,0,-2,0,0,0,1,0,2,-1,0,1,1,-1,1
0,10,1,0,1,0,1,0,-1,-1,-1,0,0,0,-1,0,0,0,0,0,0,0,-1,1,0,1,-1,0,0,0,0,0,0,0,0,1,0,0,0,2,0,-1,-1,1,1,0,0,0,1,0,0,0,0,-1,0,0,1,-1,1,0,-2,0,0,0,-1,0
0,11,0,0,-1,0,0,-1,-1,0,2,0,1,0,0,0,0,-1,0,-3,0,-1,0,0,0,0,-1,2,0,1,0,-2,-1,0,0,1,1,-2,0,0,2,1,0,0,-1,-1,2,-1,0,0,0,0,0,0,0,1,0,0,0,0,0,0,0,1,0,0
0,12,0,0,0,0,0,-2,0,-1,-1,0,0,1,0,1,0,0,1,0,0,1,0,0,0,0,0,2,0,0,0,0,0,1,0,-1,0,1,0,1,0,0,2,-1,0,1,0,0,0,0,0,1,0,0,0,0,0,1,0,0,0,0,0,0,0,1
0,13,0,0,0,-1,1,0,0,0,0,0,0,0,-1,0,0,0,-1,0,0,1,0,1,0,0,0,0,0,-2,0,1,0,1,0,0,0,0,0,-1,0,0,0,0,-1,0,0,0,0,0,0,0,0,0,0,0,0,0,0,1,0,0,2,0,-1,0
0,14,0,0,1,0,0,0,0,0,0,0,0,0,-1,0,0,0,1,0,-2,0,0,0,0,-1,1,0,0,1,0,1,2,0,1,0,0,-1,0,-1,1,1,2,0,0,1,0,0,0,0,0,-1,1,0,0,-2,1,0,0,1,0,0,-2,1,-1,0
0,15,0,1,0,0,-1,0,0,0,0,-1,1,-2,0,0,0,0,0,2,0,0,0,0,-1,-1,0,0,-1,0,0,0,0,1,0,0,0,-2,0,0,-2,0,0,0,2,0,0,-1,0,1,0,0,0,0,-1,0,1,0,0,0,0,0,0,0,0,0
0,16,0,0,0,0,0,0,0,1,0,0,0,-2,0,1,0,0,2,0,0,0,-1,0,0,0,1,0,-1,0,1,0,2,1,0,0,0,0,0,0,0,1,-1,0,0,1,0,0,0,0,0,0,0,0,2,0,0,1,2,0,0,0,0,-1,0,0
0,17,1,0,0,0,0,-1,2,0,0,0,2,1,0,0,0,1,-1,0,0,-1,-1,1,0,0,0,0,0,1,0,0,0,0,0,0,-1,0,-1,0,0,0,-1,-1,0,0,0,1,1,1,0,1,0,0,0,0,0,0,0,0,0,-1,0,0,0,0
0,18,0,0,1,-1,0,0,1,-1,0,0,0,0,0,1,0,0,0,1,1,0,-1,0,0,0,-1,-1,0,0,0,2,0,0,-2,-1,0,0,2,1,0,-1,0,0,1,0,-2,0,0,-1,-2,-1,0,1,0,2,0,1,0,0,-1,0,0,0,1,0
0,19,0,-2,1,1,1,2,0,1,0,-2,1,-2,0,0,0,0,-1,0,0,-1,0,0,0,0,0,0,1,-1,-1,0,0,1,0,1,-1,0,-1,0,-1,-2,0,0,0,0,0,0,0,1,0,0,1,-1,-1,0,-1,0,0,0,0,0,0,0,-1,-1
0,20,0,2,1,0,0,-1,2,-1,0,0,1,0,0,-1,-1,0,-1,0,0,1,0,-1,-1,0,0,0,0,0,0,1,2,0,1,1,1,-1,0,1,0,-1,-1,0,0,0,0,-1,1,0,0,1,-1,0,0,0,0,0,0,1,1,1,0,0,0,0
0,21,0,0,1,1,0,0,-1,0,2,0,0,0,0,0,0,-1,0,0,0,0,0,0,1,0,0,0,0,0,0,1,0,0,0,0,-2,2,0,0,0,0,-1,1,0,1,0,0,1,0,0,-2,0,0,1,0,-2,-1,0,-1,1,0,0,-1,1,1
0,22,1,0,0,1,0,-1,0,0,0,0,-3,-1,0,0,0,0,-2,-1,0,-1,0,0,0,0,0,0,0,0,1,0,2,0,0,0,0,0,-1,0,0,-1,0,0,0,0,0,-1,1,0,0,0,0,0,0,0,0,0,0,-1,1,0,2,0,0,-1
0,23,0,-1,0,1,0,0,0,0,0,0,0,0,0,0,0,0,0,0,0,2,0,0,0,1,0,0,0,0,0,-1,-1,0,-1,0,0,-1,0,0,0,-1,0,0,0,-1,0,0,0,0,-1,0,0,0,0,0,0,0,-1,0,0,0,-1,1,-2,-1
0,24,0,0,1,0,0,0,1,0,1,0,2,-1,0,2,0,0,0,-1,-1,0,0,0,-1,0,0,-1,0,0,0,1,0,0,0,0,0,0,0,0,0,0,0,-1,-1,0,0,0,0,0,0,0,0,0,0,0,0,1,-1,0,1,0,0,0,0,0
0,25,0,0,0,0,0,0,0,0,0,0,2,0,0,0,0,0,-1,0,0,0,0,-1,0,-1,0,0,0,1,1,1,-1,0,0,-1,0,0,-3,1,2,-2,2,0,0,-1,1,1,-1,0,0,0,0,0,0,0,0,0,0,0,0,-1,0,0,0,0
0,26,0,0,0,0,1,1,0,1,1,0,0,0,-1,0,0,-1,-1,0,0,0,1,-1,0,-1,1,0,0,0,1,1,0,0,0,-1,0,0,0,1,0,0,1,0,0,0,1,0,-1,0,0,0,0,0,0,0,0,1,0,0,0,1,1,0,0,0
0,27,0,0,0,-2,-1,1,0,0,0,0,0,0,0,0,0,1,0,1,1,0,1,0,-1,1,-1,0,0,0,-1,0,0,0,0,0,0,2,0,1,1,0,0,0,-1,-1,1,-1,0,-1,0,0,0,-1,0,1,1,-1,-1,1,0,0,0,0,-1,0
0,28,2,-1,1,-1,0,-1,0,-1,0,-1,0,0,-1,0,1,-1,0,0,0,0,0,0,1,0,-1,0,0,0,1,1,0,1,-1,-1,0,0,1,0,0,0,0,0,0,0,0,-2,0,-2,0,1,1,0,0,0,0,1,0,-1,0,0,1,-1,0,0
0,29,0,0,0,0,1,0,0,0,0,0,0,-1,-1,0,0,0,0,0,0,0,0,-1,-1,0,0,0,-1,0,0,-2,0,0,1,0,0,0,0,0,0,0,0,-1,0,1,0,0,-2,0,2,0,0,0,0,0,-2,0,0,0,0,0,0,-1,0,0
0,30,1,0,0,0,0,1,-2,0,-1,-1,0,0,0,0,0,0,-1,0,-1,0,0,0,0,-1,0,1,0,0,0,-1,0,1,0,-3,1,0,0,0,0,-1,0,0,0,-1,1,0,-1,-2,0,0,0,0,0,0,0,1,0,-1,0,0,0,0,-1,0
0,31,0,0,0,0,1,0,1,-1,0,0,0,0,0,-1,1,0,3,0,2,1,0,0,0,0,1,1,0,0,0,0,1,0,2,0,1,0,1,0,0,0,0,-1,0,0,0,-3,0,0,1,1,0,0,0,0,0,-1,1,-2,0,0,0,1,0,0
0,32,0,0,0,0,0,0,0,-1,0,0,0,0,-1,0,1,-1,-1,1,0,-2,-1,0,1,1,1,0,-1,0,0,0,0,0,-1,0,0,0,0,-1,-1,0,0,0,0,1,1,0,1,0,1,0,1,1,-1,0,1,0,0,1,-1,0,0,0,0,0
0,33,0,0,0,0,-1,0,-2,0,0,0,0,1,0,0,0,0,1,0,1,0,0,1,0,1,1,1,0,0,0,0,0,1,-1,0,0,0,0,0,0,-2,-1,0,0,0,0,0,0,1,0,0,1,0,0,0,0,0,0,0,0,-1,0,0,0,0
0,34,0,0,-2,0,0,0,0,0,0,0,0,-1,0,0,0,1,0,-1,0,0,0,0,-1,0,0,0,1,1,0,0,-1,0,0,-1,1,0,0,0,1,0,0,1,0,-1,0,0,1,0,0,0,0,-1,-1,0,-1,0,-1,0,0,0,0,0,0,0
0,35,0,0,-1,0,0,1,0,0,0,-1,0,1,0,-1,0,0,0,-1,0,0,0,0,0,-1,-1,0,0,0,0,0,0,1,-1,0,-1,-2,1,0,0,0,1,0,1,-1,-1,-1,0,0,0,0,0,0,0,1,0,0,0,0,0,-1,0,0,-1,2
0,36,0,0,-1,0,0,1,0,0,-1,0,0,0,0,0,0,-2,0,0,-1,0,-2,0,0,0,-1,-1,0,0,0,0,0,0,0,0,-1,0,0,1,0,0,0,0,0,1,0,0,0,-1,0,0,0,0,0,0,0,1,-1,0,-1,1,0,0,-2,0
0,37,0,0,-2,0,0,0,1,-1,0,0,0,1,1,1,0,-1,0,0,0,-1,0,0,-1,0,0,0,0,0,0,0,1,1,1,-1,1,0,0,0,0,-1,-1,-1,-1,0,0,0,0,0,0,1,0,0,0,-1,1,1,0,0,0,1,0,1,0,0
0,38,-1,0,2,0,0,0,0,0,0,1,-1,0,0,0,-1,0,0,-1,0,-1,0,-1,1,0,0,1,1,0,0,0,1,0,-1,0,0,0,0,0,0,0,0,0,0,0,1,0,0,0,0,-1,0,0,0,1,0,0,-1,0,0,0,1,1,0,0
0,39,0,0,0,-1,0,-1,0,0,0,0,0,0,0,-1,0,1,-2,0,0,0,0,0,0,1,2,0,0,0,2,0,0,0,0,0,1,0,0,1,-2,0,0,0,-1,0,0,-1,0,1,0,0,0,0,-1,0,1,0,0,0,0,0,0,0,0,0
0,40,0,0,0,0,-1,0,0,-1,0,-1,0,0,0,-1,0,0,0,0,0,0,0,0,0,0,0,1,0,-1,1,0,0,0,2,1,0,0,0,0,0,0,0,0,-1,0,0,0,1,0,-3,-1,0,-1,0,1,0,0,-1,0,-1,2,0,0,0,1
0,41,-1,0,0,0,1,-1,0,0,0,0,0,0,0,1,0,0,1,0,0,2,0,0,-1,1,0,1,-1,0,0,0,1,-1,0,0,0,-1,-1,0,0,0,0,-1,0,0,1,0,-1,0,2,0,0,0,1,0,0,2,0,0,0,0,0,0,0,1
0,42,-1,-1,1,-1,-1,0,1,0,0,-1,1,0,0,0,0,-1,0,0,-1,0,1,-1,0,0,0,0,-1,-1,0,1,1,0,-1,0,0,1,0,1,0,0,0,0,0,0,0,0,1,1,0,0,0,0,0,2,0,0,-2,1,0,0,0,-1,0,0
0,43,1,-1,-1,0,-2,0,0,0,1,-1,0,0,0,0,1,0,0,0,0,-1,0,0,0,0,-2,0,1,0,0,1,1,0,0,0,0,0,0,0,-1,1,-1,1,0,0,0,0,0,-1,-1,0,0,0,-1,-1,2,0,0,-1,0,0,0,-1,0,0
0,44,0,0,0,0,-1,0,0,-1,-1,1,0,0,0,0,0,1,0,0,0,0,0,0,0,0,0,0,0,1,1,1,0,0,-1,0,-1,1,0,1,0,0,0,0,0,0,0,2,0,1,0,0,0,0,0,1,-1,1,0,1,0,-1,0,1,0,0
0,45,0,0,0,0,0,0,-1,1,-1,0,-1,0,0,0,0,1,0,-1,-1,0,0,0,0,-1,0,0,0,-1,0,0,1,1,1,0,0,0,1,-1,0,-2,2,0,0,0,0,0,-1,0,3,0,0,0,0,0,0,0,0,0,0,0,0,0,0,-1
0,46,0,0,-2,0,0,-1,0,0,0,0,0,-1,0,0,0,0,0,0,0,0,0,0,0,0,0,0,0,-1,1,0,-1,0,-1,0,-1,0,0,0,-1,0,0,0,0,0,0,0,-1,0,0,0,0,0,0,0,0,0,0,0,0,0,0,0,0,0
0,47,0,2,-1,1,0,1,0,0,-2,0,0,0,0,0,0,0,0,-1,0,0,0,-1,0,0,-1,-1,0,0,0,0,1,1,0,0,0,1,0,1,0,0,-1,0,0,-1,-1,-1,0,-1,1,0,1,0,0,0,0,0,0,0,-1,1,0,0,0,0
0,48,0,0,0,0,1,-1,0,0,0,0,-1,0,0,0,0,0,0,0,0,0,-1,0,0,0,0,0,0,1,0,0,1,0,0,1,-1,0,0,0,0,0,0,0,0,1,0,0,0,-1,0,0,1,0,0,0,-1,0,-1,0,0,0,0,0,0,-1
0,49,0,0,0,0,0,0,0,0,-1,2,0,1,0,0,0,1,0,0,0,-1,0,1,0,0,0,0,0,0,1,0,-1,-1,1,-2,1,-1,1,0,0,-1,1,0,0,0,0,0,1,1,0,-3,1,0,0,0,0,0,0,0,0,0,2,0,1,0
0,50,0,0,1,0,0,1,0,1,0,1,-2,0,0,0,0,0,0,-1,0,0,0,0,0,0,0,0,-1,-2,1,-1,0,1,1,0,1,0,0,0,0,0,0,0,0,0,0,-1,-1,0,0,0,0,-1,0,0,0,0,0,-1,0,0,0,0,0,0
0,51,0,-1,0,0,1,0,-1,0,0,0,0,0,0,0,0,0,0,-1,-1,0,0,2,1,0,0,1,-1,0,0,1,0,-1,0,-1,0,0,1,0,0,1,0,0,1,0,1,0,0,0,-1,0,0,0,1,0,-2,-1,0,-1,0,-1,-1,-1,-1,0
0,52,0,0,2,0,0,0,0,0,-2,0,0,0,0,0,0,0,0,-1,0,0,0,0,0,0,0,-1,-1,0,0,0,-2,2,0,0,0,0,-2,0,0,0,0,0,0,-1,0,2,0,0,-1,0,0,0,0,-1,0,0,0,-1,-3,-1,0,-1,0,1
0,53,0,0,0,0,0,0,0,0,1,0,1,0,0,0,0,0,0,0,-1,0,1,0,0,1,-1,2,1,0,0,2,0,-1,0,0,-1,-1,1,0,-2,-2,0,2,0,1,1,0,0,1,0,0,0,0,1,-1,-1,0,0,0,0,0,0,0,1,2
0,54,0,0,-1,0,0,0,2,1,0,0,0,0,0,-1,0,0,-1,0,0,0,0,0,1,0,0,-2,1,0,-1,-1,0,2,0,0,0,0,1,-1,0,0,0,0,0,0,0,-1,0,-1,0,0,0,0,0,0,0,0,0,0,0,0,1,0,0,-1
0,55,1,0,0,1,0,0,-1,0,0,0,0,-1,0,0,0,1,0,0,-1,0,-1,0,0,-1,0,0,0,-1,-1,2,0,0,0,0,0,-1,-2,0,0,0,0,0,0,-1,0,0,0,-1,-2,-1,-1,0,0,0,-1,-1,0,0,0,0,-1,0,0,0
0,56,0,0,0,-1,-2,-1,0,1,0,2,-1,0,0,0,2,0,0,0,1,2,0,0,0,1,1,1,0,0,1,0,0,0,1,-1,0,0,0,0,0,-1,0,-1,0,0,1,1,0,0,1,0,0,-1,0,0,0,0,0,0,1,1,-1,0,0,0
0,57,0,1,0,0,0,1,0,-1,1,1,0,0,0,0,0,1,0,1,-1,0,0,0,0,0,0,0,0,-1,0,0,1,-1,0,0,1,1,0,1,0,0,0,1,0,0,-2,0,0,0,0,-1,0,0,0,0,0,0,-1,0,1,0,0,-1,-1,0
0,58,0,0,0,1,-1,-1,0,0,-1,0,0,0,0,1,0,1,0,0,0,0,0,0,-1,1,-1,0,-1,0,0,1,0,0,0,-1,0,-1,0,0,0,0,1,0,0,0,-2,0,0,0,0,0,1,0,1,0,0,0,-1,1,-1,-1,1,0,0,1
0,59,1,0,0,0,0,0,-1,-2,-1,0,0,0,0,0,0,1,0,1,0,0,0,0,1,1,0,-1,1,-1,0,-1,-1,0,-1,-1,0,0,0,0,0,1,0,0,-2,0,1,0,0,-1,1,0,1,2,0,0,0,1,0,0,0,1,0,-1,0,2
0,60,0,0,1,1,1,0,-1,-2,-1,-1,0,0,0,0,1,1,0,0,0,0,-1,-1,0,0,-1,0,-1,0,0,0,0,-1,-1,1,0,0,0,0,0,0,0,-1,-1,0,0,1,1,0,0,0,0,1,0,0,-1,0,0,0,0,0,0,0,0,0
0,61,0,-1,0,-1,-1,0,0,0,0,0,0,0,0,-1,0,0,0,0,0,0,0,-1,-1,0,0,-1,0,0,0,0,0,0,1,-1,0,0,0,0,1,0,0,1,-1,0,1,0,-1,0,1,0,0,0,0,0,0,0,0,0,0,0,0,0,0,-1
0,62,1,1,0,0,0,0,1,0,0,1,0,0,0,0,-1,0,0,0,0,-1,0,1,0,1,0,0,0,-1,-1,0,-1,-1,0,0,0,0,2,1,0,0,0,1,0,0,0,2,1,0,0,1,1,0,0,0,0,0,0,0,1,0,1,-1,0,0
0,63,0,0,0,0,0,0,1,0,0,0,1,-1,0,1,0,0,0,0,1,0,0,0,0,-1,-1,0,0,0,0,0,1,0,0,0,-1,0,0,0,0,1,0,0,0,-1,2,0,-2,0,-1,-1,-1,0,0,0,-1,1,0,1,0,0,0,1,0,0
0,64,0,0,0,0,1,0,0,0,0,-1,0,0,0,0,0,1,-1,0,1,0,-1,0,0,0,0,0,0,0,0,-1,0,-1,-1,0,0,1,0,0,0,-1,0,0,2,0,0,0,0,0,0,0,0,0,0,0,0,0,0,0,0,1,1,1,0,1
0,65,0,-1,0,0,0,1,0,0,0,0,-2,0,0,0,0,1,0,0,0,0,0,0,1,-1,0,0,0,0,0,-1,1,0,0,0,0,1,1,0,0,0,0,0,0,0,0,-1,0,-2,0,0,0,0,0,1,0,0,0,-1,0,0,-1,0,0,0
0,66,0,-1,0,-1,0,0,0,0,0,-1,0,0,0,1,0,1,0,-2,0,2,0,1,0,0,1,0,0,0,0,1,-1,0,0,0,0,1,0,0,-1,0,0,1,0,0,1,-1,0,0,0,0,0,0,1,-1,1,0,0,0,-1,0,0,1,-1,1
0,67,0,0,-1,0,0,0,-1,0,0,0,0,0,-2,-1,0,0,0,-1,0,0,-1,0,1,0,0,0,-2,1,0,0,0,-1,0,0,1,1,0,0,2,0,0,0,0,0,0,-1,0,0,0,0,0,0,0,0,0,-1,0,0,0,-1,0,0,-1,0
0,68,-2,1,0,-1,0,-2,-1,0,0,0,1,0,-1,0,-1,0,-2,0,0,0,0,0,0,-1,-1,0,-1,1,0,0,1,0,0,0,0,0,0,0,1,0,1,0,-1,-1,0,0,-1,0,0,0,0,0,0,0,-1,1,0,0,0,-1,0,0,0,-1
0,69,-1,0,0,0,0,1,0,-1,0,0,0,0,0,0,0,0,0,0,-1,0,0,-1,-1,1,1,0,1,-1,0,1,0,-1,1,0,0,0,0,0,0,0,0,0,0,0,1,-1,0,0,2,0,0,0,0,-1,0,-1,-1,0,0,0,0,0,0,0
0,70,1,-1,1,-1,-1,1,0,0,3,0,0,0,-1,-1,-1,0,0,0,-1,0,0,0,0,0,0,0,0,0,1,0,2,0,0,0,1,1,2,-1,1,-1,0,-1,0,0,0,0,0,0,0,0,0,0,1,0,0,0,-1,-1,0,-2,1,1,0,0
0,71,-1,0,0,1,0,0,0,-1,0,1,0,-2,0,0,0,-1,0,0,-1,-1,0,0,0,0,1,1,0,0,0,0,0,0,0,0,-1,0,0,0,0,0,-3,0,0,1,0,1,0,0,0,0,0,0,0,1,1,0,0,0,1,0,1,1,1,0
0,72,0,0,1,0,1,-1,0,2,0,0,0,0,2,1,0,2,-1,-1,0,1,0,0,0,0,0,0,-1,0,-1,0,0,0,0,1,0,-1,0,1,0,0,0,0,0,0,0,1,0,-1,0,-1,0,0,0,-1,1,-2,0,0,0,0,0,0,0,0
0,73,0,0,0,0,0,0,0,0,0,0,0,0,0,0,0,0,1,0,0,0,0,0,1,0,0,0,0,1,-1,0,0,0,0,0,1,-1,0,0,0,0,-1,0,1,0,0,0,0,1,1,0,0,0,0,1,0,2,0,-1,1,1,0,1,-1,2
0,74,-1,-1,0,0,0,0,0,-1,0,0,0,0,-1,-1,0,0,0,1,0,0,0,0,0,-1,0,2,0,0,0,0,0,0,2,1,0,-1,0,-2,-1,0,0,0,0,0,0,0,-1,0,0,1,0,-2,0,0,0,0,1,0,0,-1,0,1,0,-1
0,75,0,0,1,0,0,0,2,0,0,0,0,0,0,2,0,0,0,1,2,0,-1,0,0,0,0,1,1,0,0,0,0,0,0,0,1,1,0,1,0,0,0,1,0,0,1,0,0,0,0,0,0,1,0,0,0,0,1,1,0,0,0,0,0,1
0,76,0,-1,0,1,0,0,0,0,0,-2,0,0,0,0,-1,0,-1,0,0,0,0,1,-1,-2,0,0,0,1,1,0,0,0,0,0,0,0,1,0,1,-1,0,0,0,0,1,0,0,0,0,-1,0,0,0,-3,0,1,0,0,0,0,-1,0,0,-1
0,77,0,0,0,0,0,0,0,-1,0,1,0,0,0,0,0,0,1,0,-2,-1,2,0,0,0,0,0,1,0,0,1,1,0,0,-1,0,1,0,0,-1,-2,0,1,0,1,2,0,1,-2,0,-1,-1,0,0,0,0,0,0,1,1,0,0,0,0,0
0,78,0,0,0,-2,2,1,0,0,0,1,-1,0,0,-1,1,0,0,0,-1,0,0,0,0,0,1,-1,0,0,0,-1,0,0,-1,2,1,0,0,-2,-1,0,0,0,1,0,0,0,0,0,0,1,0,0,-1,1,0,0,0,0,0,0,0,-1,0,0
0,79,0,1,0,-1,0,0,1,0,-1,0,0,0,0,0,0,0,-1,-1,0,-1,0,-1,1,0,0,-1,0,0,0,0,0,0,0,0,0,0,0,0,0,0,1,1,0,0,0,1,0,0,0,0,0,0,-1,1,0,0,-1,0,1,0,0,0,0,-1
0,80,0,0,-1,0,0,0,0,0,0,-1,1,-1,-1,0,0,0,0,0,0,0,-1,0,0,0,-1,0,-1,0,0,-1,0,0,0,-1,0,-2,1,0,0,1,0,0,0,0,0,0,0,-1,0,1,-1,0,1,0,1,0,0,-1,0,0,0,0,0,0
0,81,0,0,0,0,0,-2,0,3,1,0,0,0,0,1,1,1,-1,0,1,0,0,0,0,0,0,0,0,1,0,1,0,-1,0,0,1,0,0,1,0,0,1,0,0,0,0,0,0,-2,3,0,0,0,0,0,0,0,0,0,0,0,-1,1,0,0
0,82,0,1,0,0,0,0,0,0,0,-1,-1,0,0,1,1,-1,0,-1,-1,0,0,-1,0,0,0,-1,0,-1,1,0,0,0,0,0,1,0,0,0,1,0,1,-1,0,0,0,0,0,0,1,-1,-2,0,-1,0,0,0,-1,0,0,0,0,0,0,1
0,83,1,-1,0,0,-1,1,0,1,0,0,0,0,0,0,0,0,0,-2,0,0,0,0,0,0,0,-2,0,0,0,0,0,0,0,0,-1,1,-1,0,0,1,0,0,0,-1,0,0,0,1,0,0,0,0,0,0,-1,0,-1,0,1,-1,1,0,0,1
0,84,0,0,0,0,0,0,2,0,2,0,0,-1,0,0,-1,0,0,2,-1,0,0,0,1,0,0,0,0,0,0,0,-2,0,0,0,0,0,-1,0,-1,0,-1,-1,0,1,0,0,0,0,0,0,0,1,1,0,0,0,1,1,1,0,0,0,1,0
0,85,1,-1,1,0,0,0,0,-1,0,-1,1,0,0,0,0,0,0,0,0,0,0,-2,0,-1,0,0,0,-1,0,0,0,0,0,0,0,0,0,-1,1,0,0,1,0,1,1,0,0,-1,0,0,0,0,0,0,0,0,0,0,0,0,1,-2,-1,1
0,86,0,0,0,0,0,-1,0,1,0,0,0,0,0,0,0,0,0,-1,0,0,0,-1,-1,0,0,-1,-1,-1,0,-1,0,0,0,0,0,0,0,0,0,0,0,0,0,-1,1,0,0,0,0,2,0,0,1,0,0,-1,0,0,0,-3,0,0,1,-1
0,87,-1,0,-1,0,0,0,0,0,0,1,-1,0,0,0,0,0,0,0,-2,0,0,0,1,0,0,0,0,0,-2,0,0,0,-1,0,0,0,0,0,0,0,0,1,0,0,0,1,0,0,-1,0,0,0,0,0,-1,1,-1,2,0,0,0,2,0,0
0,88,1,2,0,0,1,0,0,0,0,0,0,1,1,0,0,0,0,0,0,0,0,1,0,1,0,1,0,1,-1,1,0,0,-1,0,0,0,1,1,-1,0,1,-2,0,-1,0,0,2,1,0,0,0,-1,0,0,0,0,0,2,0,-1,0,0,-1,0
0,89,0,-1,0,0,1,-2,-1,0,0,1,-2,0,0,-2,0,-1,1,0,0,0,0,0,0,-1,0,2,0,1,0,-1,-1,0,1,0,-1,-1,0,0,1,0,0,1,0,0,0,1,-1,0,0,0,0,1,-1,0,-1,0,1,-1,0,0,0,-1,0,0
0,90,0,0,0,2,0,0,1,0,0,1,0,0,0,0,0,0,1,0,0,0,0,0,0,0,0,-1,0,0,0,0,0,0,0,0,0,0,-1,0,0,0,0,0,0,0,0,0,0,0,1,-1,0,0,0,0,0,0,0,0,0,-1,0,1,-1,1
0,91,0,0,0,0,0,1,-2,-1,0,0,1,1,0,-2,0,-2,1,0,0,0,1,1,1,1,0,0,0,0,0,-1,1,0,0,-1,0,0,0,0,1,0,-1,0,0,0,0,1,1,0,0,0,0,-1,0,0,-2,0,-2,0,0,-1,0,0,1,0
0,92,1,0,0,0,0,-2,0,-1,0,0,-1,0,-1,0,1,1,0,0,0,-1,1,0,0,0,-2,-2,0,0,-1,-2,0,0,0,1,0,1,0,0,0,1,0,1,0,0,0,-1,1,0,0,1,0,0,-1,-1,1,0,0,-1,0,0,0,0,0,1
0,93,0,1,0,0,1,0,0,0,0,1,0,1,0,0,0,-1,0,0,-2,0,0,-1,-1,0,0,-1,0,-1,0,0,0,0,0,1,0,0,1,0,0,0,0,0,0,0,0,1,0,1,1,0,0,0,0,-1,0,0,0,0,-1,0,0,0,0,0
0,94,0,0,0,0,0,0,1,0,1,0,2,-2,0,0,0,1,0,1,0,1,0,0,0,-1,0,0,0,0,0,0,0,0,0,-1,2,1,1,0,0,0,0,0,0,0,0,0,0,1,0,-1,0,0,0,1,0,1,0,2,0,-1,-1,-1,-1,0
0,95,-2,0,-1,0,-2,0,0,0,1,-1,0,1,0,0,-1,-1,0,-1,0,1,0,0,-1,-1,-2,0,1,0,0,0,1,0,1,0,-1,0,-1,1,0,-1,0,1,0,0,-1,-1,0,0,0,0,0,0,0,0,-2,0,0,-1,0,-1,0,0,0,0
0,96,0,-1,0,0,0,0,0,0,0,0,0,0,-2,0,0,3,0,0,0,0,0,0,1,0,0,0,0,1,0,0,1,1,0,0,1,0,-1,0,0,0,0,0,0,0,0,-1,0,0,0,1,0,0,0,0,0,0,0,0,0,0,0,-1,0,0
0,97,0,0,2,0,0,2,0,0,0,0,1,0,0,2,0,-1,1,0,0,0,0,0,0,0,0,0,0,3,-1,-1,0,0,0,-1,0,0,0,0,0,-1,0,0,0,1,0,0,-1,0,0,-1,0,0,1,1,0,0,0,1,0,0,0,-1,2,0
0,98,1,-1,0,0,1,-1,0,0,0,0,0,0,0,0,0,0,-1,0,0,1,-1,0,0,0,2,0,0,-1,2,0,0,-3,0,0,0,0,0,0,-1,1,0,0,0,0,-1,1,0,-1,1,-1,0,-1,0,1,1,0,0,-1,0,-1,0,0,0,0
0,99,0,3,-2,0,-1,0,0,0,0,-1,-1,0,0,-1,-1,0,1,0,0,0,0,0,0,0,0,-1,0,0,0,2,0,0,2,0,0,-1,0,0,0,0,0,0,0,1,0,2,0,0,-1,0,0,0,0,1,0,0,0,0,0,0,0,-1,0,0
0,100,0,0,0,0,0,0,1,1,0,0,-1,1,0,0,-1,0,0,-1,-1,0,0,1,0,0,0,1,0,0,0,-1,0,0,-1,0,0,0,0,0,0,-2,0,0,-2,3,0,0,-1,-1,-1,0,0,0,0,0,0,0,-1,0,0,-1,0,0,0,-1
0,101,-1,1,2,0,0,0,0,-1,-1,0,-1,-2,0,2,1,-1,0,0,0,0,0,0,-1,0,0,-1,0,-1,0,-1,1,0,0,1,1,-1,0,-2,0,0,0,0,0,0,0,0,0,0,2,-1,-2,0,0,0,-1,0,1,0,0,0,0,0,0,0
0,102,0,-1,-2,0,0,0,1,0,0,-1,-1,1,0,0,0,0,-1,-1,-1,0,0,-1,0,0,0,0,0,0,0,0,-1,0,0,0,1,1,0,0,0,0,1,-1,0,0,-1,-2,-1,0,0,0,0,0,0,0,0,0,0,0,-1,0,-1,0,0,-2
0,103,0,0,0,0,0,0,1,0,0,1,0,0,1,1,0,1,0,1,-1,-1,1,-2,0,0,0,0,1,0,0,0,0,0,0,0,0,0,0,-1,0,-1,0,1,1,-2,0,0,0,-1,0,0,0,0,0,0,0,0,0,0,2,0,0,0,-1,2
0,104,0,1,0,0,-1,0,0,0,0,0,0,0,0,0,0,0,1,0,0,0,0,0,-1,1,-1,0,0,-1,0,0,0,0,2,1,0,0,0,1,0,0,0,1,0,0,0,0,0,0,1,0,-1,2,0,0,-2,0,0,0,-1,0,-1,-1,1,0
0,105,0,0,1,-2,0,-1,1,0,0,0,-2,-1,-1,2,0,0,0,-1,0,0,0,0,0,0,-1,-1,0,0,0,0,0,0,0,0,0,0,0,0,0,0,1,1,0,0,0,0,0,0,1,0,0,0,0,1,0,0,0,0,-1,-1,1,1,1,-1
0,106,0,0,-1,0,0,-1,1,0,0,0,0,-1,-1,1,0,0,0,0,0,0,0,0,0,0,0,1,0,-2,0,0,1,-1,0,0,-1,0,1,0,0,0,0,1,0,0,0,0,-1,0,-2,0,0,0,0,0,0,-2,0,0,-1,0,-1,0,0,1
0,107,0,1,0,0,0,-2,-1,-1,-1,-1,1,0,0,0,0,-1,-1,0,0,-1,-1,-1,0,0,1,0,-1,0,-1,0,0,0,1,0,0,1,1,0,0,0,0,-1,0,0,0,-1,0,0,1,-1,-1,-1,0,0,-1,1,0,0,1,0,1,0,0,-1
0,108,1,0,0,0,0,0,-1,1,0,-1,0,0,0,0,1,-1,0,0,0,1,0,1,0,0,0,-1,0,-1,1,-1,1,1,0,0,-1,0,0,1,-1,0,1,0,0,0,0,0,0,0,0,0,-1,0,0,0,-1,0,0,0,0,0,1,0,0,0
0,109,0,0,0,0,0,1,-1,-1,0,0,0,0,0,0,0,1,0,0,0,0,0,0,-1,2,0,1,0,0,1,1,0,1,0,0,0,0,0,1,0,0,0,0,0,0,-1,0,0,1,0,0,0,0,0,1,0,0,0,0,0,0,0,0,0,0
0,110,0,0,1,-1,0,-1,0,1,0,1,-1,0,0,1,1,0,-2,0,-1,0,0,0,0,0,0,-2,-1,0,0,0,0,0,1,0,0,-1,-1,0,0,2,0,0,-1,0,0,0,-1,0,0,0,0,0,0,0,0,0,0,-1,1,0,-2,-2,0,0
0,111,0,1,0,0,0,0,0,0,0,-1,1,0,1,-1,0,0,-1,0,0,0,0,0,-1,0,0,0,-1,0,0,0,0,-1,0,0,0,-1,0,0,0,0,-1,0,0,0,-2,0,-1,0,0,1,0,0,0,0,1,0,0,0,0,-1,-1,0,-1,0
0,112,0,0,0,0,1,1,0,0,0,-1,0,-1,0,1,0,-1,1,1,1,0,-1,0,0,-1,0,1,2,-1,0,0,-1,0,0,0,0,0,0,-2,0,0,0,2,0,0,-1,1,-1,0,0,0,0,0,0,0,-1,0,1,0,-1,0,-1,0,0,0
0,113,0,0,0,0,0,1,0,0,0,0,1,0,0,-1,0,0,0,0,0,0,0,0,0,1,0,0,0,0,0,0,0,0,0,1,0,0,0,0,0,0,0,0,0,0,1,0,0,0,1,0,0,0,-1,-1,0,0,0,0,1,0,-1,0,-1,-1
0,114,0,0,-2,0,0,0,0,1,0,0,0,0,0,1,2,-1,1,0,-1,0,0,0,0,0,0,-1,0,0,0,0,0,1,-1,0,1,0,0,0,-1,0,0,0,0,0,0,0,0,0,0,-1,0,0,1,0,0,1,0,1,0,-1,-1,0,0,0
0,115,0,0,0,0,-1,0,0,0,1,0,-1,0,0,-1,0,0,-1,0,-1,0,-1,1,0,0,0,0,0,0,0,0,-1,0,0,0,-1,0,0,0,0,0,-1,0,0,-1,0,0,0,0,0,0,-1,0,0,0,0,0,0,1,-1,1,0,0,0,-1
0,116,1,0,0,0,0,-1,0,1,0,0,0,0,0,-1,0,1,1,0,-1,-1,0,0,0,0,2,0,0,0,-1,0,-1,0,-1,0,0,0,1,1,0,0,0,0,0,0,1,0,0,0,1,0,0,-2,0,-1,0,0,0,0,0,0,0,1,0,-1
0,117,1,0,0,0,0,1,-1,0,0,0,-1,-2,0,-3,0,0,0,0,0,0,0,-1,0,0,3,0,0,1,0,0,0,1,0,0,1,0,0,-3,0,0,-1,-1,0,-1,0,0,-2,0,0,0,1,-2,1,1,0,0,1,-1,0,0,0,0,0,0
0,118,0,0,0,-1,0,1,0,0,0,0,-1,0,0,1,0,0,-1,0,0,0,0,0,0,0,0,0,1,0,0,2,0,0,0,0,-1,0,0,0,-1,0,0,1,0,0,0,0,0,0,0,1,0,0,0,1,0,0,0,0,0,0,-1,0,0,0
0,119,-1,0,0,0,1,0,1,0,0,0,-1,0,0,0,1,0,-1,-1,0,1,0,0,0,0,0,0,0,1,0,0,2,0,0,0,0,1,-1,0,-1,1,-2,0,2,-1,1,0,0,-1,-1,0,0,0,0,-1,0,-1,0,0,1,0,0,0,-1,0
0,120,0,0,0,0,0,0,1,-2,0,1,0,0,0,-1,0,0,1,0,0,0,0,0,0,0,-1,1,0,1,2,0,1,0,0,0,0,0,1,-1,0,0,0,0,0,0,0,0,-1,-2,0,-1,2,0,-1,0,0,-1,0,0,2,1,0,0,0,-1
0,121,0,0,0,1,0,1,-1,0,-1,0,-1,0,0,0,0,-1,0,0,0,1,0,0,0,0,0,0,0,2,0,-1,0,2,-1,0,0,0,0,0,1,0,0,0,0,0,0,1,2,0,0,1,1,0,0,1,0,0,0,0,0,1,-2,0,0,-1
0,122,0,1,0,-1,1,0,0,0,0,0,-1,1,0,0,0,-1,-1,1,0,0,-1,-2,0,0,0,1,1,-1,0,0,1,0,0,0,1,0,0,0,0,0,0,0,0,0,0,0,-2,0,0,2,0,0,0,0,0,0,0,-2,0,-1,-1,0,0,0
0,123,0,0,0,0,0,0,1,2,0,0,0,1,1,0,-1,1,0,0,0,0,0,0,-1,0,0,0,0,1,2,0,0,2,0,0,0,1,0,0,0,0,1,0,-1,2,0,1,0,0,0,0,-1,1,0,0,-1,0,0,1,0,0,0,-2,0,-1
0,124,-1,0,0,0,2,-2,0,0,1,0,1,0,0,0,0,0,0,0,-1,0,0,0,0,0,0,0,1,-1,0,-1,0,0,0,0,0,0,0,0,0,0,1,0,-1,0,0,1,-1,0,0,0,0,0,1,1,0,1,0,0,0,0,0,1,0,0
0,125,0,-1,1,0,0,0,0,0,0,0,0,0,-1,0,0,0,-1,0,0,0,-1,0,0,0,0,0,1,0,0,0,-1,1,0,0,-1,0,0,0,0,0,0,1,-1,0,1,-1,0,0,0,0,0,2,-1,-1,0,-1,0,0,-1,0,0,0,0,0
0,126,0,0,-1,0,0,-1,1,0,0,1,0,0,0,-1,0,-1,0,1,0,0,1,1,-1,0,0,0,0,0,0,0,0,0,0,1,0,0,0,-1,2,0,0,0,0,0,0,0,0,0,0,1,0,0,0,0,0,0,1,0,0,0,0,0,1,0
0,127,1,0,0,1,0,0,-1,0,0,-1,0,0,-2,0,0,0,-1,0,0,-1,0,0,0,0,0,0,0,-1,1,2,0,0,1,0,0,2,-2,-1,0,0,0,1,0,0,1,0,-1,0,-1,0,0,0,0,0,0,0,0,0,1,-1,0,-1,0,0
0,128,1,-1,0,0,1,0,0,0,0,0,1,1,-1,0,0,0,0,-1,-2,0,0,0,0,1,1,0,1,0,1,-2,0,0,0,0,0,-1,0,1,-2,0,0,0,1,0,-1,1,0,0,0,2,2,0,0,1,0,0,0,-1,0,0,0,0,0,0
0,129,0,0,0,0,0,0,0,0,1,1,0,-1,0,0,0,-1,0,0,0,0,0,1,0,2,1,0,0,1,1,0,0,0,0,0,0,0,0,0,-1,0,0,0,1,0,0,0,0,0,1,0,0,0,0,1,0,1,-1,0,0,0,0,0,0,0
0,130,0,0,0,0,0,2,0,0,0,0,0,0,0,0,0,0,0,0,1,0,-1,1,0,1,2,0,1,1,-1,0,0,0,0,0,1,0,-1,1,1,1,0,0,0,0,-1,1,0,0,1,0,0,0,0,0,0,1,1,1,0,0,0,0,0,0
0,131,0,0,0,1,-2,0,1,0,-1,1,1,2,0,2,0,-1,0,0,-1,0,0,0,-1,0,1,1,-1,-1,0,1,0,0,-1,-1,-1,-1,0,0,-2,0,1,0,-2,-1,0,0,0,0,-1,0,0,0,1,2,-2,0,0,0,0,1,1,0,0,1
0,132,0,0,0,0,0,0,0,0,0,0,0,0,0,0,-2,0,-1,-1,0,0,-2,0,-1,0,0,0,0,3,-2,0,0,0,0,0,0,0,0,1,0,0,0,1,-1,-1,0,-1,0,1,1,0,-1,0,0,1,-1,0,0,0,0,0,0,0,0,0
0,133,1,-1,0,1,1,0,-2,0,0,-1,0,-1,-1,0,0,0,0,0,0,0,0,0,-1,1,0,0,2,0,1,0,-1,0,0,0,0,0,0,1,-1,0,-1,0,0,0,0,0,0,0,0,0,0,-1,0,0,0,0,0,-1,-2,0,1,-1,0,0
0,134,-1,0,0,-1,0,0,1,0,0,0,1,0,0,0,0,-1,1,0,0,0,0,0,0,0,-1,-1,0,0,0,-1,0,0,0,0,0,0,0,0,1,0,-1,1,0,0,1,-1,-1,0,0,0,0,0,0,0,0,0,0,0,1,0,0,-1,-2,-1
0,135,0,0,0,1,-1,0,0,0,-1,-1,0,0,0,1,0,0,-1,0,0,0,0,-1,0,-1,0,0,0,-1,0,0,0,0,0,0,2,0,0,0,0,0,-1,0,0,1,1,0,1,2,0,0,0,0,-1,1,-1,1,1,0,0,0,-1,0,0,0
0,136,-3,0,0,0,0,0,-1,-1,0,0,0,0,2,0,-1,-1,0,0,1,0,0,0,0,0,1,1,0,0,-1,0,0,1,0,-1,0,0,0,-1,0,0,0,2,1,-1,-1,0,0,-1,0,-2,0,0,0,0,1,1,0,1,0,0,0,0,0,0
0,137,0,1,0,-1,0,0,0,0,0,0,0,0,0,-1,0,-1,0,0,0,0,0,1,0,1,0,-1,0,0,2,0,0,0,-2,-1,0,0,-1,0,0,0,1,0,0,1,0,0,0,-1,-2,1,0,1,0,-1,0,0,1,0,0,0,0,-1,0,0
0,138,0,0,0,-1,-1,0,0,0,0,0,0,0,0,0,0,0,0,-1,0,0,0,1,-1,0,0,-1,0,0,-1,0,0,0,0,0,0,0,1,0,-1,0,-2,-1,-1,0,0,0,0,0,-1,1,0,1,0,0,0,0,0,1,0,1,1,0,0,0
0,139,0,0,0,0,0,0,0,0,0,-1,0,0,-1,0,0,0,-1,0,0,1,1,0,0,0,2,-1,0,0,1,-1,-1,0,0,0,0,1,2,1,-1,0,0,-1,0,-1,0,-1,0,0,0,0,1,0,0,0,0,0,0,-1,0,0,0,1,0,0
0,140,-1,1,0,0,1,0,-1,-1,0,0,0,0,0,0,-1,0,0,0,0,1,0,0,0,-1,0,-1,0,0,0,1,0,0,0,0,0,0,0,0,0,0,0,-1,0,0,-1,0,0,0,0,-1,0,2,0,0,0,1,0,1,1,1,0,0,0,0
0,141,2,0,0,0,1,1,0,-2,0,0,1,1,0,1,0,1,2,1,0,0,1,0,0,1,0,0,0,0,-2,-1,-1,0,-1,0,0,0,0,0,-1,0,0,0,0,0,0,0,0,0,0,0,0,0,0,0,0,1,0,2,0,-2,-2,1,0,0
0,142,0,0,0,0,0,0,0,1,0,0,1,0,0,-1,0,0,-1,0,1,-2,0,0,0,1,1,0,0,1,0,0,0,0,1,-1,0,-1,-1,-1,0,0,-1,-1,1,0,0,1,0,-1,-1,0,0,0,0,-1,0,0,2,1,0,0,-2,0,0,0
0,143,-2,0,0,0,0,-1,-1,0,0,-1,0,0,0,0,2,0,2,2,0,0,0,-1,-1,0,0,1,-1,1,0,0,0,0,1,0,-1,0,0,-1,0,1,-1,-1,0,0,0,0,0,1,0,0,1,0,-1,1,0,0,0,0,0,-1,0,0,0,1
0,144,-1,1,0,0,0,0,0,0,1,1,0,-1,1,-1,-1,0,0,-2,0,0,0,0,1,0,0,-1,0,0,0,0,0,1,0,0,0,0,-1,0,0,0,-1,0,1,1,0,0,0,0,-1,0,-1,0,0,0,-1,0,1,2,0,0,0,0,0,0
0,145,0,0,-1,0,0,1,-1,0,1,0,-1,0,0,0,0,0,0,0,0,0,0,0,0,-1,0,-1,-1,2,1,1,2,0,1,0,-1,0,0,0,0,1,0,0,0,0,0,0,0,0,0,-1,-1,0,0,0,-1,0,1,0,0,1,-1,0,0,0
0,146,0,0,0,0,0,1,0,0,2,-1,0,0,1,-1,-1,-1,0,-1,0,1,-1,0,0,0,1,1,-2,-2,-1,0,0,0,-1,0,2,0,-1,-1,0,0,0,0,0,0,0,0,0,0,-1,-1,0,0,-2,0,0,-1,-1,1,0,0,0,-1,3,0
0,147,0,0,0,0,-1,0,0,0,0,0,0,0,0,-1,1,-1,0,0,-1,1,0,0,0,0,0,0,0,0,0,-1,-1,0,0,0,0,0,0,0,0,-1,1,1,0,-1,0,0,0,1,0,-1,0,0,0,1,-1,0,0,0,0,0,-2,0,0,0
0,148,0,0,1,-1,0,1,-1,0,0,1,0,0,0,-1,0,0,1,1,0,2,0,-2,0,-1,0,0,0,0,0,1,1,0,-1,-1,1,0,0,0,1,-2,1,0,1,0,0,0,0,0,-2,0,0,0,0,0,0,-1,0,1,0,0,1,0,1,0
0,149,0,0,1,1,0,-1,1,0,-1,0,0,0,0,0,0,0,0,0,0,0,0,0,-1,1,0,0,-1,0,0,0,-2,1,0,-2,0,-1,0,-1,0,-1,1,-1,0,0,0,0,0,1,0,0,0,0,0,0,0,-1,0,1,0,0,-1,1,0,-1
0,150,0,0,0,0,1,-2,0,-2,0,0,0,0,1,-1,1,2,0,0,-1,0,0,0,0,1,0,1,0,0,0,-1,0,2,0,0,0,2,0,1,0,0,0,1,0,0,0,0,0,0,0,0,0,0,0,0,0,0,0,0,1,0,0,0,1,1
0,151,0,0,0,0,0,1,1,0,1,-1,1,2,0,1,1,0,0,0,0,0,-1,0,0,0,-1,0,0,0,-1,0,0,0,0,-1,0,0,0,0,0,0,1,1,0,-1,0,0,-1,0,1,0,0,0,1,2,0,0,0,1,0,0,0,1,-1,0
0,152,-2,-1,0,0,0,0,0,0,2,0,0,0,0,-2,0,1,0,0,0,0,0,0,0,-3,1,0,0,0,2,0,-1,2,0,0,0,-1,0,-1,0,0,0,0,0,0,0,0,0,0,2,0,0,0,0,0,-2,0,0,0,0,-1,0,1,1,0
0,153,0,0,0,0,0,0,-2,0,-1,1,0,0,0,0,-1,0,1,0,1,0,0,-1,0,0,0,0,2,0,0,0,1,0,-1,0,0,0,1,0,0,0,0,0,1,0,0,0,0,0,1,0,1,0,1,-1,1,0,1,-1,0,0,0,0,0,0
0,154,0,1,0,-1,0,-1,0,0,0,-1,0,1,0,0,-1,0,0,0,-1,-1,1,1,0,0,-1,0,-1,0,0,0,0,0,0,0,-1,0,0,-1,0,1,-2,0,1,0,0,-1,0,0,0,0,1,1,0,0,-1,0,1,0,-1,0,0,-1,0,2
0,155,0,0,0,1,0,0,0,0,0,1,0,0,1,0,0,0,0,0,1,1,0,0,0,0,0,-1,0,0,0,0,0,-1,0,0,0,1,0,1,0,-1,0,0,0,0,0,0,0,0,0,-1,0,0,0,0,0,0,0,-1,0,0,0,0,0,0
0,156,0,0,0,1,1,1,0,0,0,-1,0,0,0,1,0,0,0,0,1,0,0,0,0,0,0,-1,0,0,0,0,0,0,0,0,2,0,0,0,2,0,-1,0,0,0,0,0,0,-1,1,0,1,0,0,0,1,0,0,0,1,0,0,0,0,1
0,157,-1,0,0,0,0,-1,0,0,1,0,0,-1,1,-2,0,1,-1,0,1,0,-1,0,0,0,2,0,-1,0,0,-1,0,0,0,0,0,-1,0,0,0,0,0,-1,1,0,0,0,1,0,-1,0,1,0,3,0,0,0,0,0,-1,-1,0,0,1,0
0,158,-1,0,0,0,0,1,0,0,-1,0,-1,0,0,0,0,0,0,0,-1,0,1,1,0,0,0,0,-1,0,0,0,-2,0,0,0,0,0,1,1,0,-1,0,0,0,-2,0,0,-1,0,0,0,0,-1,0,0,-1,0,0,1,1,-1,0,-1,0,0
0,159,1,0,0,0,0,0,0,0,0,0,0,-1,0,0,1,0,0,0,0,0,0,2,0,0,0,2,-1,0,0,0,0,0,0,0,0,0,0,0,2,0,0,-1,0,-1,2,0,1,0,0,0,0,1,0,2,0,0,0,2,0,0,0,0,0,-1
0,160,0,1,0,0,0,0,0,-1,-1,0,0,-1,0,0,-1,-1,0,0,-1,1,0,0,0,-1,0,0,1,0,0,-2,0,-1,0,-2,0,1,0,0,0,2,-2,0,0,1,0,1,0,-1,0,0,2,0,0,0,0,-1,-1,0,0,0,0,0,0,0
0,161,0,0,1,0,0,0,2,0,0,-1,0,1,1,0,0,0,-1,0,0,1,-1,0,0,0,-1,0,0,0,0,0,0,-1,-1,0,0,0,0,0,0,0,1,0,0,0,1,1,0,-1,-1,1,0,-1,0,0,0,0,-1,-2,0,-1,0,0,0,1
0,162,1,0,0,0,0,1,-1,0,0,0,2,-1,0,0,0,0,0,0,0,0,-2,-1,0,-1,0,-1,1,-1,1,0,-1,-1,0,0,1,0,0,0,0,0,0,0,0,1,0,0,-1,2,0,0,0,0,0,0,0,1,1,1,0,0,-1,0,0,-1
0,163,0,0,0,-1,0,-1,-1,0,1,-1,-1,0,0,1,0,0,1,0,0,1,1,0,1,-1,-1,0,0,-1,0,0,0,0,0,1,0,2,0,-1,-1,0,-1,0,0,0,0,1,0,-2,0,1,0,0,0,1,0,0,-2,0,0,0,1,0,-2,0
0,164,1,0,0,1,0,-1,1,0,0,0,1,0,1,0,0,1,0,1,0,-1,0,0,0,0,-1,0,0,0,1,-2,-1,1,0,0,0,1,0,0,-1,1,0,0,1,0,0,0,0,1,0,0,-2,-1,0,0,0,0,-1,1,0,0,0,0,0,0
0,165,0,1,0,0,0,0,0,0,0,0,-1,0,0,-1,0,0,0,1,-2,0,0,0,2,0,0,0,0,0,1,0,1,0,0,0,0,1,0,0,0,0,0,0,0,-1,0,0,-1,0,0,0,0,1,0,0,0,0,0,0,0,-1,0,0,1,0
0,166,0,0,0,1,0,0,0,0,1,1,1,0,0,0,0,0,0,2,-1,0,1,0,0,-1,0,1,-1,1,0,0,-1,0,0,-1,0,0,0,-1,0,0,0,-1,-1,0,1,0,0,0,0,0,0,1,0,0,1,0,0,0,1,0,0,-2,0,0
0,167,1,0,0,0,-2,-1,-1,0,1,1,0,-1,0,0,0,1,0,0,0,-1,0,1,0,-1,0,0,0,1,0,-2,0,0,0,-1,0,0,-1,0,0,1,0,1,-1,0,0,0,1,0,0,-1,-1,0,0,-1,0,-2,0,0,1,0,0,0,-1,0
0,168,0,1,0,0,-1,1,-1,-1,0,2,0,0,0,0,1,1,0,0,0,0,0,0,0,-1,2,-1,0,-1,0,1,0,0,0,0,0,-1,0,-1,-2,0,0,0,-1,0,-1,0,0,-1,1,-2,0,0,0,1,0,0,0,0,0,0,0,0,1,0
0,169,0,-1,0,0,0,-1,0,0,0,0,1,0,0,0,0,1,0,0,0,0,0,0,0,-1,1,0,1,0,0,0,0,1,0,0,0,0,0,0,0,-1,0,0,0,0,-1,0,0,2,0,0,0,1,0,0,1,0,-1,0,0,0,0,0,0,0
0,170,0,-1,0,0,0,0,1,1,0,0,0,0,0,0,0,0,0,0,-1,1,0,0,0,0,0,0,-1,2,0,0,0,0,1,0,0,0,0,0,-1,0,0,0,0,1,0,0,0,0,0,-1,0,0,0,1,1,0,-1,1,0,-2,0,1,1,0
0,171,0,0,-2,0,-1,-2,0,0,0,-1,0,0,0,1,0,0,0,0,0,-2,-1,1,0,-1,0,0,-1,0,0,0,-1,-1,-1,0,0,0,-1,0,1,0,0,0,0,0,0,0,0,0,0,0,-1,1,-1,0,1,1,0,0,0,0,0,0,0,0
0,172,-1,0,0,-1,0,0,0,0,0,0,-1,1,0,0,0,1,0,-2,1,-1,0,0,0,0,0,0,0,0,-1,0,0,-1,0,1,0,0,0,1,1,0,0,0,-1,0,0,0,0,2,0,1,0,0,2,1,3,0,0,1,-1,-1,0,-1,0,0
0,173,0,0,0,0,0,0,0,1,1,0,-1,1,0,0,0,0,1,0,0,0,0,0,-1,2,0,-1,-1,1,1,0,0,-1,1,0,0,0,-1,0,0,1,0,-1,-1,1,0,0,0,1,0,1,-1,0,-1,-1,-1,0,0,1,0,-2,0,1,0,1
0,174,0,0,0,0,1,0,0,0,0,0,1,0,-2,0,0,-1,0,0,-1,0,0,0,0,-1,2,0,0,0,0,-1,0,-1,0,1,0,-1,1,0,0,0,0,0,0,0,0,0,0,0,0,0,-1,0,1,0,0,0,1,0,0,0,0,0,1,0
0,175,-1,1,0,0,-1,0,0,0,0,0,-1,0,-1,0,0,-1,1,0,0,-1,0,-1,0,0,0,0,0,0,0,1,0,0,0,0,0,0,0,0,0,0,0,0,0,0,0,1,1,0,-1,0,0,0,0,0,2,1,-1,-1,0,0,0,0,1,0
0,176,1,0,0,0,0,-1,1,0,0,-1,0,0,0,0,0,0,0,0,1,0,0,0,0,0,-1,-1,0,0,0,0,-2,0,0,-1,0,0,0,0,0,0,0,0,1,2,1,0,0,1,1,0,0,0,1,0,0,0,1,0,-1,0,0,-1,0,0
0,177,0,1,-1,0,0,0,0,0,1,0,1,-1,0,-1,0,0,0,-2,0,-1,-1,0,0,0,0,0,0,0,0,1,0,1,1,0,0,0,0,1,1,0,0,0,0,0,0,0,0,0,0,0,0,0,0,1,0,0,0,0,0,0,0,1,0,0
0,178,0,0,0,0,1,0,0,0,0,0,0,0,0,0,0,0,0,1,0,1,0,0,0,0,-1,0,0,0,0,0,0,2,0,0,0,0,0,1,0,0,0,1,0,-2,-1,0,1,0,-1,0,0,1,-1,-1,0,0,0,0,0,0,0,0,0,-1
0,179,0,1,-2,0,1,0,0,0,0,1,-1,0,0,1,-1,0,-1,0,0,0,1,-1,0,0,1,0,0,-1,0,1,-1,0,0,0,0,0,0,0,1,0,0,0,0,-1,0,0,0,0,0,0,0,-1,-1,0,-1,1,0,0,0,0,0,0,0,-1
0,180,0,0,1,1,2,0,-1,0,0,0,1,0,-1,-1,0,0,0,0,-3,-2,0,0,0,0,0,0,0,1,0,0,0,0,0,0,0,0,0,0,0,0,0,0,1,-2,-1,2,2,1,0,-1,0,0,0,1,-1,0,-2,0,0,0,0,0,0,-1
0,181,-1,0,0,0,0,1,0,1,0,0,0,0,0,-2,1,0,0,-2,0,0,0,-2,0,1,0,0,0,0,0,0,0,1,0,0,0,0,1,0,-1,0,0,0,0,-1,0,0,-2,0,1,0,0,0,0,0,0,1,0,0,0,0,0,-1,-1,0
0,182,0,1,1,0,0,-1,0,1,0,0,0,0,0,1,0,1,0,0,0,-1,0,0,0,0,0,0,0,0,0,0,0,0,0,-1,0,0,0,0,0,-1,0,0,0,1,-2,-1,2,0,0,2,-1,0,0,0,0,1,0,1,0,-1,0,1,0,1
0,183,2,1,0,0,-1,1,0,0,0,1,-1,0,0,0,0,1,0,-2,0,0,-2,1,1,0,0,0,0,0,0,0,0,0,-2,0,-1,0,0,0,0,0,0,-1,0,0,0,-1,0,0,-1,1,-1,0,0,-1,0,0,0,-1,0,0,-1,0,1,2
0,184,0,0,0,0,0,0,0,0,1,0,0,0,0,0,0,0,0,-2,0,1,0,0,0,0,-1,0,0,-1,0,-1,-2,1,-1,0,0,-1,-1,0,0,0,0,0,-1,0,0,1,1,0,0,-1,0,1,0,0,0,0,0,0,0,-1,1,0,0,0
0,185,0,0,-2,0,0,-1,-1,0,0,-3,0,0,1,0,0,0,0,0,0,1,1,0,0,0,0,0,1,0,0,0,0,1,-1,1,-2,0,0,1,0,0,0,0,-2,0,0,1,0,0,0,0,0,0,0,0,0,0,1,0,-2,0,0,1,-1,0
0,186,0,0,-1,0,0,0,0,0,0,0,0,0,1,0,0,0,0,0,0,0,0,0,0,0,-1,0,0,0,0,0,0,0,0,2,0,-1,0,0,-1,0,-2,0,0,-1,0,0,0,1,1,0,0,0,2,0,0,0,0,0,0,-1,-1,0,-1,0
0,187,0,0,0,0,0,0,0,0,0,0,1,1,1,0,-1,-1,1,1,0,0,1,0,-1,0,0,0,0,0,0,0,0,-1,-1,0,0,-1,0,0,1,0,0,1,0,0,-1,0,0,0,0,0,0,0,0,0,0,1,1,0,0,0,0,0,1,0
0,188,0,-1,-1,0,0,-1,0,0,0,1,1,0,0,-1,0,0,0,1,0,1,0,0,2,0,0,0,0,1,0,0,1,0,-1,0,1,0,1,-1,0,0,0,0,-1,0,0,1,-1,-1,0,0,0,0,0,0,2,0,0,0,0,0,0,0,-1,0
0,189,0,0,0,0,0,0,0,0,-1,1,0,0,1,0,0,-2,-1,0,0,0,-2,0,0,0,1,0,1,0,1,0,0,1,-2,0,1,0,0,1,0,0,1,1,0,0,-1,1,0,0,0,0,0,1,1,0,0,-1,0,0,0,1,0,0,1,1
0,190,-1,1,0,0,0,0,0,-1,-1,0,1,0,0,-1,1,0,0,0,-1,0,0,0,0,0,0,0,0,-1,0,0,0,0,-1,0,2,0,-1,0,0,1,1,0,-1,0,1,-1,0,0,0,0,-1,0,0,0,0,0,0,-1,0,1,0,-1,0,0
0,191,-1,0,0,0,-1,0,0,0,-1,0,0,0,0,0,0,1,0,0,2,-1,-1,0,1,1,0,2,0,0,0,0,0,-1,0,-1,-1,0,0,0,0,2,0,-1,0,0,0,0,0,0,-1,0,0,0,0,1,1,0,1,-1,0,1,0,0,0,0
0,192,0,0,-1,0,0,-1,0,0,0,0,-1,-1,0,-1,0,0,0,0,0,0,0,0,0,0,1,1,0,0,0,-1,1,-1,0,1,0,-1,0,0,0,0,1,0,0,0,0,0,0,0,0,0,-2,0,0,-1,0,0,0,1,0,0,0,0,0,-1
0,193,0,0,0,0,0,0,0,1,0,0,0,0,0,0,1,0,2,1,0,-1,0,0,0,1,0,0,1,0,-1,-1,1,0,0,0,2,0,-2,0,0,0,0,2,-1,0,0,-1,-1,0,0,0,0,0,0,0,0,-1,0,-1,0,0,0,0,0,2
0,194,1,1,0,0,2,0,1,2,0,0,0,-1,0,0,0,-1,0,0,0,0,0,1,-1,0,1,1,0,0,0,0,0,0,0,0,0,0,0,1,0,0,0,0,0,0,0,-2,0,-1,0,0,0,1,0,0,-1,0,-2,0,-2,0,0,0,0,0
0,195,-1,0,0,0,2,0,0,-1,0,0,-1,1,1,-1,0,1,0,0,0,1,1,0,-1,0,0,0,0,0,0,0,0,0,1,0,0,0,-1,0,0,0,0,0,0,0,0,0,0,0,0,0,0,0,-2,1,0,0,-2,0,0,0,-1,2,0,0
0,196,0,-2,0,0,0,0,-1,0,0,-1,-1,0,0,0,1,1,0,-1,0,1,-1,0,0,0,1,0,0,0,0,-1,0,-1,0,-1,0,1,-1,0,0,1,0,0,0,1,2,0,0,0,1,-1,0,0,0,0,1,0,0,1,-2,0,0,-1,0,1
0,197,1,0,0,0,0,0,0,0,1,0,0,0,-1,1,1,0,0,0,0,1,-1,-2,0,0,-1,0,1,0,0,0,-2,0,-1,0,1,0,0,-1,0,0,0,0,0,0,0,0,0,0,0,0,-1,0,0,0,0,0,0,0,0,0,-1,0,0,0
0,198,1,1,0,0,-1,-1,0,0,0,0,-1,0,-1,1,-1,0,0,0,0,0,-1,0,0,-1,-1,0,0,-1,0,0,1,0,0,0,0,0,1,0,0,0,0,0,0,0,0,0,0,0,1,1,0,-1,1,-1,-1,-1,0,0,0,1,0,0,0,0
0,199,0,0,0,0,0,0,1,1,-1,-2,1,0,0,0,-1,-1,0,0,0,0,0,0,0,0,0,0,0,0,0,0,0,0,1,0,0,-2,1,0,0,-1,1,0,0,0,0,0,-1,0,0,0,2,0,0,0,0,-1,1,0,2,1,0,0,0,0
0,200,1,1,0,0,0,0,0,0,0,0,0,0,0,0,0,0,0,0,0,-2,0,1,0,-1,0,1,0,0,0,0,0,2,0,1,0,0,1,0,0,0,0,1,0,-1,0,0,0,1,-1,1,0,0,0,0,0,1,1,0,0,1,0,-1,0,0
0,201,0,-1,1,0,0,1,0,0,0,0,1,0,0,0,1,0,1,-1,0,-1,0,0,-1,0,0,-1,-1,0,1,0,0,0,0,0,0,0,0,2,-1,0,0,1,0,1,0,0,1,-2,2,0,1,0,0,0,0,0,0,0,0,0,0,0,0,0
0,202,1,0,0,1,0,1,1,0,1,0,-1,0,0,0,0,0,0,0,0,0,0,0,0,0,1,0,-1,0,0,0,0,0,0,0,1,1,-1,0,0,2,0,-2,0,-1,0,0,-1,0,1,1,0,0,0,-2,0,2,1,0,1,1,1,0,-1,0
0,203,1,-1,0,0,0,1,0,0,0,0,-2,0,-2,0,0,0,0,1,0,0,1,1,0,0,0,0,0,-1,0,0,0,-2,0,0,1,0,0,0,0,-1,0,1,0,1,0,1,0,0,1,0,0,1,0,-1,1,1,0,1,-1,0,0,0,0,0
0,204,0,0,-1,0,0,0,0,1,-1,1,0,1,-2,1,0,0,0,0,-1,1,0,0,0,0,1,0,0,0,0,0,0,0,0,0,-1,0,1,0,0,0,0,0,0,0,0,0,0,0,0,-1,0,0,0,1,0,0,0,0,0,0,0,1,0,1
0,205,0,0,0,1,1,0,0,-1,1,1,0,0,1,-1,-1,0,0,0,0,0,0,0,0,-1,0,1,0,-2,1,0,0,1,0,0,0,0,0,1,1,-2,0,0,0,0,-1,0,0,0,-1,0,0,0,1,2,-1,0,0,0,0,-1,0,0,-1,0
0,206,0,-1,1,-2,0,0,0,0,0,-1,-1,2,-1,0,0,0,0,-1,1,1,0,-1,0,0,0,0,1,0,-1,0,1,0,0,0,0,0,0,0,0,0,0,0,0,0,-1,0,0,0,0,0,-2,0,0,0,0,0,-1,-1,1,0,0,0,0,1
0,207,0,0,0,0,0,0,0,2,0,0,0,0,0,0,0,-1,-1,1,0,0,1,0,1,1,0,0,0,0,-1,0,0,0,0,0,0,0,0,0,0,0,0,-1,0,-1,0,1,0,0,-1,0,0,0,1,0,0,0,1,0,0,-1,0,1,0,0
0,208,0,0,0,1,0,0,1,1,2,0,-1,0,0,0,-1,0,0,0,0,0,0,0,0,0,1,0,0,1,0,0,1,0,0,1,0,0,0,-1,0,0,0,-1,0,0,-2,-1,0,0,0,-1,0,0,1,0,0,2,0,1,0,0,0,0,-1,1
0,209,1,0,0,0,1,0,-1,0,0,0,-1,0,0,0,0,0,0,0,-1,0,0,1,0,0,1,0,1,-1,0,0,0,0,0,1,0,0,0,-2,1,-1,1,0,0,-1,1,0,0,0,0,1,-1,0,0,-1,2,0,0,1,0,0,-1,0,1,1
0,210,0,0,0,0,0,0,-1,0,0,0,1,1,0,-1,0,0,0,1,0,-1,1,-1,0,0,0,1,-2,1,0,1,0,1,-1,0,0,-1,-1,0,-1,0,0,0,1,-1,0,0,0,0,0,-1,1,0,0,-1,1,0,0,0,0,0,1,0,0,0
0,211,3,0,-1,-2,-1,0,0,0,0,0,0,0,1,-1,0,-1,-1,0,-1,0,0,0,0,2,1,-1,0,1,0,0,0,0,-2,-1,0,1,0,0,0,0,0,1,0,0,0,0,0,0,0,0,0,1,2,0,0,0,0,0,0,0,-1,-1,0,0
0,212,-1,0,0,0,-1,-1,0,-2,0,-1,0,1,0,-1,1,0,0,0,0,0,2,1,-1,0,0,0,0,0,0,0,0,0,0,0,0,0,0,-1,0,0,0,0,1,2,0,-1,0,0,1,-1,0,0,1,0,0,-1,0,0,0,0,0,-1,-1,1
0,213,0,0,-1,0,0,0,0,0,0,-2,0,0,0,0,0,-2,0,0,0,1,0,-2,0,0,0,0,0,0,0,0,1,2,-1,0,0,0,0,-1,1,1,0,0,1,-1,0,-1,-1,1,0,0,-2,0,0,0,0,0,1,1,-1,0,1,0,1,0
0,214,0,0,1,0,0,0,1,1,1,1,0,-1,0,0,0,0,0,0,0,0,0,0,0,1,0,0,0,0,0,0,1,0,-1,0,0,0,-1,0,1,0,0,0,0,0,0,-1,0,0,1,-1,0,-1,0,0,0,0,-1,0,0,0,0,0,0,2
0,215,0,0,0,0,0,1,0,0,0,-1,0,0,0,0,0,0,0,0,0,1,0,0,0,0,0,0,0,0,0,0,0,0,-1,0,0,0,0,0,-1,1,0,0,2,0,0,0,0,0,0,0,1,0,0,0,0,0,0,1,0,0,0,-1,0,-1
0,216,1,0,0,-1,0,-1,0,0,0,0,-1,0,-1,0,1,0,-1,0,0,0,-1,0,0,0,0,0,1,0,0,0,0,0,0,0,0,0,0,1,0,-1,0,0,0,0,1,0,0,0,0,0,0,0,0,0,0,-1,3,-2,0,0,-1,0,-1,0
0,217,-1,0,-1,0,0,1,0,0,0,0,0,-1,0,0,0,0,-1,0,3,-2,0,0,0,-1,-1,0,0,2,0,-1,0,0,0,0,0,0,0,1,1,0,0,-1,0,0,2,0,0,0,0,-1,0,0,0,0,0,1,0,0,1,-1,0,1,1,0
0,218,0,1,0,0,0,0,0,0,0,0,0,-1,0,0,1,0,1,0,0,0,1,-1,0,-1,0,0,0,1,0,0,0,0,0,0,0,0,1,0,0,0,0,0,0,-1,-2,0,0,-1,0,0,-1,0,0,0,0,0,0,0,0,0,-1,0,1,0
0,219,0,0,0,0,0,0,0,0,0,0,0,1,0,0,0,1,1,1,0,0,-1,0,-1,0,1,0,0,0,0,-2,0,-1,0,1,0,0,0,1,-1,0,1,1,0,-1,0,-1,1,0,0,0,0,0,0,0,0,1,0,0,-1,0,0,0,0,0
0,220,0,0,0,1,0,0,2,0,-1,0,1,-1,1,0,0,-1,0,0,0,0,0,-1,1,0,0,-1,-1,0,0,-2,-2,0,-1,0,0,-1,0,0,0,0,0,0,0,2,1,0,1,-1,0,0,-1,-2,0,0,0,0,1,0,1,-1,0,-1,0,0
0,221,0,-1,0,0,1,-1,0,1,-1,-1,0,-1,1,0,-1,0,1,0,1,1,0,0,2,0,1,2,0,1,0,0,1,-2,0,0,0,0,-1,0,0,0,0,0,0,0,0,0,0,0,0,0,-1,0,0,0,0,0,0,1,1,-1,0,1,0,0
0,222,0,0,0,0,-1,0,-1,0,-1,-1,0,0,0,-2,1,0,1,0,0,0,-1,0,0,0,0,-1,0,0,0,0,1,0,0,0,-1,-1,0,0,-1,0,0,1,0,0,0,1,-1,0,0,0,1,0,0,-1,2,-1,0,1,-1,0,0,0,0,0
0,223,0,0,0,0,1,0,0,0,1,1,0,0,0,0,0,2,0,-1,0,-1,-1,1,-1,-1,0,0,0,0,-1,0,0,0,0,0,0,0,1,-1,0,0,0,0,0,0,1,0,0,0,1,-1,-1,0,1,0,0,-1,0,2,1,0,0,-1,-1,1
0,224,1,0,0,0,2,-2,0,0,1,-1,0,-2,0,-1,-1,0,0,0,0,0,0,0,-1,1,-1,0,1,1,0,0,0,0,0,0,0,-1,-1,0,0,0,-1,0,-1,0,1,-1,-1,1,0,0,0,0,0,0,0,0,-1,0,-2,1,0,0,0,-1
0,225,0,1,-1,1,0,-2,0,-1,0,-1,-1,0,1,0,0,1,1,-1,0,0,0,1,0,0,0,0,0,2,0,0,0,0,-2,0,0,0,0,0,1,0,1,-1,0,1,0,0,0,0,0,0,0,1,0,0,0,1,-1,-1,0,0,0,0,1,0
0,226,0,0,-2,0,-1,0,0,1,-1,0,0,0,0,0,0,0,1,0,0,1,0,0,0,0,0,0,0,0,1,-1,0,0,0,-1,1,0,0,1,-1,-1,0,0,0,0,0,0,1,0,1,0,0,-1,0,0,-2,0,0,0,0,0,0,0,-1,0
0,227,2,0,2,0,0,0,0,-1,0,0,0,-2,1,0,0,0,0,1,0,0,0,0,0,0,0,0,0,0,0,-1,0,0,2,0,0,-1,0,1,0,-1,0,0,0,0,0,0,1,0,-1,0,1,0,-1,-1,0,0,0,0,0,0,0,-1,0,1
0,228,0,0,1,1,0,-1,0,1,0,0,-1,1,0,1,1,0,0,1,0,-1,0,0,-1,0,1,0,1,0,-1,-1,0,0,1,0,2,0,0,0,0,0,-1,0,0,0,0,0,0,0,0,-2,0,0,0,0,0,0,0,1,0,0,0,0,0,-1
0,229,0,1,-1,0,0,-1,0,0,0,0,0,0,0,0,0,0,0,0,0,0,-1,0,2,0,0,1,0,0,-1,0,0,0,0,2,1,0,0,0,0,0,0,0,0,0,0,0,-1,0,1,0,1,0,1,0,0,0,1,-2,0,0,1,0,-1,0
0,230,0,0,-1,0,1,-1,0,0,0,0,0,1,0,0,-2,-1,0,0,0,0,1,1,1,0,1,0,0,1,0,0,0,-1,0,0,-1,1,0,0,0,0,0,0,0,0,0,1,1,-1,2,0,-1,0,0,0,0,1,0,0,0,0,0,0,0,1
0,231,-3,0,0,0,-1,1,0,1,1,-2,1,-1,0,0,0,-1,0,0,0,0,0,0,0,0,0,1,-3,0,0,0,0,0,0,0,0,0,1,0,-1,0,1,0,2,0,0,0,0,0,0,1,2,0,0,0,0,-1,0,1,0,0,-1,0,0,0
0,232,0,1,0,-1,0,1,1,0,0,0,0,0,0,1,-1,-1,0,1,1,0,0,-1,1,0,0,-2,-2,0,-1,0,1,0,1,1,1,0,0,1,1,0,0,0,-1,-1,-1,0,1,0,0,0,0,0,-1,0,-2,-1,0,1,0,1,1,1,1,0
0,233,0,1,1,0,0,0,1,0,1,0,0,0,-1,0,-1,0,0,0,1,-1,0,0,0,0,0,0,0,0,0,-2,1,0,0,0,0,1,0,0,0,0,0,0,-1,0,0,0,0,-1,0,-1,1,0,0,0,0,0,-1,0,1,0,0,0,0,0
0,234,0,1,0,0,1,-1,-2,0,1,0,0,0,0,0,2,0,-1,0,-1,0,0,-1,0,0,0,0,0,1,0,-1,1,1,1,0,0,-2,-1,1,0,0,0,0,0,0,-1,-1,1,0,1,0,-1,0,1,0,0,0,0,0,0,1,-2,-1,0,0
0,235,0,0,0,0,0,-1,1,0,0,0,0,-1,0,-1,1,0,0,0,1,-1,0,0,0,-1,-1,0,2,0,0,1,-2,1,0,-1,0,1,0,-1,0,0,0,0,0,1,-2,1,-1,1,0,0,0,1,1,0,0,0,0,0,2,0,0,0,-2,0
0,236,0,-1,0,1,0,-1,0,-1,-3,0,0,0,0,0,0,1,0,0,0,-1,0,1,0,0,0,1,0,0,0,0,0,-1,-1,0,0,0,0,1,0,-1,0,1,0,0,-1,0,0,0,0,0,0,0,1,0,0,0,0,0,0,0,-1,1,-1,0
0,237,-1,0,0,0,0,1,0,0,0,0,0,0,0,0,0,-1,0,0,0,0,0,0,0,0,0,0,-1,0,-3,0,0,0,0,-1,0,0,0,0,0,-1,0,0,0,0,0,-1,0,0,0,0,0,0,0,0,-1,0,-1,0,0,1,0,-1,0,0
0,238,1,0,-1,0,-1,0,-1,0,0,0,0,0,0,0,0,0,0,0,-1,1,-1,0,-1,0,0,0,-1,0,0,1,-1,1,-1,-1,0,1,0,-1,0,0,0,0,-1,0,-1,0,1,0,0,0,-1,0,0,1,-2,-1,0,0,0,0,0,1,1,0
0,239,0,0,0,0,0,-1,0,-1,0,0,0,1,0,0,1,0,0,1,0,0,1,0,0,1,0,0,0,0,0,1,0,0,0,1,0,-1,-1,0,0,0,1,1,-1,0,-1,0,0,0,0,0,0,1,-1,0,1,0,0,-1,0,0,0,1,0,0
0,240,0,1,0,0,2,0,0,1,2,0,-1,0,1,0,0,-1,-1,1,0,0,-1,0,-1,1,0,0,0,0,0,0,-2,0,0,0,-2,0,1,0,0,0,1,0,0,0,0,-1,-1,0,-1,0,0,0,0,0,1,0,-1,0,0,0,0,0,0,0
0,241,0,0,-1,0,0,1,0,0,0,0,0,0,0,-1,1,0,0,0,0,-2,-1,0,-2,2,1,0,0,0,0,0,-1,0,0,0,0,0,0,-1,-2,-1,0,0,0,0,-1,0,3,-1,0,0,0,0,1,-1,0,1,0,-1,0,0,0,0,-1,0
0,242,0,1,0,0,1,-1,0,-2,1,0,0,0,0,0,1,0,0,0,0,0,-1,0,0,1,0,-2,-1,-1,-1,0,0,-2,0,1,0,2,0,-1,1,1,0,0,1,0,0,0,0,0,0,0,0,0,0,0,0,0,0,0,-1,0,0,-1,0,-1
0,243,1,0,0,0,0,0,-2,0,-1,0,1,2,-2,1,1,0,0,1,0,-1,0,0,0,0,0,0,0,1,2,0,0,-1,1,0,-1,0,0,1,-1,0,0,0,-2,0,0,0,1,0,0,-2,1,0,0,-1,0,0,0,0,1,1,0,-2,0,0
0,244,0,1,1,-1,0,0,0,1,0,1,0,1,0,0,1,0,-1,0,-1,0,-1,-1,0,1,2,-1,1,0,0,-1,0,-1,-1,0,0,0,1,-1,0,-1,-2,-1,0,0,2,2,0,0,1,0,1,-1,2,0,0,-1,0,0,0,0,0,0,0,0
0,245,0,0,0,0,1,-1,1,-1,0,-1,0,2,-1,0,-1,0,0,0,0,2,0,1,1,0,0,2,0,0,0,-1,0,-1,0,0,0,1,0,0,0,-1,0,2,1,0,0,0,0,-1,1,0,0,1,0,0,0,1,-1,1,0,1,0,0,1,0
0,246,0,0,1,0,0,0,1,0,0,0,-2,1,1,0,0,0,1,0,0,0,0,0,0,1,0,-1,0,0,0,0,0,0,0,0,-1,1,0,0,0,0,-1,0,0,0,0,0,0,0,-1,1,-1,1,0,0,0,-1,0,0,0,0,-1,0,0,0
0,247,1,0,0,0,0,0,2,0,0,0,0,0,0,0,0,0,0,0,0,0,0,0,0,0,0,0,0,0,0,0,-1,1,0,0,0,0,0,1,0,0,0,0,0,0,0,-1,0,0,0,1,1,0,0,0,0,0,0,-1,0,0,0,0,1,0
0,248,-1,0,0,0,-2,0,0,0,0,0,-1,-1,0,-1,0,0,0,0,1,0,0,0,0,0,-3,0,0,0,0,0,1,0,-1,0,-1,0,0,0,0,0,-1,1,0,0,0,0,0,-1,-1,0,0,0,0,0,0,0,0,0,-1,-1,0,0,0,0
0,249,-2,0,0,-1,0,3,0,1,1,0,-1,0,0,-1,0,-1,0,0,-1,0,0,1,0,1,1,1,-1,0,0,0,0,0,0,0,1,1,0,-1,0,-1,-1,0,0,0,-1,-2,1,0,0,-1,1,-1,0,0,0,0,1,0,-1,0,1,1,0,0
0,250,0,0,0,0,0,0,0,0,0,0,0,0,0,0,1,0,0,1,-1,0,0,1,1,0,2,0,0,0,1,0,0,0,0,1,-1,0,0,0,-1,0,0,1,0,0,-1,1,0,-1,-1,0,-1,0,0,0,1,-1,0,1,0,0,-1,1,-1,1
0,251,0,0,-2,0,-2,0,0,0,1,0,0,1,0,2,0,1,0,0,1,0,-2,0,0,0,0,0,1,0,0,0,1,1,0,0,0,1,0,0,0,0,0,-1,0,1,0,0,1,0,0,-1,0,0,0,0,0,0,0,-1,0,0,-1,0,0,-1
0,252,0,0,1,0,0,0,1,1,0,-1,0,0,0,1,0,-1,1,-1,0,0,0,1,0,-1,0,1,0,0,0,1,0,0,0,-1,0,0,-1,0,0,0,0,0,0,0,1,0,0,0,1,0,1,0,-1,0,0,-1,0,0,0,1,-2,0,-1,-1
0,253,-2,-1,0,0,0,1,0,-1,0,0,-2,0,0,0,0,0,2,1,-1,0,0,0,0,0,0,0,0,0,0,0,0,0,0,0,0,0,0,0,1,0,0,0,0,0,1,0,0,0,0,0,0,0,0,0,-1,0,0,0,-1,-2,1,0,0,1
0,254,0,0,0,0,0,1,0,0,-1,0,0,1,1,1,0,0,0,-1,-1,1,0,0,-1,0,0,0,0,0,0,0,0,-1,1,1,1,0,-1,0,0,0,0,0,1,1,0,1,0,-1,0,-1,0,1,0,0,0,0,0,-2,0,0,0,0,-1,0
0,255,0,0,0,-1,0,0,0,-1,0,0,0,0,0,0,1,1,0,1,0,0,0,0,0,0,0,-1,-1,1,0,0,-1,0,0,0,0,0,1,0,0,-1,0,-1,0,-1,1,0,0,0,0,1,0,0,1,0,0,0,2,0,0,1,0,3,0,-1
