context,out_tile,k,wei0,wei1,wei2,wei3,wei4,wei5,wei6,wei7,wei8,wei9,wei10,wei11,wei12,wei13,wei14,wei15,wei16,wei17,wei18,wei19,wei20,wei21,wei22,wei23,wei24,wei25,wei26,wei27,wei28,wei29,wei30,wei31,wei32,wei33,wei34,wei35,wei36,wei37,wei38,wei39,wei40,wei41,wei42,wei43,wei44,wei45,wei46,wei47,wei48,wei49,wei50,wei51,wei52,wei53,wei54,wei55,wei56,wei57,wei58,wei59,wei60,wei61,wei62,wei63
0,0,0,-17,-17,-17,-17,-17,-17,-17,-17,-17,-17,-17,-17,-17,-17,-17,-17,-17,-17,-17,-17,-17,-17,-17,-17,-17,-17,-17,-17,-17,-17,-17,-17,-17,-17,-17,-17,-17,-17,-17,-17,-17,-17,-17,-17,-17,-17,-17,-17,-17,-17,-17,-17,-17,-17,-17,-17,-17,-17,-17,-17,-17,-17,-17,-17
0,0,1,115,74,-98,30,56,-80,-12,79,80,-92,100,-3,-118,-99,47,-40,-69,-8,-100,15,-4,-29,-103,-1,-122,-10,103,-23,-119,-111,-87,19,64,-31,-5,-114,-11,-111,-99,71,52,70,-63,-126,90,120,59,121,19,-101,-22,124,-59,115,11,35,124,-39,15,-90,72,111,74,24
0,0,2,-107,120,-78,104,62,119,-118,-122,123,69,120,-51,65,-83,100,-40,4,23,19,-61,103,-64,-4,38,27,-102,-60,-121,93,-110,-53,83,10,-101,76,123,104,-67,127,43,104,-103,-54,73,-35,-45,42,31,-49,67,-46,-124,15,25,69,34,-61,-31,53,25,-27,-40,44,-10
0,0,3,73,40,14,-56,-67,-90,-23,15,28,109,78,-67,41,66,-83,65,37,-40,86,-101,-89,48,100,-50,73,65,97,119,-84,109,46,31,92,85,58,112,50,102,60,118,-105,-12,-50,90,-101,-5,78,-61,-47,-20,-82,52,-124,-113,27,-54,10,-21,-16,21,-78,-53,-96,43
0,0,4,14,64,50,39,-56,-91,37,29,29,-115,0,70,-62,92,-74,-46,103,67,-124,-126,-36,46,-38,101,-70,-77,121,110,-53,66,-119,37,52,3,-94,30,-117,43,62,101,-49,-117,-44,127,17,-56,101,30,-117,-95,-24,-122,104,107,3,107,67,-62,-15,-31,-68,-115,39,92
0,0,5,3,-23,-10,-13,31,103,-78,46,-69,68,112,-31,-4,-91,-122,-10,11,-114,-46,-40,-99,71,-76,-73,2,-18,80,45,115,-87,-54,-39,-120,-84,109,-36,-23,-56,-19,-78,-84,113,-15,-72,-41,-24,-43,-25,-8,-113,-62,87,8,-96,93,37,88,119,-36,-61,15,11,38,-79
0,0,6,-114,29,79,82,-112,-78,124,-10,92,10,-97,107,114,-71,-6,-113,-54,70,-59,99,-112,20,-80,8,30,-8,-14,-107,-37,-67,22,-16,-78,-99,21,12,101,-99,-18,-105,-60,8,87,12,112,116,-34,-127,-93,-105,-36,-9,-43,-58,-96,108,4,55,-120,-98,20,122,112,122
0,0,7,-59,-79,6,73,110,-107,-97,-4,87,74,51,-7,-83,16,27,-84,-54,-76,105,80,72,-82,17,-77,-31,104,-23,-8,-32,-26,113,79,-24,114,-84,46,-60,40,110,94,68,-47,1,127,65,99,-38,-123,104,117,-114,76,89,-20,-116,-115,-85,-3,-120,-11,-20,-84,-96,70
0,0,8,-6,-91,-7,122,-45,-108,-100,-79,71,15,14,-125,98,-24,-60,8,-103,47,36,47,-87,116,65,73,-38,-96,-95,-71,-66,78,113,104,-95,-36,119,22,124,69,8,-117,-73,114,-122,39,-78,-82,-98,20,-97,-37,-29,-56,69,-34,36,50,-42,-21,58,-17,-84,-16,-78,85
0,0,9,-47,44,28,56,37,-113,-122,-102,-78,57,103,-76,36,95,-107,85,-71,24,-122,97,24,-44,-42,87,-63,110,-26,-49,59,-9,16,41,-99,-52,-64,13,33,65,-45,30,32,21,-115,79,-114,-12,64,-92,-43,83,62,-78,-26,-5,96,-21,-75,-2,17,73,-29,-56,9,104
0,0,10,10,105,4,-90,-105,25,7,28,-61,-87,-113,58,-63,-123,-123,122,31,-60,-26,-125,-117,61,115,-105,45,69,-93,-115,59,-116,33,-101,81,-118,49,98,-85,-13,119,22,25,-25,11,-85,-8,111,100,-31,-70,125,108,-98,-83,118,111,1,48,126,108,-84,-26,-38,-97,39
0,0,11,-29,94,114,-76,-36,15,-45,16,16,-112,56,-24,39,25,42,22,10,-13,100,77,21,-113,-26,49,92,79,-12,9,-12,-57,104,118,-44,111,120,-25,-72,91,3,33,-12,20,1,110,-108,18,10,-92,118,110,-110,55,-63,-13,8,-102,14,-20,-4,108,-126,23,67,17
0,0,12,120,-38,53,-11,5,90,-68,-84,85,91,-91,-68,-66,96,43,-100,6,77,-119,-64,122,20,32,81,62,29,22,16,-96,-127,27,3,-75,50,57,99,32,-49,-3,-14,-88,-75,79,-85,106,37,9,-34,120,102,-20,95,-35,46,-16,82,-125,-102,83,6,-81,-65,-20,-23
0,0,13,-114,103,70,-71,101,90,-60,-103,15,-118,-32,16,-96,-87,109,-32,-19,59,109,-90,-40,-63,36,-14,80,5,-46,-102,58,-102,91,-121,73,-108,-36,66,-41,76,-60,-14,-28,-93,21,57,2,-34,-82,-10,-104,-22,67,-116,-81,-110,-83,-90,77,-10,51,-122,-74,30,-114,-94
0,0,14,71,-84,42,78,125,16,109,27,36,99,2,102,83,94,-118,117,107,115,-6,-11,83,-113,45,-23,-84,-70,78,-122,-65,93,106,-26,-7,39,-112,88,68,53,-83,-34,-123,-26,-36,-23,73,60,7,19,-94,-27,113,126,52,41,-72,97,26,-94,7,3,107,115,106,-67
0,0,15,-85,-94,-28,34,-21,107,116,-119,88,-75,4,38,-61,112,-117,72,9,-52,9,-96,-68,74,-89,113,117,-16,50,-55,86,25,-64,103,-89,-42,-34,44,5,-67,37,61,11,46,45,-101,-13,101,82,9,-50,-37,95,118,119,14,71,-64,66,3,-44,125,-20,-34,-7,50
0,0,16,12,75,-112,109,113,45,-1,-9,52,108,25,-82,29,62,59,-127,-68,117,105,-53,-101,101,118,-27,-36,-60,-127,-35,-4,89,-38,61,125,-81,65,-2,-117,-26,-26,-65,74,-50,71,26,33,115,118,77,47,115,-7,76,64,76,9,-29,88,8,-9,-47,-31,-9,4,100
0,0,17,-30,-81,-57,-24,26,47,23,101,85,-25,-2,84,109,36,75,44,107,-5,-122,-119,-4,-16,78,-44,124,77,-53,29,29,23,124,66,-101,-85,-33,28,25,-112,57,-95,-103,55,-56,27,-14,36,102,33,88,-72,-13,-89,-125,-65,89,-41,120,-85,106,100,-83,105,-51,-87
0,0,18,-121,-7,-48,21,78,81,41,9,-38,-70,25,-11,26,32,-93,72,-51,-13,27,-103,30,46,99,-63,-1,125,2,-14,91,47,116,75,123,-80,-47,18,-38,-46,-125,25,-92,-21,-2,88,-67,101,44,-51,-127,26,-19,37,-60,-117,92,-109,-100,-5,55,96,-49,-65,87,-66
0,0,19,-88,-4,-31,65,51,-114,-13,-32,97,35,120,-66,79,110,-80,48,26,112,-94,-2,57,90,62,56,121,-108,-104,-112,32,-3,64,-16,41,-24,-95,33,77,-75,91,-88,-57,64,-85,75,27,-99,89,-47,66,-108,120,101,56,-53,-127,-111,13,-26,12,-74,75,122,-77,-69
0,0,20,123,39,0,48,117,-12,97,-51,31,115,-8,4,-92,-19,115,-83,81,43,-6,-68,46,-126,-24,66,-43,-87,97,-4,-9,-29,-95,-114,-99,-125,8,79,90,57,-89,-91,82,-113,-118,77,-42,37,65,-79,63,104,-2,-61,-88,-85,-5,-110,-31,14,103,74,117,49,-105,37
0,0,21,-121,22,41,28,-78,105,-41,50,-63,-118,-107,104,-65,-67,85,99,12,99,82,-14,62,60,-45,17,-35,20,98,59,112,-96,97,4,-107,-12,-64,126,-100,-25,34,24,-30,-55,29,-40,74,-120,67,-1,-104,2,54,42,81,4,12,-24,51,60,1,22,89,-37,54,-8
0,0,22,-39,50,101,-30,-31,-2,80,24,122,-54,-24,119,28,23,29,-56,78,31,-47,-74,-118,-77,-55,53,-54,-8,-108,44,66,-59,70,19,-77,-35,-112,-48,-11,6,8,-31,1,83,-15,-73,-124,-55,-100,-116,-51,127,-99,-78,121,-60,36,17,-50,-88,-53,-57,20,37,-114,67
0,0,23,-57,-100,-14,-50,-102,-104,-56,112,-10,-34,101,-34,-31,-50,66,60,103,20,68,-26,-27,70,-88,60,-73,-18,-18,123,-11,-115,80,-71,-101,-126,-11,82,-20,-74,-21,84,-2,35,-48,4,20,93,67,106,-50,-52,-54,40,110,-34,-117,118,-33,-68,-106,-125,-114,-10,65,-51
0,0,24,69,127,-29,-42,-100,-77,-65,29,-8,-12,-63,-61,-63,-67,-116,-54,-13,1,71,69,109,112,36,48,63,90,-68,-111,62,42,-49,-64,-10,38,26,37,22,-119,-52,-61,-36,42,-112,113,38,110,34,-11,84,-74,-115,-34,23,-47,-3,-58,-108,107,-97,-2,-6,122,-10,33
0,0,25,-3,-117,31,69,109,-118,27,-77,14,-99,5,3,90,-118,-68,7,119,50,26,98,71,-86,-12,-99,125,-19,-110,71,56,-111,-48,93,-121,-44,-67,116,-67,63,12,-125,36,-101,-77,15,-41,-105,-88,8,-110,-60,71,-47,55,23,47,-114,-8,-39,-50,-126,60,-4,-73,82
0,0,26,-123,-127,86,-16,79,-31,100,76,-24,34,-45,96,70,104,37,-2,82,-45,20,30,21,64,-14,-80,-53,99,-84,-37,-86,66,-95,-83,67,-91,-55,100,59,-19,-9,88,-108,-89,-55,104,81,-69,-12,27,22,61,63,-78,19,-110,-78,-84,100,-16,-17,119,30,13,83,-3
0,0,27,-34,-125,-76,64,125,48,-81,-50,-18,76,-68,125,-64,-59,0,51,13,-109,-48,36,118,41,29,-59,59,12,-126,64,-60,-71,98,-35,23,-45,98,10,39,25,-16,-108,82,-12,109,-95,2,-28,35,60,-45,15,14,-11,-29,103,1,-77,-24,89,0,114,36,-99,78,57
0,0,28,-17,-61,-2,46,122,125,-123,-48,61,-111,80,-24,-120,80,-6,-18,92,-69,90,-63,-40,81,-108,-34,-20,-75,29,-120,-111,116,122,44,92,-93,-79,76,55,16,-64,-37,95,-22,95,-33,-72,-7,-56,111,24,-62,27,-107,10,-84,21,57,-9,44,-39,26,-62,-84,-53,62
0,0,29,-77,-74,49,-51,-44,-97,11,2,59,121,-11,92,63,61,46,-63,37,-34,-97,-2,-94,100,64,72,-63,-3,-34,-105,-96,65,14,47,-92,-13,33,32,25,-19,4,-96,-15,98,-78,-90,39,-26,-118,113,40,51,92,-73,9,-81,-37,18,37,-126,54,-117,-56,-57,90,39
0,0,30,-96,-108,86,-74,69,-3,-59,-34,20,56,106,75,-27,-23,-28,-93,-81,44,111,-127,-98,58,85,-55,-121,-55,54,-78,-86,125,96,-106,115,-37,74,100,-72,-34,56,48,7,-104,-85,106,58,14,44,-71,11,-73,60,-43,45,106,47,-121,36,-41,-3,-41,-122,-85,45,66
0,0,31,60,114,94,-56,120,112,-66,-115,60,56,-70,-86,110,24,65,50,-92,-17,72,16,-102,99,-22,-15,29,64,91,87,45,69,-11,-89,-53,-59,-127,-97,126,67,82,-82,8,-82,-37,84,50,46,19,23,-47,1,119,124,-32,67,-98,26,-9,103,52,-102,-125,-31,-12,-13
0,0,32,62,39,58,121,-121,101,-49,-17,-33,116,77,57,-49,108,110,-111,-29,25,-35,-98,88,-99,28,-35,-60,-60,-118,15,118,-87,-15,-121,87,-21,-4,29,3,-44,117,65,-26,-85,20,13,91,-8,113,-51,72,77,-43,6,-40,73,15,-80,81,7,15,47,37,-23,58,17
0,0,33,-87,42,-1,-120,-122,52,-1,41,-127,-8,-97,68,53,74,23,-27,-118,15,77,-86,-52,-118,78,48,-99,-44,29,-120,-82,68,-50,-30,-75,10,-41,-72,-124,76,48,-52,35,0,-19,-55,0,-101,-95,-125,-59,-22,-25,90,-36,58,67,-25,-19,75,-91,-57,94,88,13,100
0,0,34,103,101,-56,11,-54,61,-52,-49,-104,-26,-68,98,48,-1,86,-38,79,-108,84,-4,-118,-65,-11,-12,84,-101,48,14,-47,-8,69,71,-116,-84,101,95,-115,-32,104,21,81,92,-121,48,3,-97,-15,25,-107,100,-114,29,81,93,18,-41,-65,-54,45,4,-62,-59,74,93
0,0,35,-76,-66,-36,-22,-101,-15,90,-98,69,79,26,16,-12,-34,-110,69,67,-86,-75,48,-17,-56,-21,37,-51,-47,-64,-65,63,106,-81,76,-124,98,87,-21,-52,-123,-112,-23,118,22,7,-78,90,46,73,-64,-10,-28,-48,-22,-13,-106,-63,10,-70,-83,-113,-7,-83,19,124,-71
0,0,36,-54,75,-29,7,57,-66,-65,-111,112,-32,-10,-99,70,99,-124,99,0,-2,-68,-98,-1,-74,-108,106,-63,-79,29,-60,53,18,-86,-22,51,63,-18,-62,103,-126,-78,6,52,-124,-102,-66,-92,21,79,45,-24,70,-96,-6,-61,2,10,-39,47,-85,109,-87,-73,85,-102,18
0,0,37,-109,116,-35,38,-88,-123,-95,-73,-116,23,-112,-73,117,-50,34,87,-33,-100,-14,-31,45,15,101,50,-120,-34,-7,-5,-17,32,-24,118,-121,93,-115,-105,-112,-39,-70,97,-72,61,-27,-68,-54,-68,91,-43,-74,24,15,71,61,-53,-8,-102,9,-65,6,114,-29,-21,-100,-55
0,0,38,-17,4,-33,64,112,80,-11,-4,20,30,85,8,68,-102,69,38,-33,-10,-8,-105,39,56,-21,-125,-68,34,82,-115,-50,-122,-18,-26,33,-44,-52,59,-3,79,84,-124,4,70,-22,9,-53,-111,15,-13,82,40,31,124,14,58,87,-94,-6,10,93,-96,4,-5,-92,115
0,0,39,-62,-122,111,-102,-81,83,-10,-74,68,122,1,31,100,62,119,109,13,124,-17,2,82,120,35,110,28,-27,88,-16,14,-63,98,-63,118,55,-68,91,-46,-90,119,-20,127,29,46,-78,-9,-5,30,15,6,-93,56,98,-20,42,69,-46,79,-102,-57,123,126,90,-115,-98
0,0,40,-114,-113,-77,29,-85,-47,-85,95,-45,-106,58,111,-27,50,-63,-123,69,-28,-96,-109,48,-86,-98,-8,109,10,63,58,119,-6,91,4,105,11,82,-102,3,-117,-101,-1,-64,-82,51,96,-10,84,47,127,-13,83,-95,97,-6,80,75,26,67,67,125,91,84,-102,-55,66
0,0,41,67,-52,-95,-105,-69,-89,96,113,114,96,-18,116,81,-27,125,-55,42,77,13,78,-71,51,103,36,59,-81,119,17,75,87,93,-22,-10,56,87,-47,79,32,53,-124,123,-117,60,99,-7,-55,46,85,50,0,6,-35,61,42,-25,-124,121,2,62,7,-25,-34,110,-29
0,0,42,-108,-72,124,42,20,107,41,-119,94,54,-44,-120,-72,-22,-27,-103,-48,19,-23,-76,-108,-111,-113,-80,97,71,31,6,41,-26,32,57,-79,18,-76,-57,-122,-117,-3,17,110,-122,-112,98,125,22,-89,35,70,54,-55,4,40,23,122,119,-54,36,123,52,127,63,-126,75
0,0,43,-66,-28,-40,-27,-4,-89,113,-49,78,58,-92,-113,38,-57,-54,-89,45,-119,-78,60,-124,36,-9,-107,-63,-123,15,112,-22,-76,-12,89,60,-126,36,81,-28,-79,-27,-93,39,-22,36,-18,-71,110,11,92,42,39,-30,87,-28,100,6,86,-34,-100,36,-40,21,91,96,-98
0,0,44,93,29,98,-9,-92,15,36,-42,21,-26,-11,36,82,20,127,101,-10,47,70,-85,-119,120,-120,74,-24,-27,-93,-12,64,83,-17,23,101,90,-102,74,-25,-120,-106,-26,-18,-110,-122,-57,-77,-69,34,82,111,-2,92,-11,-112,-30,109,30,-109,72,78,77,-108,117,-86,-88
0,0,45,-42,-4,-62,65,-18,-73,107,-126,-95,-96,-122,-16,-110,-62,119,-73,83,-86,-88,17,-2,-29,-26,-28,55,-41,89,-68,-109,-37,28,-14,59,-60,-47,56,124,120,88,114,104,-35,120,-70,-36,34,-37,-37,4,-98,-95,78,81,-127,-13,-69,55,-102,-84,92,-10,-32,-96,-25
0,0,46,-66,-28,-28,99,17,124,50,-48,-80,-76,-3,-22,-53,-63,-60,15,36,-50,-109,71,71,-93,30,-112,-41,-13,-90,-76,24,-51,-126,46,-30,63,-72,108,-74,-11,75,-32,-8,37,126,-122,3,-115,61,25,14,105,121,100,109,51,79,10,-39,52,27,93,-46,127,-91,-83
0,0,47,109,-120,30,-7,-64,-67,112,3,-79,13,124,-82,58,-54,-108,71,-120,98,111,-76,107,-125,-23,31,45,48,107,-110,123,22,-39,104,-84,35,85,-120,100,67,-114,126,-93,-11,72,95,-111,-50,122,60,-118,-126,-40,39,97,-68,-96,124,-18,-7,-56,3,1,-8,72,51
0,0,48,45,-101,30,105,78,13,22,79,-117,-30,-2,-78,51,20,62,-113,69,-34,94,54,24,-82,-97,2,58,-93,99,-24,72,-115,126,-66,-87,121,-85,19,3,75,-29,1,61,18,67,-6,17,73,37,-1,-9,92,102,93,114,-94,-31,28,-3,87,42,75,-43,31,-91,3
0,0,49,122,-103,109,-125,-45,50,-6,-73,85,89,-115,-28,-114,-84,-11,-22,-17,27,4,-48,-80,-2,-121,-120,80,19,102,-95,-47,126,83,-116,2,-39,94,33,-117,-47,-36,-46,-120,31,5,-108,-76,6,-9,-71,90,111,39,-66,9,103,1,27,7,2,-113,-80,-104,121,70,88
0,0,50,114,-35,63,-81,114,-57,-38,30,-121,104,65,122,-80,-106,53,44,-83,22,-118,99,16,30,107,-16,83,-89,105,17,-109,-106,93,-64,-36,11,-56,-39,-109,79,47,35,113,-70,-84,51,-52,-27,61,69,-48,119,-44,106,-12,60,-97,55,16,-43,73,101,44,-9,-118,109
0,0,51,72,-46,91,-106,-79,-88,-22,-106,-10,92,-93,95,-49,9,-58,75,67,-40,-103,3,-77,-18,91,35,-79,103,-126,36,57,106,46,18,-18,-118,-113,119,-97,-112,66,87,-33,96,-76,42,-100,92,10,-127,2,-97,-70,-115,-84,-84,-12,65,-126,60,-12,-5,-63,7,-118,1
0,0,52,79,-54,-36,66,19,-49,110,71,72,-10,-113,-63,-96,-64,-33,-127,-51,-21,121,17,-114,16,43,85,-52,2,-16,23,91,105,-6,32,15,-69,-79,37,32,-118,31,-50,16,-94,-11,47,111,-26,-23,74,-119,-19,29,-30,105,-17,-89,-56,-46,64,-80,-43,-105,-84,-113,1
0,0,53,21,79,-25,94,-97,-126,-54,-74,96,-7,81,-97,-90,19,-27,-74,-114,98,-44,-115,-85,11,61,121,111,-11,88,17,30,-9,-24,-39,75,-115,-45,123,-48,42,10,-125,11,23,1,-78,-51,-84,-9,2,18,122,-24,-116,-32,-77,-81,-97,-127,-59,77,-75,-35,-110,107,-80
0,0,54,6,-65,-41,-89,98,-20,127,118,122,0,-80,-95,114,68,-75,-89,-45,122,-49,-61,-8,-72,-88,108,25,-116,116,71,-8,-106,-101,-45,-109,-59,-125,29,-110,64,25,49,-101,43,-58,37,-74,-43,-90,-32,90,-61,53,-127,102,72,-19,-52,-115,11,-105,123,20,68,-127,88
0,0,55,102,-8,-104,98,109,79,39,-102,-61,-72,-111,-9,-56,-96,46,-31,-42,11,21,86,-89,38,55,30,85,30,22,107,-2,7,-107,50,-99,32,12,107,-71,29,-121,-79,111,-110,122,-67,-105,-72,-60,-107,25,7,6,-106,-101,121,108,58,7,-54,93,106,-35,-11,-109,-42
0,0,56,11,-87,78,-71,-29,-127,102,62,3,57,7,-35,-3,32,36,45,-85,-88,120,-12,122,-31,-29,-114,-62,-21,-64,8,27,-100,-43,98,77,28,-68,127,-28,-17,-15,104,-123,-16,9,-120,25,-47,-115,43,52,-42,79,-46,21,-103,-28,-60,-120,-68,111,0,33,28,8,32
0,0,57,-69,50,-127,-31,82,-15,0,-27,-103,-7,121,-90,-111,68,121,94,12,-65,-15,-61,-3,11,-108,-73,105,15,-16,-47,-57,8,-42,33,-55,104,124,-35,-93,-108,95,-124,-59,47,-74,17,-5,-21,-114,-71,-103,65,107,100,-37,-121,51,-8,-70,-16,27,118,97,-29,-106,-60
0,0,58,42,-72,18,-36,-20,40,-81,42,-115,105,115,-85,65,-64,-25,-10,-88,44,109,-36,-30,-105,61,-93,-91,-15,-121,8,10,-66,-47,-54,58,23,-9,-19,-14,-87,61,-17,-20,71,-26,-71,29,-31,-51,-70,-61,-111,-109,-113,76,-59,35,-71,-109,-127,69,97,-14,-104,-103,-5
0,0,59,-54,-77,91,-53,18,-66,-77,-60,-8,-122,22,-98,121,-28,-11,-3,110,-64,12,-29,-63,-1,125,-101,50,-38,95,86,9,-122,48,119,-66,-7,-25,-45,45,70,-3,49,127,-19,72,-27,121,98,-53,-125,-68,-120,-24,-37,24,-2,-16,-62,1,51,-48,6,-42,-73,56,-56
0,0,60,84,-10,97,40,-123,-93,24,48,-31,38,-46,125,118,85,117,17,-6,-90,-118,-94,54,35,23,4,-15,-63,-31,-4,-78,-4,113,-44,-14,101,-50,111,-56,-17,-50,-3,83,-51,-2,120,-9,28,-53,7,14,-32,-20,-99,107,49,103,127,-55,-15,42,124,-10,-59,-96,-81
0,0,61,-14,-17,1,62,-68,-106,78,48,-106,38,71,-87,-3,-66,6,5,-89,-108,-83,45,-90,-47,-28,47,-64,30,-127,111,33,-98,-95,-41,-43,117,-34,96,-102,-12,126,120,29,-4,69,-92,115,4,103,-110,93,-116,-1,-51,-82,87,77,47,-47,-3,-114,-109,-43,22,6,-120
0,0,62,-42,115,25,-89,106,42,-107,-115,-80,0,-102,99,37,44,-60,109,103,-12,-31,-124,-104,-119,56,-85,100,-89,92,-84,70,-30,-104,8,-42,-72,81,66,51,56,64,-2,-8,-5,-113,58,-58,30,-43,77,57,39,-106,-47,59,40,30,-26,-114,78,14,-62,14,28,-50,106
0,0,63,-96,114,53,-80,-33,-101,27,126,-10,39,90,34,-42,122,-110,-98,27,6,-33,-111,73,-89,-51,9,-94,34,-62,41,32,117,-11,-27,54,-81,98,44,64,-6,28,127,-68,15,65,-45,65,-67,-15,-104,-103,107,-97,43,67,-30,-49,82,115,79,48,-30,-70,-4,65,-100
0,0,64,-50,106,-108,31,-96,-61,1,-90,-103,61,-94,-21,-96,-78,-35,-29,46,-54,110,72,98,110,-89,77,28,107,-84,95,81,-44,-28,45,-33,23,25,-71,-37,48,-11,-18,106,125,62,35,39,-6,-87,99,18,-48,103,54,-108,19,-110,93,20,-2,109,-85,-90,54,115,-115
0,0,65,5,104,84,-55,-111,-52,-30,-52,65,-123,-65,-19,-101,-16,-32,-1,-18,116,-36,38,5,-106,11,83,-22,37,-45,-91,42,31,-111,47,28,-14,10,-13,-10,-14,-98,2,72,30,-96,110,86,-64,64,55,-82,-71,-100,-6,-12,2,108,-50,-106,96,-120,-76,112,-122,-113,-59
0,0,66,37,-39,-73,17,8,115,99,-61,16,-59,56,-72,27,69,-31,-74,96,-83,-119,-68,-14,-75,35,-1,-121,44,98,9,-20,-97,-34,47,15,92,-59,-70,-116,114,-14,-124,116,60,125,55,-99,-92,-109,30,103,-61,59,5,-5,-88,14,-40,110,47,-88,117,49,-119,53,51
0,0,67,57,11,15,-31,73,-89,-14,49,-8,-122,100,119,45,34,-119,43,-115,20,-22,27,-97,2,85,90,-44,-16,-85,97,82,57,62,47,-23,-58,41,-63,-35,1,83,-77,-76,-14,58,54,-104,114,-74,88,112,-22,-13,-114,99,79,19,23,-84,113,53,-124,36,-81,-42,37
0,0,68,-6,-76,124,30,-1,61,-87,117,-114,-117,10,-119,101,-23,21,-92,-84,-93,84,-77,-31,1,101,5,71,-60,-2,3,126,-19,14,-29,-12,34,-13,60,-14,-84,77,-8,-99,-39,-65,-92,-102,121,121,16,58,-119,-61,-9,14,47,-9,20,-94,113,-104,-3,77,38,57,-61
0,0,69,87,4,-48,47,-38,-36,105,6,-10,-117,-47,-45,87,95,-55,-113,123,-106,73,101,125,105,-13,33,46,-89,116,121,31,-127,41,-48,-89,-69,104,-97,116,-81,85,-24,-95,-126,74,-84,-25,-93,80,113,117,-104,-28,86,68,89,-5,122,-5,36,29,-116,-53,-65,76,-43
0,0,70,-57,78,-17,88,-29,47,53,5,13,42,127,-98,9,-79,-124,88,84,99,6,-10,-114,5,50,100,45,80,37,34,67,63,-88,-62,-4,-107,38,-72,-103,-46,-43,117,-119,83,-77,106,-47,0,-36,89,40,16,73,43,-23,-125,-53,-87,-44,-90,90,-126,38,59,55,71
0,0,71,110,52,17,18,111,-12,41,73,-31,45,49,-41,40,91,-62,0,85,111,-125,-100,-127,-95,119,-29,26,16,-4,35,82,-35,-37,52,-24,58,112,-30,19,108,115,9,48,67,13,-11,-121,51,-81,75,-52,-28,28,-12,-39,-69,17,106,85,-100,12,-100,-17,-37,-11,-61
0,0,72,-25,121,-63,-31,61,-52,-90,-63,-110,-118,-66,-58,58,-31,36,-14,-118,29,110,119,-48,114,10,110,-126,126,-61,-115,43,1,-74,-43,-83,-26,52,-33,61,125,-105,27,-32,70,92,101,-27,16,11,-81,120,-85,-124,90,54,97,-1,35,7,86,93,-42,-99,-121,-93,16
0,0,73,64,-3,36,-15,25,-51,122,62,79,-124,-41,62,-37,64,-68,-90,-49,-124,-93,10,-10,-111,82,97,-15,29,-47,-70,102,65,59,24,110,68,-39,42,44,-27,-79,68,-24,-25,56,-88,46,80,39,80,-95,73,126,-54,72,-15,-23,66,110,-66,108,12,-67,79,44,-65
0,0,74,3,-105,27,-88,-109,64,-22,-22,-54,-3,-34,-124,55,-39,98,33,-117,-123,6,24,-124,40,-43,14,41,-103,116,-99,-39,-46,107,-30,-111,-14,-115,-41,69,-118,39,-29,80,123,-6,0,79,-40,-28,-83,-91,-126,102,13,124,112,-40,-80,-38,20,-74,124,-41,41,4,-120
0,0,75,-21,81,11,-61,87,-63,-24,20,10,-54,110,-16,-85,-46,-64,95,105,76,82,3,-60,-3,-109,2,108,-22,83,124,-116,6,-49,-7,-30,91,-115,-106,-43,-25,-52,-38,-45,109,-85,-107,52,-120,33,27,81,-53,46,122,4,20,-49,100,0,-116,-25,-65,56,106,79,-19
0,0,76,11,3,120,-109,-50,-91,124,-81,-68,-82,-22,57,-34,6,74,-99,-52,16,86,-102,-102,115,-74,-70,7,-27,1,103,-37,-2,15,-50,-53,-103,127,-81,-12,-40,96,59,-38,120,3,60,40,-118,92,-61,-37,99,72,-94,2,5,46,5,127,71,-102,-22,-21,-98,80,39
0,0,77,126,-75,55,27,54,62,72,74,125,-92,65,63,-116,7,124,-73,9,-112,86,16,76,1,66,19,31,25,-16,11,-68,-33,-59,30,55,22,-40,70,18,-115,103,31,101,102,86,34,8,-112,-99,40,115,-101,83,48,41,-110,-41,-100,32,-28,112,75,116,-72,33,67
0,0,78,-119,-5,77,-127,-64,76,-78,102,-111,95,-125,-102,59,31,81,120,114,99,-66,-22,-47,44,-95,49,77,-50,-4,-28,102,28,18,-20,116,-79,17,-68,-63,21,-104,-18,-71,0,-78,-39,-20,123,-22,-63,-98,51,94,0,-21,-15,-111,101,92,3,59,32,-86,-71,33,102
0,0,79,18,38,35,82,60,-77,-9,28,-13,101,118,3,-71,92,-40,-23,-102,67,-109,26,-124,-77,-17,25,65,48,-99,42,-114,-46,-17,-3,-94,21,-28,7,-91,-48,31,-113,-7,-104,-54,-82,96,15,-31,-18,46,-117,67,-74,1,-43,-105,-51,-81,-44,-15,-63,-65,88,93,-4
0,0,80,44,-17,38,90,122,119,-102,37,113,30,18,89,70,-94,100,46,-99,38,28,51,-117,57,7,71,30,77,39,12,3,-89,113,-72,-113,8,37,103,46,31,46,42,32,111,-78,-41,-66,-82,-123,39,105,-55,-81,74,39,84,85,75,109,117,127,108,124,-66,95,10
0,0,81,-108,19,79,-59,-84,7,1,-51,103,32,48,-95,-84,14,81,-17,-29,-9,-24,-117,-65,47,-59,-35,-85,-44,6,-97,41,-51,-119,-94,52,36,-8,-76,29,-43,27,29,-43,-102,117,9,76,-45,-2,-91,43,-88,31,-127,56,111,48,15,-112,63,-27,81,-71,22,-72,-65
0,0,82,-99,24,-2,28,-68,93,-46,58,-63,-50,4,68,-92,114,-45,-96,-45,-31,-19,-10,-70,-24,-95,-17,122,89,-88,-54,93,-63,-108,108,100,104,-125,-51,31,72,-15,3,82,-47,99,106,-71,77,78,10,-87,38,-39,-60,-21,17,-33,-119,8,-109,33,-44,-115,-66,61,-67
0,0,83,-113,4,-1,-21,14,-70,-119,-48,38,-15,-72,-88,-104,-92,-9,-14,61,103,122,-30,35,67,-40,126,3,54,-80,-7,122,102,18,55,-103,94,-2,63,-56,60,82,-22,113,-99,52,-75,-81,121,-18,-99,76,-67,27,119,122,42,31,19,126,26,32,-65,-124,-89,-30,31
0,0,84,-87,-127,-74,-6,86,105,-45,-77,47,-91,-40,-45,36,31,70,-50,-113,57,-107,110,61,-99,78,22,-6,120,65,-84,78,94,122,-104,51,33,54,59,-108,105,-76,-70,82,-69,-47,102,-92,-3,-69,-91,80,3,99,1,104,11,109,-12,-49,-32,-58,-11,56,112,-58,29
0,0,85,96,-33,-101,-127,13,-43,-87,48,-49,-5,105,-60,73,-43,-82,-43,52,90,-101,-75,-53,-64,92,50,-6,-38,57,-83,56,-5,-103,-35,-29,-72,-47,76,41,113,-91,-51,7,-67,-32,25,-78,95,-28,9,-63,-79,122,-44,81,58,9,-87,-84,-9,50,7,46,-72,-92,0
0,0,86,-50,-4,-24,-70,30,33,94,-94,-18,-125,-12,-107,-80,-61,-115,-116,75,56,37,-18,48,-104,-93,70,67,-38,-39,-81,-104,23,-127,2,-108,93,68,-102,-81,7,-60,45,-102,-107,47,-82,89,-41,-25,63,-96,-96,-2,125,60,4,-52,-72,-78,-8,46,-76,72,-121,-20,-87
0,0,87,17,-92,54,-43,-103,22,118,-109,-13,53,-13,-122,-56,60,-105,-84,-15,-14,59,-47,-62,106,-66,104,107,46,-88,109,-98,24,105,-51,-13,15,40,63,18,34,-29,39,86,-23,-101,-12,-97,123,18,-32,-30,116,52,-108,-87,81,-68,120,-114,-37,-122,40,-13,35,26,-26
0,0,88,-75,-38,-108,-67,101,-51,80,61,-105,-12,91,-93,30,-20,64,-73,13,34,90,-74,7,60,-55,101,-93,16,60,-75,-100,96,-127,-11,22,75,30,-118,40,-61,62,-113,37,102,94,114,-53,68,101,-30,87,-69,-6,-99,125,35,-49,-75,-62,-27,32,95,-79,-30,22,124
0,0,89,104,-118,-50,50,-25,-72,-103,107,-12,25,-15,-99,-49,82,51,63,-97,-120,-79,52,62,101,105,33,-98,-12,6,26,-80,-2,-40,-116,-51,14,13,-31,34,-71,-24,-118,87,-9,-97,-93,-85,26,13,-51,99,-120,77,-44,82,-89,85,-87,-119,93,-36,-83,8,-30,-35,48
0,0,90,9,87,-70,47,41,-65,-106,-90,-92,-103,65,-123,-22,58,89,86,93,80,16,-23,7,-71,-107,-3,-89,110,-44,-2,34,65,23,-112,37,49,-52,70,111,-102,-27,99,-33,98,-88,97,-123,38,-76,31,14,-110,12,-55,73,-74,40,55,-78,19,80,6,34,80,109,75
0,0,91,29,-96,-115,86,-127,125,19,8,-52,84,-105,99,58,117,-86,-58,-96,102,-102,92,110,-81,34,-71,-67,49,118,117,95,-91,-87,49,44,-60,64,34,30,38,35,-69,71,-33,95,15,63,-96,78,-99,-1,84,-32,112,-57,58,81,-113,-16,-23,1,115,49,-17,8,-44
0,0,92,48,-86,3,-96,49,-54,102,112,-14,3,67,-42,-62,93,68,-34,71,-44,-76,7,-82,113,41,98,-23,-22,115,120,94,86,54,9,-100,-111,102,58,98,92,109,-9,28,-54,-6,-92,90,78,8,14,74,31,-16,1,-51,92,-9,-58,-18,-33,-84,106,-81,70,-127,24
0,0,93,-113,111,-27,72,-56,-9,-75,-100,-26,-55,77,47,-119,68,35,14,107,-72,-114,63,32,32,125,31,-32,-121,88,75,109,110,105,-4,-1,81,113,-89,-76,79,-35,-115,-44,-5,49,-16,-95,6,-58,37,-58,-48,122,-45,84,-116,-39,-46,-6,6,-115,-44,79,127,112,-51
0,0,94,-110,-63,-40,40,70,100,-61,-123,2,86,71,124,-93,126,52,81,112,79,-74,89,-44,-23,55,6,19,95,-67,9,-11,62,39,-54,123,-124,34,-107,122,-17,45,-90,124,-52,-109,94,-15,-8,54,18,15,-17,42,125,39,73,-39,89,-42,-118,95,-85,24,-77,48,96
0,0,95,91,28,-72,0,-10,-17,13,-80,106,-112,58,-116,-124,64,115,105,120,-63,-103,124,38,26,-68,9,-83,-52,-84,-1,-81,58,-53,-84,101,-1,-116,-56,67,-48,-63,-72,-112,-46,-99,-89,86,-34,22,-43,-51,-43,-107,122,54,51,83,107,38,103,95,-56,-95,0,80,-35
0,0,96,30,-115,-79,-113,6,-102,-43,57,-14,25,53,-15,59,-102,-1,-16,-72,-4,-124,75,-51,47,91,109,87,122,-63,61,9,-10,-19,102,-103,7,-65,-115,-43,112,-118,-95,-62,-55,103,-8,-38,56,12,52,61,79,102,-86,-49,100,10,15,-74,59,-114,28,58,53,112,-114
0,0,97,59,-65,-115,-75,-81,-7,90,-32,95,113,42,-122,61,55,80,-21,74,-118,-28,43,60,-51,-40,-56,-94,28,-82,-41,26,-45,56,-78,-50,-105,88,-48,31,3,-88,0,48,-85,-112,-79,-80,98,114,101,17,30,56,-22,119,33,-76,-82,-30,90,26,-85,124,-107,-38,17
0,0,98,-79,41,53,-26,-56,-8,41,-75,84,-35,76,119,52,-121,125,113,-70,-88,114,11,6,-90,-48,25,-70,13,-23,84,70,-107,-42,-25,-26,61,-94,-119,76,-57,88,1,-108,91,71,90,-27,-108,-103,124,-116,-18,34,37,-18,-7,62,126,-73,44,61,-120,-2,35,80,-17
0,0,99,-46,116,-71,-113,-61,57,56,-74,60,106,-84,14,-32,-95,78,-118,26,80,117,-86,53,-113,-29,-77,0,-37,112,114,-60,77,21,-91,-69,1,-104,84,-112,40,97,-8,62,-57,-119,-83,-10,13,25,-6,-9,62,-98,-75,-67,-46,-117,107,31,-49,72,-78,-62,0,45,-62
0,0,100,-61,41,60,40,-85,23,-106,-85,1,20,-125,-74,12,-35,-19,99,-25,6,66,-55,-56,47,-120,60,73,109,12,-23,-79,55,22,47,82,-31,60,3,67,-8,-27,-75,78,-74,48,96,-6,-83,-127,5,34,-91,120,-101,-63,-50,45,-111,-53,102,44,-88,-52,48,106,-93
0,0,101,-126,17,42,-6,126,15,-119,-100,-72,121,60,-125,122,-105,73,-110,74,-3,88,40,5,21,43,-11,-94,-71,-23,34,-9,-107,-64,-103,10,99,-127,30,52,-127,114,-41,-79,13,31,88,-58,57,-56,-2,-34,85,35,-30,12,-68,-100,-104,7,30,71,7,-113,43,76,-89
0,0,102,-40,-88,-90,-104,108,-105,67,103,-20,54,-39,77,108,-7,-90,115,83,103,120,79,-97,-119,-61,-121,9,-11,112,94,30,70,72,-124,-53,-68,-27,78,91,-106,-65,89,104,122,2,-64,80,-11,-101,78,89,118,123,-85,119,-107,-118,-102,102,110,-94,91,49,48,83,-72
0,0,103,-83,90,63,57,-1,27,119,97,-28,-109,-70,-82,105,-53,70,-49,58,-76,-36,-118,86,-126,-96,-95,-67,23,-82,93,94,-72,-10,-65,-103,82,-86,-43,-54,99,82,123,-57,-101,-64,40,-96,104,10,15,80,-18,-42,45,-57,-114,81,66,119,-85,34,-7,-18,67,43,49
0,0,104,43,-74,53,10,5,-102,-85,127,42,62,4,38,-75,-39,-98,86,-28,-55,-61,-75,109,-64,71,-24,47,120,-110,-85,58,116,-25,-77,-72,100,-121,-74,63,-10,98,-111,9,-85,49,-7,30,68,125,37,-65,18,43,-13,-86,-103,-58,-83,-70,-123,-60,99,-75,-109,27,116
0,0,105,38,110,123,49,-77,118,119,64,-46,-124,24,117,-126,33,84,20,-103,5,62,-127,116,-3,55,-26,86,-12,85,-49,-25,-103,110,-37,-97,-11,-80,-20,37,-5,-20,126,-58,83,8,6,-5,43,-62,-92,-42,-59,44,-43,101,-79,-111,110,42,4,-62,87,-2,-6,22,44
0,0,106,36,89,-35,120,90,-93,-113,86,72,56,-25,-30,-90,89,30,-14,73,99,127,87,-41,-61,-124,-19,-17,66,122,-23,44,-74,-12,-25,-109,84,-90,-59,-76,-119,-35,31,31,-18,36,33,-83,-21,-27,-26,2,-57,-112,78,-71,7,-109,71,73,-10,-122,41,-104,6,-74,104
0,0,107,-110,-73,-33,-102,-47,-61,-68,116,13,29,33,-47,-47,-27,-6,-6,-78,-124,-52,118,113,7,-12,113,-105,-25,-125,-54,110,-116,72,19,-103,91,-28,-61,76,-96,102,-18,31,-31,-84,104,114,-107,14,116,36,72,-122,-115,73,96,89,-50,-34,116,-102,-16,-19,3,-93,-84
0,0,108,-66,-50,-124,53,-20,-25,-19,62,118,3,105,66,21,120,-49,19,28,-44,71,54,-46,-82,120,54,83,12,124,-108,-40,65,-67,-92,-44,110,42,91,83,-104,29,-50,100,-83,-35,-8,9,82,38,11,-20,77,126,95,17,-56,-26,-51,116,123,1,-78,28,58,59,27
0,0,109,26,-98,-89,85,-2,105,111,120,-91,-88,23,10,22,35,43,-8,82,-98,-99,-102,22,-22,-73,12,-24,88,-76,50,-2,91,-98,72,126,-71,-99,45,47,-39,-126,-12,-34,46,-111,3,53,-37,-44,-4,102,-92,125,-68,11,109,39,-25,-116,114,-64,-54,62,-45,-16,45
0,0,110,10,-73,-78,-19,-92,-116,-79,36,93,-83,8,25,-91,50,-40,-111,28,-65,115,47,34,-45,-79,52,-59,73,65,64,66,-29,-48,39,-100,-45,16,-59,84,-35,-76,-123,-27,118,-18,17,-52,-34,-65,56,81,-36,-36,62,49,55,-63,-19,85,-16,95,65,95,-17,76,-53
0,0,111,-81,-92,-22,-39,-118,-53,-12,-21,-103,-126,81,41,-12,86,7,-2,89,27,3,62,111,18,27,5,45,110,106,65,6,-45,125,106,-33,46,104,61,23,-72,11,-72,82,0,84,109,-125,96,-23,-61,-62,10,-50,-78,62,114,57,-52,-110,-91,-14,74,-127,-114,87,15
0,0,112,52,-116,29,-93,74,80,121,35,62,61,-63,-115,6,107,49,72,-73,30,-110,-30,-17,86,67,55,111,106,67,91,-19,69,80,-51,-52,2,45,118,-99,-9,-6,91,-80,-44,63,125,-109,-5,21,-18,-31,2,-61,-4,-88,119,-14,-15,-84,-7,50,89,86,7,-4,-35
0,0,113,-68,-59,-61,-89,36,-84,5,52,-71,-95,78,85,-117,31,73,-40,-16,-109,87,-7,-82,-25,45,-126,109,-112,12,9,-49,115,99,-70,49,-56,-57,89,103,105,-81,-44,74,-99,-114,-52,118,112,-127,0,86,85,37,102,58,65,-72,100,-44,-24,-82,-126,-6,-60,-63,91
0,0,114,127,-78,65,73,-21,82,-11,-50,-103,-60,110,84,5,22,-5,-94,80,87,54,27,-38,5,119,-113,100,9,-122,-25,39,-46,-58,49,-31,-65,79,121,-17,126,-115,117,-32,-103,-17,19,74,-28,81,113,38,-6,91,-6,-124,-96,-47,-2,-71,-90,60,48,56,-101,-97,-2
0,0,115,35,115,-42,56,-90,-125,92,-25,-49,-34,33,117,-52,115,-113,-57,32,102,-6,-104,69,-70,111,-101,111,-31,34,-110,23,-80,56,-126,-99,-112,-57,-86,118,-66,-25,-121,20,88,-46,-106,21,-43,25,105,-108,-80,-84,56,-34,4,47,-56,55,-9,113,0,3,112,54,-72
0,0,116,56,-21,74,-95,-17,71,-43,-5,49,107,55,-108,74,-109,-43,82,-16,18,-4,-81,31,118,-17,77,-126,-32,-71,62,8,-106,-121,15,20,15,55,-25,-62,-81,93,-24,119,-28,-55,0,86,18,-90,19,-102,40,-44,-37,-25,-18,42,76,83,-40,-104,-92,25,-82,115,113
0,0,117,29,-92,45,106,11,5,73,-56,55,66,32,113,-83,113,-45,-67,14,101,-34,44,-100,-56,-31,-90,19,68,-61,-126,-45,-64,-14,120,-78,-14,56,-65,-15,55,37,69,-70,2,-2,-36,-90,-118,-70,-10,77,75,-56,-117,-41,27,93,-125,-105,-16,-94,-98,-63,-104,105,57
0,0,118,-82,120,-63,54,52,60,30,14,-53,85,23,34,-127,4,-31,119,-87,78,82,26,42,-65,65,101,-52,-94,-85,-18,74,6,109,-65,50,61,19,66,-40,-50,122,-76,63,70,101,-116,109,94,-102,-66,34,18,-85,-64,97,69,-61,121,96,-22,43,59,126,55,-86,-54
0,0,119,90,-102,-71,63,99,-24,96,124,46,-88,-13,108,43,18,39,2,-63,-108,-1,61,115,-123,89,-37,-20,63,-54,-100,-67,-64,8,-13,101,-94,-43,20,118,-83,8,109,11,-32,15,-44,40,-81,27,114,-90,-39,83,-49,28,-57,120,-80,-17,58,66,67,107,-6,82,-30
0,0,120,-110,122,1,23,-38,-119,7,82,-11,75,24,-18,29,-32,106,-103,-38,87,100,-69,-44,14,-26,100,112,-60,-113,-65,-50,24,84,26,-58,-2,1,60,123,-106,57,-110,55,-27,-12,47,41,40,68,86,-50,-62,-44,119,45,29,68,59,34,-93,11,16,-109,-66,-50,-17
0,0,121,-78,15,5,25,-126,118,0,-86,-75,95,-102,113,81,11,-96,66,14,-27,-5,6,-79,101,87,-119,57,-51,22,12,93,-49,-123,-85,-81,1,-42,26,27,-119,-84,90,-55,11,-22,-20,115,61,-59,-76,115,-51,76,-107,-106,-72,88,74,114,34,-31,-114,121,-27,15,99
0,0,122,-29,-86,123,-43,23,-44,-72,8,101,-51,-61,-4,86,121,-57,-81,-16,111,121,-31,-125,121,-44,-124,-16,80,33,-67,95,-20,107,62,-113,45,-22,-8,-13,-58,-108,103,-60,71,30,-100,-92,-112,-112,-80,-45,-51,53,-41,-106,-20,108,92,18,47,10,-107,-74,-71,-98,-118
0,0,123,-111,77,-7,-98,-40,10,55,88,-5,-66,-37,69,114,60,-37,89,-115,-109,-53,-89,115,-79,56,-124,-114,34,121,-15,-70,51,-89,123,-8,-33,-35,-63,104,-12,19,-75,-8,105,-79,-66,24,-25,109,-41,111,-69,-97,-12,84,101,26,30,35,60,-89,112,7,-95,66,-34
0,0,124,-117,112,-78,-5,-40,13,23,-28,101,56,-52,-32,112,54,83,75,-68,-84,20,-39,-35,22,33,80,32,33,-121,116,77,39,10,60,12,-120,-100,-100,62,66,-126,21,116,124,-79,29,19,58,-30,104,-87,-99,-124,-27,-84,-68,-107,112,-90,-55,19,74,-96,-96,38,29
0,0,125,44,-58,-4,-117,-53,-31,103,68,-59,-15,121,74,-7,-10,-58,-114,35,-25,-121,69,-110,95,-37,-100,39,-109,110,78,10,84,46,119,85,-16,-117,-28,-7,94,34,-113,-78,-108,79,-88,-100,-87,49,48,-45,-97,-27,-51,-102,98,-27,78,40,-117,-83,-111,-9,12,-96,-98
0,0,126,-55,-4,-69,-65,-117,84,-119,-108,-61,-9,123,116,120,112,-65,-126,119,-31,-59,-15,-23,-97,119,-83,125,89,-82,-10,124,99,28,-24,16,56,72,-108,123,48,-32,82,-78,-15,119,108,66,54,-55,-84,73,16,-61,-22,122,-110,-60,-51,-36,51,112,-79,80,-42,94,-106
0,0,127,43,123,-39,45,37,91,9,-34,-95,-37,-5,-112,94,57,-40,-111,-65,121,23,-12,20,4,-77,6,49,-63,-37,-32,55,-121,67,72,-34,-22,75,-58,-9,-69,114,30,-29,83,4,-39,72,-46,15,-12,9,74,-73,-22,-27,126,117,34,75,-79,-81,-120,-117,-116,-6,-69
0,0,128,-55,125,13,-88,-6,-76,-96,19,37,-68,63,-108,-127,-68,-120,74,86,68,50,23,-46,51,123,-17,125,67,93,111,38,65,-1,102,-115,-98,-101,0,-4,49,-109,-83,63,74,-111,-97,82,-109,-123,32,-36,66,-99,20,-93,-25,115,-102,-100,-54,-25,-65,-88,-90,107,116
0,0,129,70,54,93,-45,73,33,64,30,-50,-39,-86,-58,-109,-43,-2,102,91,31,-19,20,35,-82,-80,-45,82,90,117,-11,-87,77,45,-121,-12,106,121,62,-113,-57,39,8,77,-80,94,-40,89,54,118,-4,-68,5,-58,78,17,75,31,72,122,62,-111,47,-108,44,-30,71
0,0,130,-104,-109,1,22,-15,-26,-49,-42,-115,35,-85,-53,93,-84,110,118,124,123,32,-100,71,60,-88,80,-94,-24,39,-47,-64,118,22,-12,-83,11,5,26,80,-91,105,-84,-115,90,109,10,99,22,-116,-14,-50,-55,77,-30,45,-79,-86,-106,-127,7,122,-107,93,84,-65,54
0,0,131,82,96,87,62,-88,-23,-78,-18,103,93,-25,76,20,94,120,74,19,47,-101,-120,-76,2,125,-1,-126,-103,43,53,7,-56,-2,-37,-104,-58,-13,61,-11,55,-36,-96,23,62,82,-48,-65,99,4,61,-51,46,45,-93,-40,62,-112,124,42,-112,-56,-5,96,-13,-58,-12
0,0,132,77,116,-15,10,31,46,75,-75,-92,-86,-54,47,-120,-12,8,-121,-20,96,74,37,39,115,-112,47,116,110,5,-96,-65,111,47,53,50,28,41,-80,-108,10,36,2,1,60,120,40,-67,-1,109,-39,69,74,95,109,121,-109,32,-55,-102,7,-90,108,87,104,43,-48
0,0,133,117,94,-28,-68,47,-112,65,85,118,-18,71,-7,87,-91,-69,-92,62,-88,15,-34,-62,67,8,-85,-99,-93,-85,-34,17,71,-31,100,73,-6,83,42,34,-119,-127,-19,-35,110,-68,103,-27,68,-31,-1,58,70,-91,-76,24,-106,48,-59,5,120,45,70,-110,-44,-97,123
0,0,134,-34,-22,-11,36,115,19,118,-56,38,-79,-105,63,8,-18,-87,25,-85,6,41,-96,-60,2,21,63,-117,90,105,-20,63,42,-69,-67,56,-80,36,-117,-116,65,-55,-112,84,82,64,127,58,119,-37,-57,-56,10,49,-10,67,-84,81,-102,102,-122,9,88,27,-42,112,30
0,0,135,-14,-79,96,1,29,48,59,65,17,29,33,-83,127,-2,48,-109,1,33,22,58,24,-25,-100,99,-40,-124,37,-125,29,-51,-97,67,-22,-46,60,-2,89,4,-20,43,-39,-104,10,-127,-39,-30,-21,-40,-114,66,113,109,-25,-72,48,98,15,57,121,97,17,93,-110,-114
0,0,136,25,38,3,-121,106,52,-15,-46,-85,96,-127,48,66,124,-21,69,118,-88,-105,-116,-23,69,-4,103,-18,117,-54,-50,19,85,-42,55,-103,6,-9,-97,28,-120,95,57,111,-38,-88,-117,-19,99,78,-44,112,105,70,50,-34,-45,-66,-48,126,-117,79,-44,87,23,-28,-81
0,0,137,73,108,1,-110,-58,-55,85,58,-18,109,84,121,45,-4,-89,-24,-87,21,67,66,62,-57,-40,-31,4,-118,-42,-123,-109,-46,-58,59,-54,19,-123,54,43,0,-52,31,73,-30,30,62,83,-38,13,63,-116,108,-55,32,-54,-21,-4,108,108,84,46,123,94,-74,77,-22
0,0,138,-69,-103,-74,16,99,29,72,-103,-60,-75,67,90,108,-73,-39,-22,-49,91,-59,-41,96,34,52,-20,-37,-61,108,1,-20,67,109,-18,-30,127,83,93,-111,105,-58,-2,-101,33,-99,-64,27,-14,-32,14,-52,35,-9,69,31,111,-75,-37,-80,123,96,-111,7,114,-44,-109
0,0,139,-30,-10,-53,68,91,40,-63,-95,-25,-79,99,105,-2,-86,-18,-46,-22,12,5,-126,-51,116,-6,72,66,105,-102,114,-119,-55,102,-72,4,4,114,46,-92,90,-77,27,-29,56,80,-56,-109,-54,116,48,-85,75,79,-54,-78,18,-90,-45,88,-15,61,-52,115,5,57,91
0,0,140,39,-28,57,122,-63,100,-70,-104,13,68,118,-102,77,77,96,37,-83,109,7,-65,46,-87,11,87,-93,31,47,97,-120,107,9,42,59,-10,-118,-98,-48,18,95,-79,-93,-37,124,48,26,57,-101,73,-116,-75,115,97,-66,15,-34,60,-98,83,105,-94,-33,76,125,41
0,0,141,-61,82,35,-32,-83,-104,32,59,-17,85,-58,-28,49,-97,-85,7,-48,-53,-5,-6,-2,-29,56,45,-61,-5,26,-70,9,-104,42,-9,83,-17,109,115,-123,-12,111,15,6,52,78,-34,97,103,-17,10,-110,-65,74,3,118,-51,-47,68,11,8,13,-31,-31,50,-71,63
0,0,142,0,114,46,-6,107,47,-102,-52,47,-81,-16,19,-88,94,-45,90,115,-107,93,-42,7,15,-93,-27,-6,-67,-6,91,98,-52,56,2,108,-97,75,-89,-64,-120,-72,25,-60,14,78,-83,-66,-12,48,-3,-103,-60,79,-28,-24,50,-113,92,83,126,117,102,-107,107,-21,110
0,0,143,116,-55,-66,71,-50,2,-39,-68,6,88,-40,-95,16,-3,68,127,-96,123,-71,49,84,-63,-79,-113,-46,-46,-34,-105,-86,74,66,-81,-64,-105,86,18,-101,73,68,-37,-84,-90,-8,-116,34,-22,79,111,-15,-53,66,120,-82,86,39,-42,-55,43,119,-120,21,107,12,111
0,0,144,-42,-29,74,-16,56,-48,-59,27,-118,49,115,-28,-121,-35,12,80,-125,84,6,-91,-53,-57,80,73,110,123,-83,-116,90,84,76,-74,-28,103,95,47,-3,64,53,99,59,-93,94,-21,35,-35,-91,41,-67,127,-97,101,-111,48,114,-105,95,-84,-107,-70,82,22,25,-125
0,0,145,7,25,67,-29,82,0,-7,-122,-14,-32,-43,101,-22,14,97,57,-93,95,35,-8,-86,-63,-67,-40,-50,23,13,-4,23,31,2,-108,-10,-30,24,-90,32,49,-48,-33,-109,-29,-54,-17,55,-90,-64,127,-25,-38,-94,47,-7,-70,126,9,-3,2,57,21,26,-76,-97,125
0,0,146,-109,85,-71,-52,-101,41,49,-126,3,-62,-11,27,22,13,-107,-10,-27,28,-30,-18,67,39,98,97,-7,-49,99,43,-43,10,7,-78,60,113,-33,46,88,-102,68,-111,104,-88,115,-106,-98,-21,-25,-8,-47,7,13,64,-84,126,23,76,79,-127,17,-12,-126,8,18,-70
0,0,147,58,117,117,5,-124,102,24,106,55,-99,-60,-86,-82,-48,21,41,69,-76,79,-120,38,-64,115,-71,41,111,47,20,30,-63,-70,5,-94,74,99,-98,-3,89,-75,85,-126,1,-115,73,-56,-99,98,46,-102,4,-25,-57,-15,-98,101,-8,-95,-94,-100,109,-116,11,5,87
0,0,148,-65,34,-34,-6,-19,-37,60,124,-8,75,37,61,-31,48,57,-25,52,5,77,14,6,109,65,-57,22,-66,-2,95,72,-121,68,-11,-116,-121,70,-7,-5,-118,41,31,113,-73,100,-50,-124,82,23,87,10,-76,115,-102,-36,6,-3,119,40,-76,10,-50,-120,-29,29,-102
0,0,149,-89,101,-48,-126,-18,30,82,2,-46,-74,-24,85,-116,-61,-49,9,-59,-8,-12,-12,-11,15,-43,-44,1,51,61,31,-70,-106,-89,-64,-43,79,91,-67,15,-68,127,-105,-97,20,-28,3,10,-49,-106,-117,115,94,32,71,-31,16,-60,110,-29,113,41,-38,22,-72,9,119
0,0,150,-40,-56,99,67,45,-78,23,22,-68,94,-122,113,-81,0,-8,120,13,84,-29,109,-44,14,8,-34,-102,89,-20,121,58,-124,82,81,-9,-113,-29,-5,6,79,-76,97,33,89,106,7,-22,2,110,-38,7,-91,-90,59,73,101,102,-16,-18,-117,98,105,-22,-42,-34,-16
0,0,151,-4,9,-66,11,1,31,-35,73,63,-68,-12,-122,122,-120,-77,46,-29,35,-39,23,95,-10,84,-71,-111,-110,-68,20,126,-76,-40,35,-108,66,58,-114,-59,-90,-96,-30,-22,11,123,30,58,-111,48,-56,-25,-19,116,69,18,-14,72,-55,105,99,123,-26,67,112,-35,73
0,0,152,92,-37,-49,-54,-11,113,-5,112,-36,-82,-56,39,-120,-127,54,38,-87,3,-112,67,61,108,-21,-7,53,-86,124,29,-96,-3,-7,-6,-91,47,61,-98,-16,-79,-117,-33,75,-81,117,-16,41,-9,17,-90,-11,62,-85,106,95,80,-27,57,64,-7,-42,13,-56,0,-84,64
0,0,153,126,-111,-68,106,126,-69,4,103,89,5,38,10,24,-114,-100,72,-125,52,-62,80,55,25,-84,94,-32,123,-6,56,-78,74,-10,66,-106,-40,66,-48,55,41,52,-33,-16,32,13,-90,-104,-110,-75,80,-98,1,36,117,51,51,-93,-117,96,103,81,32,11,-98,90,-19
0,0,154,-51,-9,14,-24,-73,107,-66,-20,-13,-4,-118,60,85,111,-24,44,-127,60,-59,-70,93,2,26,-96,119,-60,-50,104,119,-61,29,20,-10,58,-28,40,-116,-14,94,-63,-55,-124,92,1,-57,-3,-54,51,125,-63,-115,2,38,-107,56,19,-72,-113,68,-111,55,-19,-34,-113
0,0,155,-59,-47,47,-110,60,107,40,5,-59,26,-25,10,19,7,-60,3,18,69,10,37,-80,47,-33,41,-8,49,56,-93,-62,-56,-2,-7,-40,14,70,-72,-74,80,-22,53,68,-38,-82,124,-40,71,-83,26,-111,-37,-71,50,20,116,-119,-9,-11,76,58,-40,121,-127,36,-12
0,0,156,90,-82,-58,-117,118,-103,-6,-5,51,29,-37,121,-74,52,-44,29,-8,25,-69,36,110,-71,-30,-23,-44,26,13,-72,116,48,-64,-79,16,31,19,-16,31,85,-56,11,-46,-98,-79,67,117,46,-31,71,-36,44,124,-99,-107,-46,67,23,58,-33,-37,-104,-16,-89,-104,124
0,0,157,-35,6,-36,40,-34,-56,-7,89,-61,-18,-111,-86,126,99,-116,-44,91,-4,29,93,42,63,19,-91,113,-52,-11,-112,91,27,34,37,-82,11,60,-68,-107,-54,-95,-84,24,-31,-35,-105,-80,40,77,15,-2,-109,43,84,-109,84,72,-5,-40,-31,-108,-90,29,-113,32,49
0,0,158,5,75,-9,100,29,-15,10,109,-117,42,72,61,64,-46,-2,105,14,-119,-50,-120,51,3,50,-33,59,122,56,2,-116,87,54,-118,119,-29,13,-1,-93,96,-98,-77,98,79,-22,-78,83,8,101,40,-83,84,30,0,82,66,125,103,-116,88,120,12,102,99,79,-34
0,0,159,98,53,-54,52,7,43,72,-86,-123,-82,101,-54,42,-113,-117,111,28,120,2,-101,-101,42,-67,22,-1,-127,118,-49,11,-105,-35,-9,-80,57,85,-8,69,-93,123,60,95,43,-118,103,-26,45,-64,-73,111,12,-90,58,120,-64,22,-24,-10,-97,120,-63,-27,-79,99,-19
0,0,160,99,-61,-127,-118,-126,0,85,-44,-27,-26,117,33,15,93,51,77,55,-94,52,-65,-53,30,118,-1,36,85,-87,-95,-25,102,-6,-49,-61,-40,-105,-79,48,13,50,59,70,-12,103,48,8,36,14,-36,107,23,85,-8,94,123,60,-19,-114,42,33,37,-58,29,105,57
0,0,161,-121,-92,-120,71,-104,122,45,112,-84,116,110,-122,23,-110,-55,-71,-90,-21,-38,59,-116,82,29,103,-25,-30,117,77,-65,-101,111,-21,9,-60,103,28,88,77,111,-55,124,-77,25,-21,-46,93,-96,56,-70,-16,-44,2,-7,-105,-103,85,-4,53,120,-33,68,28,-40,10
0,0,162,107,-31,-5,-26,-50,-88,112,-14,-14,-104,-109,85,-27,-27,118,115,46,-43,95,-27,-90,-34,-3,-71,-48,46,-22,57,-113,-60,-70,-74,-65,120,-18,1,-126,-112,-74,99,126,33,-38,-80,70,-19,-83,98,7,124,112,123,72,-105,67,93,34,45,-89,0,5,-41,-78,56
0,0,163,62,-50,-115,56,6,64,-61,-90,-33,-121,-4,-58,-70,-119,69,71,-73,99,45,-74,101,125,-46,73,43,-31,118,112,-56,13,-115,82,-72,-31,-96,-121,95,-82,-21,-97,-25,48,77,127,108,20,-29,31,-81,78,25,18,-74,-80,-59,-121,71,29,69,10,-42,83,-117,-23
0,0,164,-118,-10,-119,24,-22,37,5,104,-69,48,12,-60,-79,26,91,-34,56,-122,55,86,-109,77,-56,38,-20,-64,-4,87,-16,-88,-121,-60,-25,41,27,1,3,3,77,116,-32,101,57,126,22,65,15,68,11,21,86,34,23,-3,-43,102,47,-2,-12,92,73,-84,-105,99
0,0,165,86,8,-124,-114,16,115,-22,93,65,-21,-99,-62,90,-37,-99,98,-61,-25,83,-26,-28,20,31,52,-81,-110,35,56,-68,110,78,61,101,-75,1,-55,-8,-105,125,-10,-16,-38,111,-31,13,-106,104,86,49,-127,-16,-13,-60,-32,-15,105,4,-89,-4,2,-71,87,1,92
0,0,166,-82,46,21,67,-46,72,18,71,-121,-10,124,-84,75,-113,-18,-26,106,118,-45,-2,-89,40,-65,9,-80,-24,-92,121,-38,-87,115,56,126,-54,-59,-61,-53,83,44,19,83,-20,106,59,-97,96,123,-77,70,-51,8,-124,124,71,-114,119,3,63,-106,49,-93,-125,-88,113
0,0,167,-31,-80,16,-90,-98,-43,18,94,38,-106,-86,-127,64,-118,-64,59,101,-125,75,12,81,6,102,33,-26,126,116,72,29,-21,-24,-58,20,-27,-46,58,89,36,-103,124,-39,-47,3,-122,18,102,35,110,57,-64,99,-15,-24,25,7,111,-76,-123,-77,-59,-105,-77,-83,78
0,0,168,42,-22,-123,72,-110,-113,-8,10,-30,-34,42,59,107,-9,27,45,4,-52,92,-74,-18,-107,-28,26,34,49,111,79,-39,109,124,64,88,-118,93,-24,94,-29,8,-86,3,-97,-80,102,67,-46,11,48,-25,42,37,-4,83,50,39,59,-107,114,-78,-23,121,-48,17,34
0,0,169,123,25,-78,-21,47,59,-43,-87,55,44,99,51,-36,105,17,-6,38,-40,64,-20,-58,9,-97,-71,9,-107,-111,62,-4,-110,-49,-78,-106,-5,105,116,5,-111,90,-60,-109,34,-77,-17,127,23,-107,83,-60,98,34,-46,-121,40,-76,10,-99,73,71,-67,98,118,35,-24
0,0,170,-42,-82,114,-69,85,-27,-98,-114,-63,-36,-1,21,-18,35,-104,-31,19,-42,-105,104,36,78,-44,71,-107,126,-18,103,121,66,121,66,122,-48,4,-41,-42,89,-56,-90,5,-97,-119,50,-65,82,103,86,102,-55,0,97,119,43,-101,-12,121,15,110,-80,-61,37,-40,54
0,0,171,69,-39,-44,-12,56,-55,99,103,68,79,25,-70,118,18,35,-27,83,98,-39,-109,-82,-81,117,-18,97,-40,92,9,98,-100,-52,88,83,-116,0,-59,65,-101,4,-63,-95,27,38,-40,23,39,5,95,-3,25,103,-2,0,120,-77,-27,70,4,-72,-105,14,76,-99,121
0,0,172,1,82,-60,124,-101,33,-96,18,32,-40,-78,-61,60,-56,-87,4,-76,-50,68,-19,-69,37,91,-81,68,-19,-83,120,9,9,47,-50,-125,-12,-104,108,49,37,48,-72,-121,-98,-14,-107,8,-17,-49,85,62,-93,6,59,-49,12,-105,-65,10,-75,-21,104,24,2,-70,86
0,0,173,76,-23,-40,-85,-71,-75,-65,1,-30,-24,114,-12,-113,-5,112,-49,-75,64,-80,31,-75,-73,100,-124,-91,-26,121,111,20,-5,-72,33,-101,-65,111,-1,122,-74,77,-65,126,-98,-64,-114,-114,-125,-124,9,-124,64,-97,44,-66,69,7,105,-25,30,-61,-12,-8,60,33,-50
0,0,174,123,-82,-101,-89,10,-86,110,-77,85,123,43,66,-109,-59,-25,3,-102,-84,-28,20,-38,43,88,1,99,63,44,-111,-63,43,-61,114,122,1,13,-52,-113,62,119,-7,33,-15,1,-68,-67,-7,-5,6,89,-78,65,56,-12,126,92,-39,28,115,-124,-110,-70,95,-25,-75
0,0,175,-7,-69,45,-21,-103,-100,-15,119,-44,64,9,-116,87,58,107,71,-70,-75,-9,80,11,18,-104,83,18,-65,-101,111,-14,79,44,34,-80,-103,106,107,94,108,-106,71,-93,-20,-14,81,-10,124,-84,72,-58,-88,-124,75,-11,122,87,-88,12,-77,4,98,57,-79,28,82
0,0,176,58,-124,100,-47,95,-39,-35,-98,15,105,98,-21,59,75,89,-19,-37,104,-51,97,-103,48,123,87,107,-46,70,-48,-97,-6,24,93,1,18,-26,79,-64,82,-68,71,72,-92,-45,23,83,-61,54,105,54,96,61,-52,31,47,30,-64,93,-73,-60,26,-106,-106,44,44
0,0,177,42,78,-105,-58,-48,74,54,-119,-51,6,82,59,-52,-28,46,125,-73,66,2,9,12,-97,115,127,36,-73,-22,53,48,-4,99,61,108,-123,2,-116,-105,-22,22,-9,33,61,-25,-107,5,38,-85,62,-101,41,-68,39,-5,36,86,-28,-90,-82,-83,108,-79,114,12,76
0,0,178,18,-106,-31,18,-42,-73,-107,-81,-5,-103,-113,114,-24,101,113,104,-60,9,85,-20,28,60,76,21,57,-124,115,96,-38,-52,82,32,-70,-16,-90,-27,47,45,1,105,-118,116,-103,32,21,45,73,29,-39,-5,-119,-99,32,-58,-125,-6,109,13,-93,51,8,-73,-20,-115
0,0,179,-50,-91,-47,59,126,92,57,107,-127,81,91,-27,62,-96,-5,-40,26,-42,123,104,-40,62,10,3,-75,40,-4,-85,71,-125,37,19,0,-30,-95,87,99,-93,39,39,32,-31,-80,-84,19,-65,-100,121,48,-110,80,-89,67,-56,-31,118,-81,-83,62,-8,97,26,28,45
0,0,180,-56,25,2,-63,-111,-112,3,-17,-89,33,127,96,44,45,18,59,98,125,61,-15,-102,-119,73,2,-81,-99,119,-117,-65,53,79,-85,37,102,102,116,-86,81,10,73,-48,61,-114,105,47,-77,-84,57,57,76,-63,-35,5,105,16,-38,73,-110,-63,-94,-38,43,-90,-98
0,0,181,45,-47,-42,-111,-13,-46,-13,-27,10,-96,56,-64,58,-126,-117,72,111,-101,42,60,86,-62,53,-94,16,-42,118,-84,-62,62,78,90,-19,73,6,-101,37,-37,2,95,53,61,24,40,-48,37,32,84,-36,65,51,-122,24,58,-76,90,-40,-36,-118,-72,-89,3,59,98
0,0,182,-47,123,33,-122,52,23,-86,24,80,108,-113,53,86,-61,-70,39,-60,51,-99,47,69,-31,42,-125,33,84,99,-51,-96,-8,-44,75,85,-49,74,-112,-62,114,-21,-53,121,-123,21,60,99,-61,101,12,-103,-118,27,-125,-91,-34,-6,83,-103,-23,-19,-17,44,-102,-92,93
0,0,183,25,-83,86,-40,60,-126,-55,-13,-83,4,78,81,-27,106,48,-109,-24,14,-55,-14,-88,-25,96,112,-123,-111,108,35,104,105,-125,17,-78,-7,-35,-21,-29,82,-69,122,100,-18,-26,42,91,-122,-20,80,37,-88,94,51,-82,-10,75,57,16,-54,-41,-75,-122,-76,-102,-114
0,0,184,-98,96,68,-93,72,-28,-1,56,81,115,117,124,-59,-51,-125,32,-56,35,-74,-39,-125,64,-5,45,89,-109,-48,-108,6,1,103,95,41,47,-92,-16,7,115,77,-14,-36,-105,44,118,61,77,20,62,23,90,123,59,-18,99,55,-89,-13,53,81,125,118,117,-56,51
0,0,185,107,-36,30,-95,-89,-91,12,48,-7,-28,6,43,-34,15,101,82,89,121,-99,-29,12,65,-3,-91,41,63,54,107,-120,-111,63,-5,-47,89,111,-54,75,104,-98,122,-71,-87,126,-25,-127,0,-27,-50,83,107,-51,-115,-71,60,-94,-120,93,102,-57,52,-50,-106,118,-109
0,0,186,20,-102,-113,-67,82,-124,29,37,6,-7,-69,36,-89,59,-23,83,99,-40,-92,38,-68,90,-97,-120,-2,71,-51,49,-60,126,-99,22,11,15,-25,-67,-121,16,13,23,-96,68,64,55,43,-58,-111,-86,-88,-59,50,27,-120,46,-120,118,105,64,-98,82,-116,-9,18,-46
0,0,187,51,35,31,3,51,-84,-97,-57,-51,88,111,35,17,112,81,-5,120,0,117,44,65,83,92,-47,102,-84,-78,46,-124,56,-99,-88,82,-60,-62,47,-49,86,-114,80,-3,-4,103,-9,68,-83,1,116,79,-20,62,-80,-104,-58,-110,22,32,38,-69,-88,68,25,-109,-115
0,0,188,84,-120,111,70,25,-101,62,-55,-93,20,-83,97,-9,117,82,58,-23,2,59,86,107,103,-102,81,-34,-90,-107,64,-8,-27,-102,-15,42,30,34,-56,-26,-74,43,4,-53,88,15,-30,73,1,-119,120,96,-31,-71,-63,58,39,65,-109,81,-36,-29,66,15,-23,-58,67
0,0,189,-19,119,-20,23,-61,28,-88,59,-19,39,-49,75,-14,28,93,-9,17,-116,117,-49,45,-103,56,-22,23,-34,-38,-13,69,36,-106,-123,-89,-92,-45,-27,-44,89,71,89,-109,-24,-15,119,74,12,-83,61,10,75,-72,-72,-116,86,-20,8,43,-38,-120,89,117,15,105,-110
0,0,190,53,-45,-5,45,-84,37,-112,-55,-12,73,79,-8,125,-2,-90,46,61,78,55,86,84,30,-75,-30,-27,13,43,-76,25,-62,-80,-95,-55,-114,-64,120,-113,23,98,-56,41,18,-6,-74,33,-82,1,70,54,119,89,67,-44,-127,113,-29,45,84,-91,-44,-54,-96,75,-11
0,0,191,-37,-117,108,-47,42,80,-113,52,-27,-23,-61,120,-53,4,-65,60,89,-67,108,-104,116,91,-96,53,-38,69,-95,-118,-124,38,-9,-109,29,35,89,87,40,-62,81,42,-79,-23,82,-119,-102,-59,23,-47,18,-82,68,-34,-81,-58,-119,31,-101,-114,46,-74,6,7,58,-112
0,0,192,114,-47,88,-121,64,-41,0,22,68,4,107,-119,-33,-56,105,117,101,17,-76,96,114,-50,93,93,113,-26,89,45,-86,-75,-69,-24,-44,122,-41,-36,-86,36,123,12,-55,101,119,-104,-72,-44,-107,-14,-84,-1,99,-63,-29,109,52,-24,-17,27,-115,-89,79,-1,58,-32
0,0,193,-106,4,-110,5,2,56,-65,-46,-71,120,-30,-92,111,-112,50,-81,-70,93,-81,73,99,111,67,-26,-86,51,5,116,35,107,-61,-82,-66,121,98,-27,-123,1,-67,121,112,-48,26,111,114,-70,-80,-18,-115,94,123,-71,-11,-64,29,-50,37,-25,51,59,30,-56,71,120
0,0,194,74,-8,-66,115,-96,100,-45,30,44,-45,24,-114,110,-47,3,-52,-17,-2,71,-2,-31,116,83,43,-113,22,-103,40,-107,104,71,97,112,-118,85,-116,97,-69,-122,115,45,-13,-71,80,-14,-104,-71,68,72,-96,-69,-96,-95,-32,-89,34,54,-75,-48,32,104,36,-33,-15
0,0,195,121,-46,-33,-118,75,6,47,82,56,-42,-84,45,94,-14,-127,-12,-55,-73,2,95,-79,67,-34,12,-8,-2,-68,125,46,67,92,-43,-11,-43,-31,44,-35,-1,73,-72,82,80,-64,26,-38,-2,22,-124,-5,-76,-72,52,48,64,-40,76,48,94,65,-85,87,-59,126,4
0,0,196,-111,-104,-115,-49,3,40,22,-90,-104,-44,94,-127,53,106,51,-105,49,98,-4,-13,4,-72,-4,-18,-54,-25,-43,-3,-67,-7,-50,120,32,41,25,53,-52,30,-50,87,89,46,110,-83,-44,6,-52,-91,83,-122,118,-121,124,104,40,87,-66,-77,86,-27,8,-97,-113,104
0,0,197,14,71,-87,55,-58,-3,62,51,-49,99,31,-85,-92,-55,-73,-43,86,-15,-28,-22,4,10,-95,-35,-27,-26,71,-126,-15,21,124,-16,-122,-10,-106,114,-34,84,18,65,41,-46,-117,112,126,106,79,-32,0,82,-89,-15,-13,13,30,122,31,-123,20,66,14,54,-119,109
0,0,198,-122,-87,-75,127,95,-20,50,85,127,-75,-46,-15,19,-86,-113,-2,-96,-104,-67,94,-122,40,-99,-67,12,-7,-37,-124,-40,78,89,-125,-16,87,-88,-68,-57,67,-1,84,9,122,115,-51,-50,-41,122,-79,108,-99,74,62,108,63,-110,-96,76,-70,39,109,-107,-86,15,73
0,0,199,-40,-43,53,-94,-105,-124,55,-92,117,-6,-109,23,98,38,54,35,103,18,9,-116,-71,22,5,-36,77,17,-61,-112,-79,-100,14,123,-41,123,-70,-54,-33,88,-44,83,53,19,-104,-73,-57,77,-109,-71,104,-27,-66,35,-97,-63,-99,-115,10,-46,90,-126,19,114,-102,-70
0,0,200,53,2,54,58,77,38,-35,-13,-99,90,39,8,68,57,-46,-21,-122,-15,-38,-98,52,-51,-102,-116,77,-8,103,14,-125,81,-84,25,39,114,-81,42,-15,55,-69,-73,-16,-35,-124,61,94,89,-42,-42,-21,30,-68,74,15,-119,-12,-20,41,17,-68,32,58,-69,-26,-31
0,0,201,1,82,-121,99,-18,-73,20,-77,112,-39,-20,-13,-81,-77,18,19,101,-22,-31,-106,70,65,98,-30,98,19,-127,61,4,6,91,-96,65,-97,-22,-59,-121,-17,-52,-21,113,14,-78,-113,-30,31,8,77,-120,105,36,79,125,83,87,96,-66,40,117,-87,116,95,-4,82
0,0,202,1,-126,-13,-47,-71,65,-6,75,-49,-120,14,-65,1,105,-46,110,100,57,19,76,91,73,104,10,118,-47,-49,81,80,59,-34,-103,-97,105,-52,-36,-90,-53,40,-22,97,111,70,-58,66,-28,-78,-66,74,-13,-36,-61,34,-22,-94,49,37,-60,-34,-46,43,45,26,30
0,0,203,-59,110,29,-13,-35,-6,24,-19,22,99,-78,-120,-79,-124,-88,45,38,-118,35,-33,-63,50,-7,-25,93,-125,-67,-65,72,-79,-124,-77,-102,4,-49,70,-82,111,-33,-25,-22,72,54,54,20,5,105,-91,65,-57,-99,-79,103,39,67,107,63,9,20,17,-17,36,16,17
0,0,204,9,-79,-123,15,110,-60,71,24,-2,-57,96,-26,-124,29,-51,42,-11,17,117,125,-82,84,56,-51,119,-83,50,-63,95,70,-96,-120,35,-124,21,-26,38,47,-105,79,81,-39,-48,63,-125,-91,108,0,106,107,58,-113,-32,-10,57,79,-40,3,31,-31,-118,51,104,91
0,0,205,-18,-87,-80,-55,9,-27,-87,-27,-32,-96,63,27,4,11,-71,-71,-57,73,47,42,-31,87,41,110,-69,23,-68,-74,-92,41,121,-79,-16,46,-35,36,39,-65,59,87,97,8,-47,30,46,-100,-90,77,-77,40,-24,86,-14,-36,-41,78,121,20,19,-123,-73,105,-25,-123
0,0,206,-86,15,108,-3,21,72,71,41,59,2,-51,-30,56,-113,-19,-112,-40,19,-60,16,-25,-8,113,-4,-126,27,-27,-95,-67,2,-62,-116,-4,33,-41,35,91,88,11,-6,23,-44,102,-44,78,103,-9,-16,-90,108,-37,85,31,45,112,-9,-32,-120,-63,52,-67,13,-31,-48
0,0,207,-90,-90,89,77,120,-125,100,-57,85,-104,63,7,119,122,10,50,-48,101,80,-69,5,63,62,-103,37,68,-21,-97,78,-87,-113,112,94,101,43,-16,112,61,71,-38,-79,60,-21,109,-68,49,-50,24,-78,48,61,20,123,-35,40,55,20,105,84,97,-30,30,-90,73
0,0,208,22,-48,-118,55,80,13,21,124,19,11,-126,-112,82,-111,108,114,-3,31,44,123,-37,47,-64,-71,49,-41,-102,99,-43,100,28,73,110,59,96,80,-66,110,103,-11,-105,-123,28,8,-71,9,-97,53,47,59,-103,-19,76,-26,-16,-3,-88,-38,-55,-10,98,85,99,-116
0,0,209,74,8,-64,-38,-99,-25,59,0,98,96,-91,112,61,18,-112,-5,-5,13,9,-40,-68,77,-52,-40,-16,14,102,-77,-85,15,-108,-95,-24,-66,-65,36,-55,-63,84,79,101,-70,32,-86,29,-88,40,58,-65,67,113,-31,22,-25,-122,-29,-120,15,-18,-30,-72,75,89,-103
0,0,210,-12,15,88,-34,-40,-7,70,-17,-93,-24,-25,78,116,48,-108,71,127,81,-127,80,-88,-31,90,90,38,109,-55,-127,124,-125,35,-58,78,36,-120,22,-43,-11,111,14,24,-124,8,126,-31,-62,-62,-36,-126,106,-32,49,80,71,71,38,74,53,-37,-64,72,61,-113,118
0,0,211,-13,24,-18,42,125,93,-107,-114,69,34,-65,79,-4,-10,-111,-80,-56,-90,68,49,99,124,111,105,34,-38,-108,76,9,-82,80,12,1,57,110,-25,-51,-77,-17,-5,104,108,72,-13,123,65,-95,-1,-112,-31,-7,-80,-44,-71,117,-84,-14,26,40,-97,47,-122,-97,78
0,0,212,-118,38,101,3,-86,98,-109,51,35,-75,98,49,-20,-103,7,-81,-86,-29,-28,-49,70,86,6,-88,82,110,18,113,-17,62,-62,18,25,-49,110,-69,56,109,73,5,-84,-49,-83,-126,-71,-29,-81,6,-82,-22,-7,50,-30,88,21,-125,-33,80,60,-8,-50,-69,-80,83
0,0,213,-83,4,91,-119,-44,-12,-88,-22,39,52,28,-7,32,-88,60,42,-90,81,-55,88,33,33,40,19,-66,-81,25,38,-72,-96,-103,-127,74,108,-39,81,-108,-78,119,72,105,75,-110,-71,11,36,-41,105,37,4,51,-127,45,3,110,121,52,89,-33,7,-58,27,-37,73
0,0,214,-112,13,17,120,53,1,82,8,116,-48,68,-60,-115,121,95,-127,-35,-5,76,-114,49,-4,42,-121,-113,95,81,17,-55,81,-84,-95,33,48,1,-27,75,69,103,-1,-61,-110,83,-105,-1,103,-58,-76,-3,-80,-7,-49,72,43,104,-82,39,-15,7,74,-56,80,21,-58
0,0,215,-1,28,-45,-5,-48,3,90,-30,-38,-115,111,-64,71,71,41,-80,-68,29,7,53,98,-107,123,-30,115,123,118,-21,-81,78,61,-41,-83,108,-110,61,0,-59,-98,-127,-116,-92,84,-99,15,-5,-127,96,13,41,-97,105,-68,-120,27,107,46,20,127,14,-96,-93,-86,-62
0,0,216,-112,-100,-121,-59,52,-51,-37,89,58,60,-2,78,-74,-35,-106,-9,56,7,-27,127,-127,-73,24,95,-80,-3,-59,-1,44,-77,-43,-59,55,-96,1,24,58,95,-23,-47,7,15,108,-7,119,125,-95,-1,30,-34,70,-95,-7,59,-26,41,-62,-105,-56,121,75,87,-15,80
0,0,217,103,58,119,103,-36,-29,-15,87,44,-100,-56,-5,-84,-8,-38,84,126,-52,90,28,19,-47,14,-73,-10,76,-109,-51,-113,88,-108,-63,82,0,-36,34,126,-70,25,-1,-109,-12,20,81,-61,118,-46,-34,-94,-100,-1,120,-109,-75,-126,87,-42,-78,55,10,-57,123,108,50
0,0,218,86,-20,-33,-123,68,116,-119,-30,48,-105,-83,58,109,35,-114,-75,-49,-120,114,85,-99,31,110,-55,-33,-99,-73,119,46,-26,0,20,-18,14,53,-114,84,123,-45,-27,-86,91,34,-21,43,-106,-85,105,-55,33,-24,-78,69,68,-36,-13,-93,50,98,44,109,18,-108,19
0,0,219,-52,-9,-53,-38,70,-108,-111,-7,120,61,-41,99,-123,-64,34,-36,103,57,11,101,43,59,62,-108,-123,-59,74,18,84,22,-90,4,62,-46,22,55,-61,-114,125,125,10,67,-118,-21,-17,-32,10,106,0,-72,-121,-126,35,119,48,-71,24,-98,-14,122,93,-91,122,-88
0,0,220,88,-48,21,77,85,22,52,50,-80,44,92,-71,7,8,-52,-35,76,85,-12,16,-10,54,69,42,-31,88,-118,-93,-31,-107,-10,103,100,-6,-13,7,24,45,0,16,-38,-64,-32,-87,101,41,119,-83,-53,104,97,44,-97,-59,119,79,-108,-82,92,-24,114,-87,95,80
0,0,221,73,-119,-44,-78,-12,-12,-80,126,-9,-53,42,42,-55,-35,1,35,106,-28,114,0,16,-121,76,-111,111,-28,73,90,-67,-90,12,25,-59,123,49,-73,-98,42,75,-34,116,92,124,-47,-89,4,-40,72,-59,74,76,-83,42,49,64,93,113,-92,-114,119,-21,41,-91,-51
0,0,222,-9,-57,45,111,103,90,38,-77,81,-4,93,-3,24,85,-82,121,-80,-37,-73,-66,-19,57,-90,-114,3,-29,-71,-125,101,-13,-25,64,6,118,82,11,-81,107,-66,-47,-76,40,-25,-49,-3,117,-51,78,-17,-72,-7,-4,80,66,-2,-106,70,-28,124,28,10,-104,-7,90
0,0,223,-36,62,25,-42,-113,81,-5,52,74,-39,-67,49,3,25,-9,-21,-1,93,114,76,95,2,-19,-42,-51,85,-27,13,116,-60,-73,-86,-86,-56,18,-35,72,78,-4,-127,-73,-123,-31,31,-60,-97,122,88,-34,72,-79,21,42,18,-124,103,8,67,-82,-19,32,58,26,-58
0,0,224,94,5,100,76,-89,59,-67,-40,-66,-81,-33,-105,-35,47,12,-119,-12,-22,122,-110,-60,-15,106,-59,-13,-109,27,95,-95,45,-36,33,-75,103,114,-86,60,-78,53,-123,124,-73,-103,-94,52,-16,-1,14,43,-88,-101,-87,-126,90,23,64,-39,32,-116,-38,-86,9,-122,-54
0,0,225,-69,-101,-28,30,71,35,65,-108,56,-69,14,19,-51,-65,-79,-118,76,-70,10,78,-120,80,98,-49,110,122,-60,-109,83,-12,-55,92,59,124,-95,-117,74,106,-71,-104,-8,95,17,52,89,-16,-127,-110,12,-20,-119,100,-20,-86,-8,26,108,127,-19,76,-106,52,-29,-12
0,0,226,-23,-76,84,-7,-35,-107,10,8,-29,-61,-3,77,-92,-9,34,97,-66,76,-13,88,73,77,27,108,-111,-104,-100,110,60,21,-56,-72,73,54,51,-119,59,-75,-20,48,-49,91,-126,107,24,-49,-117,-34,75,69,31,120,61,38,-59,127,20,-75,123,-13,-24,-106,92,-92
0,0,227,91,13,-68,-30,30,-111,39,98,-61,-39,127,72,64,-18,25,-39,-80,6,114,-6,15,40,13,-84,60,14,42,-113,9,120,64,-77,3,-40,-13,-50,-63,102,90,81,1,-21,-84,-77,44,-58,-65,50,46,-42,-11,-7,-103,-45,70,-114,79,-66,-74,-16,-66,3,103,-48
0,0,228,-39,95,42,-101,-10,84,-126,-44,10,-12,44,-15,-95,-80,37,60,1,-22,96,126,118,-48,127,76,-49,88,52,60,6,42,105,10,-127,-112,100,-103,-10,-23,-59,55,-89,10,104,-58,-14,82,-45,-112,-55,9,-26,13,-102,16,7,44,47,71,2,79,-49,32,-7,42
0,0,229,36,123,-5,24,101,73,108,32,43,127,-10,-56,-69,-90,-14,8,-93,104,125,92,39,107,-110,-32,8,-8,-28,-88,-14,123,-23,-44,-96,-127,-52,98,72,29,20,20,17,-31,-44,-33,-60,-123,19,83,99,105,-33,-50,59,89,-115,37,16,-88,-15,71,-94,1,98,11
0,0,230,-29,-8,4,-120,84,5,39,-60,-84,45,92,109,1,-99,71,123,83,122,45,5,-26,93,17,46,-82,85,-57,109,-97,97,-80,-88,21,91,-44,-3,-8,100,123,-9,55,1,-108,-124,-34,-118,-116,81,-101,10,-49,-19,-113,46,-6,55,-25,75,-43,-79,106,-85,57,113
0,0,231,3,95,20,-102,-16,-81,-57,-120,97,-27,-8,26,11,5,21,-20,121,72,-23,8,65,76,-4,115,-103,87,-124,1,107,-74,125,80,41,50,-87,-121,12,114,57,3,-78,-56,-115,-116,75,122,52,-23,91,-32,121,-105,10,19,-42,-100,87,49,-124,-78,-49,-62,24,-50
0,0,232,-33,97,41,-13,-118,73,14,-23,70,-24,104,-42,-36,120,-105,-64,63,-88,-66,-112,21,-6,43,14,-79,-83,-117,16,-35,-60,-99,40,-125,89,-118,110,118,88,19,48,-14,-38,57,-108,54,-38,-24,82,39,82,33,13,112,-25,0,127,-107,92,74,7,13,90,-102,-85
0,0,233,-76,-80,-55,-39,83,54,-13,-72,-87,-10,20,124,-44,22,105,-95,37,31,-12,-108,-93,-77,11,-126,-80,31,84,16,-58,-35,-87,83,66,61,61,43,-115,21,-43,40,-106,-89,-114,62,-83,68,72,-98,-20,-5,76,41,-80,89,103,36,-28,-59,106,109,75,-97,18,-71
0,0,234,72,-6,-62,22,102,60,-125,-121,78,-107,31,103,-64,7,-48,31,-44,52,5,85,95,78,25,126,-13,-91,59,-65,91,-8,-64,69,-55,96,96,-44,60,36,119,104,85,95,-70,-87,-64,94,-33,71,-35,106,59,46,111,65,40,-59,-11,-5,109,54,115,-36,13,40
0,0,235,-92,70,35,-84,-118,103,-14,-93,116,16,-106,94,115,-22,-53,102,1,-21,53,18,-124,-66,-25,-44,-96,-70,-76,-106,-31,-32,-102,84,-121,8,66,-43,-78,83,-56,35,-82,-2,63,-104,31,66,-83,-125,-51,38,31,-22,24,50,-100,96,47,95,-18,-51,110,111,-127,-85
0,0,236,-15,29,72,81,101,-13,-38,124,107,92,-16,-44,44,-65,11,43,34,1,-31,-35,-103,83,-118,-89,34,80,81,94,-108,102,-116,-72,-48,17,-49,-74,17,-115,-46,109,-58,-83,-35,-82,10,-106,-101,-109,109,58,-107,-36,-4,126,66,-71,-116,-121,-104,-58,-22,56,-47,-9
0,0,237,-119,-19,-12,11,-83,-94,80,-91,76,113,41,-71,89,25,86,-12,20,59,110,-35,15,119,51,114,-46,109,-7,49,31,-96,57,-46,-61,73,127,60,93,-94,-42,-115,38,31,-107,90,113,-100,111,69,-39,-113,89,-105,107,126,106,94,31,-112,38,-32,-47,31,-3,-67
0,0,238,-113,-85,121,101,79,-111,-64,99,-18,-34,112,-25,98,-53,-108,-49,127,13,-109,-49,-126,101,-50,21,-23,98,-74,-81,90,19,15,-105,64,-40,78,-93,55,58,33,-69,-24,-85,69,-76,-53,-4,-105,-86,-109,-92,102,26,113,-41,102,-25,109,63,-110,18,100,-44,-103,31
0,0,239,75,113,67,16,4,57,63,17,-86,81,102,17,55,-121,66,-85,18,-113,120,3,-25,-94,-2,-38,16,62,-61,109,-12,55,-34,108,68,-101,57,-102,31,-52,36,10,33,-112,-48,44,-78,120,-107,10,105,-32,-79,-23,1,39,76,18,88,-30,119,90,-99,-16,-35,4
0,0,240,-31,-93,-19,-41,-13,101,-53,-19,28,65,-9,-53,53,-126,90,-107,26,-15,-96,-57,21,-71,-110,-115,24,-78,60,121,-57,79,-58,-29,-68,49,15,80,2,-98,-41,88,-70,71,95,-57,-93,124,-3,101,118,114,-117,-70,112,-78,26,36,64,-47,35,-42,51,-55,68,-80
0,0,241,-63,-29,-126,-26,112,-110,-66,-126,72,46,-123,35,62,32,104,-124,105,86,-41,77,-62,15,49,65,126,-5,105,1,-89,-127,42,-99,84,83,-116,-80,123,-112,-84,30,-27,39,-44,45,-3,-35,44,-114,101,-40,117,-125,42,-36,22,-69,-73,84,57,-96,-84,86,19,-127
0,0,242,-75,-29,-66,67,41,-12,97,-124,38,50,-60,-58,95,-79,-34,96,-105,48,-81,3,-74,-85,24,-121,-33,-63,57,-20,123,0,-124,117,-9,86,-83,-109,55,-113,12,-125,-106,-80,46,-46,-103,105,107,-2,113,-5,58,1,123,-52,-115,17,98,-125,-12,29,-105,-105,85,16
0,0,243,-53,74,99,-112,-58,21,31,-36,96,6,64,-63,-78,4,-28,-99,101,-93,83,-61,-74,74,99,60,86,-74,70,-77,-104,49,-37,-39,-113,72,42,77,72,82,-60,62,-38,26,-73,17,-109,-103,-96,-11,16,74,19,37,70,-124,44,-33,11,72,2,109,64,114,-102,-57
0,0,244,-75,125,-118,-93,6,-16,-103,6,123,-120,121,-103,-101,-88,-126,51,96,-76,-68,16,-12,-69,109,-56,46,51,110,-11,0,23,51,-55,-55,-61,-39,-58,-21,38,-109,0,-92,60,106,-7,4,-63,-2,-11,33,-44,-22,78,109,94,100,-65,119,-75,10,60,-104,44,120,-108
0,0,245,94,87,-124,-100,-3,10,88,28,72,-110,95,4,67,97,-20,-126,-7,23,-112,80,40,-101,-20,69,121,-4,15,-84,83,-123,-29,108,82,-5,-42,-15,14,0,-19,-101,-112,61,-76,-26,-34,-65,-37,63,111,99,23,-35,108,54,85,-34,18,42,-83,45,46,92,-11,45
0,0,246,-90,114,48,97,-84,61,-53,-105,-37,-127,15,120,-41,-2,83,-96,-87,65,-86,-64,89,24,51,79,-33,-30,21,-73,-30,-9,-125,-70,103,-30,110,-26,95,37,126,74,-46,-81,36,101,-109,112,-19,-25,-32,-68,-99,-116,107,-52,77,-45,-107,123,-62,-81,44,-77,18,86
0,0,247,-65,-52,64,106,11,-29,-65,-49,63,-90,-71,-54,-96,-65,73,-41,44,46,9,110,78,-20,-103,-38,-73,2,-84,-25,69,27,-62,83,96,-114,127,32,10,61,62,31,72,126,-100,-44,63,88,-31,-53,81,84,-109,80,-107,46,-5,26,-2,105,33,60,14,-31,-1,-21
0,0,248,-20,83,2,-123,-89,-74,-65,69,93,-91,-11,-124,-37,-85,-22,-7,43,-109,66,62,127,-46,106,-94,-110,-51,-6,-80,72,110,88,12,70,-106,15,-120,30,109,-15,-103,-2,119,-45,-18,-53,-55,35,16,48,90,-48,26,48,124,67,-8,-38,-43,-55,-67,-26,-97,-19,53
0,0,249,-121,63,45,-58,-126,-2,-82,40,27,-29,-104,115,-45,69,-12,-14,-123,-62,-22,1,10,-10,99,-20,-14,-95,-30,-47,-124,-48,13,-25,-21,-117,116,117,-56,-104,-11,-42,22,20,14,-76,-82,-65,-90,-18,-16,-89,-52,-42,13,-60,107,82,-70,-37,90,-90,-60,29,-32,-8
0,0,250,-120,-76,-87,-42,-8,63,28,-63,75,-100,-5,10,-53,34,17,-124,105,-81,-116,-72,-58,-34,-119,99,-62,-25,103,12,7,-112,-9,-33,126,32,63,-78,95,-87,47,36,18,46,-71,3,80,12,-29,-103,-72,30,-52,108,-76,-8,-16,89,101,-32,-64,76,-97,0,-68,-120
0,0,251,26,8,23,-109,105,79,-93,39,-85,68,-74,116,-10,73,-31,-41,-55,9,-6,-104,-55,-53,-60,-41,91,122,3,59,-65,-16,-45,-33,-23,-81,15,-88,107,77,-121,112,-113,-15,12,-121,82,-73,112,92,6,113,29,-2,-58,37,-4,-124,-124,-81,-99,-103,126,-85,22,-70
0,0,252,126,-8,-105,-118,-76,11,-3,78,113,-68,-32,-60,-123,123,-25,-83,109,96,3,23,41,125,-16,-84,73,-118,-109,-94,-1,-73,81,99,-3,-125,-94,52,-41,-9,-93,-107,-51,-40,-72,-91,9,118,-103,-55,-110,43,43,80,-42,-91,-118,-80,-91,-43,63,80,-81,-91,58,57
0,0,253,-112,-9,-121,16,76,-82,120,25,-119,-59,-121,37,-82,-64,-1,-5,-66,95,25,-47,57,3,36,2,43,19,-110,-5,74,-37,-95,94,-99,47,95,-99,-100,11,-98,-59,48,79,-99,-82,69,-35,42,-31,36,-108,91,8,-14,37,-8,-6,-92,-73,72,98,101,-98,-8,-81
0,0,254,-23,118,91,94,-91,-111,-61,37,112,99,102,44,58,8,103,-22,101,-28,-89,52,-76,33,16,44,61,47,63,44,-31,104,59,33,-26,18,-54,-58,-19,47,-66,79,-105,91,51,-108,-69,118,37,-41,104,-95,-12,20,-76,-96,122,-72,91,45,105,-26,90,18,81,24
0,0,255,-17,-17,-17,-17,-17,-17,-17,-17,-17,-17,-17,-17,-17,-17,-17,-17,-17,-17,-17,-17,-17,-17,-17,-17,-17,-17,-17,-17,-17,-17,-17,-17,-17,-17,-17,-17,-17,-17,-17,-17,-17,-17,-17,-17,-17,-17,-17,-17,-17,-17,-17,-17,-17,-17,-17,-17,-17,-17,-17,-17,-17,-17,-17,-17
