mesh_row,mesh_col,pixel_x,pixel_y,gain_y0x0,gain_y0x1,gain_y1x0,gain_y1x1
0,0,0.000000,0.000000,3111,4067,4122,2542
0,1,167.937500,0.000000,2893,3639,3676,2386
0,2,335.875000,0.000000,2602,3113,3137,2176
0,3,503.812500,0.000000,2343,2690,2698,1991
0,4,671.750000,0.000000,2110,2344,2347,1834
0,5,839.687500,0.000000,1898,2052,2046,1685
0,6,1007.625000,0.000000,1722,1830,1819,1568
0,7,1175.562500,0.000000,1621,1714,1702,1507
0,8,1343.500000,0.000000,1608,1693,1680,1501
0,9,1511.437500,0.000000,1681,1785,1772,1551
0,10,1679.375000,0.000000,1831,1972,1963,1651
0,11,1847.312500,0.000000,2050,2260,2252,1798
0,12,2015.250000,0.000000,2275,2580,2579,1935
0,13,2183.187500,0.000000,2531,2977,2986,2102
0,14,2351.125000,0.000000,2795,3441,3461,2287
0,15,2519.062500,0.000000,3055,3942,3977,2482
0,16,2687.000000,0.000000,3251,4357,4398,2627
1,0,0.000000,126.583333,3015,3871,3931,2482
1,1,167.937500,126.583333,2776,3419,3466,2317
1,2,335.875000,126.583333,2468,2894,2924,2094
1,3,503.812500,126.583333,2205,2482,2497,1907
1,4,671.750000,126.583333,1956,2132,2138,1733
1,5,839.687500,126.583333,1732,1838,1837,1572
1,6,1007.625000,126.583333,1567,1634,1630,1454
1,7,1175.562500,126.583333,1466,1525,1518,1387
1,8,1343.500000,126.583333,1457,1510,1505,1383
1,9,1511.437500,126.583333,1531,1598,1592,1435
1,10,1679.375000,126.583333,1690,1788,1782,1549
1,11,1847.312500,126.583333,1914,2079,2076,1708
1,12,2015.250000,126.583333,2164,2419,2423,1865
1,13,2183.187500,126.583333,2422,2804,2817,2038
1,14,2351.125000,126.583333,2691,3257,3284,2224
1,15,2519.062500,126.583333,2968,3770,3808,2425
1,16,2687.000000,126.583333,3175,4200,4244,2578
2,0,0.000000,253.166667,2897,3635,3699,2409
2,1,167.937500,253.166667,2628,3159,3207,2227
2,2,335.875000,253.166667,2308,2640,2672,1997
2,3,503.812500,253.166667,2034,2245,2262,1802
2,4,671.750000,253.166667,1763,1880,1887,1602
2,5,839.687500,253.166667,1535,1595,1598,1429
2,6,1007.625000,253.166667,1373,1408,1407,1306
2,7,1175.562500,253.166667,1286,1312,1308,1238
2,8,1343.500000,253.166667,1275,1301,1297,1235
2,9,1511.437500,253.166667,1347,1380,1377,1288
2,10,1679.375000,253.166667,1501,1560,1559,1408
2,11,1847.312500,253.166667,1727,1836,1837,1576
2,12,2015.250000,253.166667,2003,2195,2203,1765
2,13,2183.187500,253.166667,2282,2593,2611,1955
2,14,2351.125000,253.166667,2564,3038,3070,2150
2,15,2519.062500,253.166667,2855,3555,3601,2355
2,16,2687.000000,253.166667,3084,4009,4060,2521
3,0,0.000000,379.750000,2792,3446,3511,2349
3,1,167.937500,379.750000,2504,2956,3009,2151
3,2,335.875000,379.750000,2177,2448,2481,1920
3,3,503.812500,379.750000,1888,2046,2067,1710
3,4,671.750000,379.750000,1601,1679,1689,1488
3,5,839.687500,379.750000,1377,1409,1414,1312
3,6,1007.625000,379.750000,1224,1238,1238,1188
3,7,1175.562500,379.750000,1148,1154,1153,1123
3,8,1343.500000,379.750000,1136,1145,1145,1119
3,9,1511.437500,379.750000,1200,1212,1211,1168
3,10,1679.375000,379.750000,1342,1367,1368,1278
3,11,1847.312500,379.750000,1566,1629,1633,1452
3,12,2015.250000,379.750000,1853,1995,2006,1667
3,13,2183.187500,379.750000,2153,2407,2425,1882
3,14,2351.125000,379.750000,2449,2858,2892,2088
3,15,2519.062500,379.750000,2755,3371,3418,2297
3,16,2687.000000,379.750000,3006,3859,3910,2477
4,0,0.000000,506.333333,2721,3322,3392,2305
4,1,167.937500,506.333333,2425,2829,2885,2102
4,2,335.875000,506.333333,2096,2337,2372,1871
4,3,503.812500,506.333333,1789,1920,1940,1646
4,4,671.750000,506.333333,1504,1562,1574,1419
4,5,839.687500,506.333333,1284,1307,1313,1246
4,6,1007.625000,506.333333,1139,1143,1146,1118
4,7,1175.562500,506.333333,1068,1068,1069,1059
4,8,1343.500000,506.333333,1057,1058,1058,1052
4,9,1511.437500,506.333333,1107,1108,1108,1090
4,10,1679.375000,506.333333,1234,1243,1246,1191
4,11,1847.312500,506.333333,1448,1490,1496,1365
4,12,2015.250000,506.333333,1733,1841,1852,1589
4,13,2183.187500,506.333333,2048,2266,2286,1820
4,14,2351.125000,506.333333,2355,2722,2756,2039
4,15,2519.062500,506.333333,2669,3224,3278,2252
4,16,2687.000000,506.333333,2939,3726,3781,2438
5,0,0.000000,632.916667,2694,3272,3346,2287
5,1,167.937500,632.916667,2398,2789,2848,2084
5,2,335.875000,632.916667,2072,2303,2336,1853
5,3,503.812500,632.916667,1757,1876,1899,1622
5,4,671.750000,632.916667,1469,1518,1530,1393
5,5,839.687500,632.916667,1249,1267,1273,1219
5,6,1007.625000,632.916667,1110,1112,1116,1097
5,7,1175.562500,632.916667,1038,1039,1040,1037
5,8,1343.500000,632.916667,1026,1028,1028,1026
5,9,1511.437500,632.916667,1075,1079,1081,1068
5,10,1679.375000,632.916667,1187,1193,1196,1156
5,11,1847.312500,632.916667,1391,1421,1426,1320
5,12,2015.250000,632.916667,1670,1761,1774,1548
5,13,2183.187500,632.916667,1988,2190,2211,1791
5,14,2351.125000,632.916667,2301,2641,2676,2012
5,15,2519.062500,632.916667,2618,3137,3193,2227
5,16,2687.000000,632.916667,2896,3649,3708,2418
6,0,0.000000,759.500000,2714,3302,3376,2296
6,1,167.937500,759.500000,2428,2833,2891,2096
6,2,335.875000,759.500000,2105,2344,2382,1872
6,3,503.812500,759.500000,1795,1923,1947,1644
6,4,671.750000,759.500000,1503,1555,1568,1414
6,5,839.687500,759.500000,1277,1291,1297,1231
6,6,1007.625000,759.500000,1135,1144,1147,1119
6,7,1175.562500,759.500000,1063,1066,1067,1058
6,8,1343.500000,759.500000,1046,1053,1053,1046
6,9,1511.437500,759.500000,1091,1099,1100,1081
6,10,1679.375000,759.500000,1203,1210,1213,1167
6,11,1847.312500,759.500000,1405,1436,1441,1330
6,12,2015.250000,759.500000,1678,1770,1782,1553
6,13,2183.187500,759.500000,1991,2189,2210,1789
6,14,2351.125000,759.500000,2296,2635,2670,2013
6,15,2519.062500,759.500000,2610,3131,3182,2227
6,16,2687.000000,759.500000,2885,3631,3694,2416
7,0,0.000000,886.083333,2775,3408,3482,2324
7,1,167.937500,886.083333,2508,2948,3005,2134
7,2,335.875000,886.083333,2198,2470,2508,1920
7,3,503.812500,886.083333,1901,2056,2082,1707
7,4,671.750000,886.083333,1610,1681,1693,1486
7,5,839.687500,886.083333,1374,1404,1411,1307
7,6,1007.625000,886.083333,1221,1238,1241,1187
7,7,1175.562500,886.083333,1135,1146,1146,1120
7,8,1343.500000,886.083333,1119,1130,1131,1106
7,9,1511.437500,886.083333,1162,1172,1172,1136
7,10,1679.375000,886.083333,1280,1295,1298,1226
7,11,1847.312500,886.083333,1484,1527,1532,1390
7,12,2015.250000,886.083333,1755,1869,1881,1602
7,13,2183.187500,886.083333,2053,2271,2295,1828
7,14,2351.125000,886.083333,2346,2706,2742,2043
7,15,2519.062500,886.083333,2649,3194,3243,2247
7,16,2687.000000,886.083333,2916,3693,3749,2435
8,0,0.000000,1012.666667,2868,3570,3638,2370
8,1,167.937500,1012.666667,2622,3131,3185,2197
8,2,335.875000,1012.666667,2327,2656,2694,1992
8,3,503.812500,1012.666667,2054,2257,2281,1805
8,4,671.750000,1012.666667,1773,1881,1893,1599
8,5,839.687500,1012.666667,1527,1585,1591,1423
8,6,1007.625000,1012.666667,1362,1397,1398,1299
8,7,1175.562500,1012.666667,1262,1285,1286,1226
8,8,1343.500000,1012.666667,1243,1266,1264,1207
8,9,1511.437500,1012.666667,1296,1320,1320,1245
8,10,1679.375000,1012.666667,1429,1463,1464,1342
8,11,1847.312500,1012.666667,1637,1716,1720,1504
8,12,2015.250000,1012.666667,1897,2052,2063,1699
8,13,2183.187500,1012.666667,2169,2432,2454,1901
8,14,2351.125000,1012.666667,2441,2845,2882,2095
8,15,2519.062500,1012.666667,2722,3320,3371,2292
8,16,2687.000000,1012.666667,2976,3801,3857,2467
9,0,0.000000,1139.250000,2968,3760,3827,2427
9,1,167.937500,1139.250000,2745,3340,3393,2270
9,2,335.875000,1139.250000,2468,2871,2907,2071
9,3,503.812500,1139.250000,2215,2480,2502,1903
9,4,671.750000,1139.250000,1961,2125,2136,1727
9,5,839.687500,1139.250000,1725,1824,1830,1568
9,6,1007.625000,1139.250000,1544,1603,1605,1439
9,7,1175.562500,1139.250000,1438,1485,1484,1367
9,8,1343.500000,1139.250000,1419,1465,1464,1347
9,9,1511.437500,1139.250000,1485,1533,1531,1386
9,10,1679.375000,1139.250000,1627,1698,1700,1486
9,11,1847.312500,1139.250000,1835,1959,1963,1638
9,12,2015.250000,1139.250000,2075,2289,2302,1813
9,13,2183.187500,1139.250000,2320,2653,2674,1993
9,14,2351.125000,1139.250000,2562,3035,3070,2161
9,15,2519.062500,1139.250000,2822,3499,3547,2348
9,16,2687.000000,1139.250000,3043,3939,3989,2509
10,0,0.000000,1265.833333,3077,3979,4043,2496
10,1,167.937500,1265.833333,2872,3571,3618,2347
10,2,335.875000,1265.833333,2614,3105,3137,2164
10,3,503.812500,1265.833333,2373,2711,2731,2001
10,4,671.750000,1265.833333,2149,2379,2387,1852
10,5,839.687500,1265.833333,1928,2082,2085,1712
10,6,1007.625000,1265.833333,1750,1857,1855,1594
10,7,1175.562500,1265.833333,1645,1734,1730,1524
10,8,1343.500000,1265.833333,1625,1709,1706,1508
10,9,1511.437500,1265.833333,1693,1787,1783,1549
10,10,1679.375000,1265.833333,1839,1971,1969,1643
10,11,1847.312500,1265.833333,2039,2231,2232,1772
10,12,2015.250000,1265.833333,2259,2551,2562,1926
10,13,2183.187500,1265.833333,2479,2893,2911,2081
10,14,2351.125000,1265.833333,2701,3273,3303,2243
10,15,2519.062500,1265.833333,2946,3730,3771,2422
10,16,2687.000000,1265.833333,3143,4135,4182,2569
11,0,0.000000,1392.416667,3189,4215,4264,2570
11,1,167.937500,1392.416667,2998,3819,3862,2430
11,2,335.875000,1392.416667,2754,3348,3376,2249
11,3,503.812500,1392.416667,2524,2953,2970,2096
11,4,671.750000,1392.416667,2307,2613,2617,1958
11,5,839.687500,1392.416667,2107,2327,2326,1835
11,6,1007.625000,1392.416667,1941,2108,2102,1735
11,7,1175.562500,1392.416667,1842,1988,1979,1675
11,8,1343.500000,1392.416667,1833,1968,1960,1662
11,9,1511.437500,1392.416667,1904,2061,2055,1702
11,10,1679.375000,1392.416667,2048,2251,2246,1786
11,11,1847.312500,1392.416667,2229,2505,2502,1899
11,12,2015.250000,1392.416667,2432,2815,2817,2033
11,13,2183.187500,1392.416667,2630,3144,3158,2172
11,14,2351.125000,1392.416667,2843,3537,3564,2331
11,15,2519.062500,1392.416667,3076,3989,4029,2505
11,16,2687.000000,1392.416667,3258,4387,4425,2644
12,0,0.000000,1519.000000,3262,4389,4429,2626
12,1,167.937500,1519.000000,3083,4006,4042,2492
12,2,335.875000,1519.000000,2851,3540,3567,2317
12,3,503.812500,1519.000000,2624,3130,3145,2162
12,4,671.750000,1519.000000,2404,2777,2778,2026
12,5,839.687500,1519.000000,2212,2489,2487,1909
12,6,1007.625000,1519.000000,2056,2280,2272,1820
12,7,1175.562500,1519.000000,1965,2161,2150,1765
12,8,1343.500000,1519.000000,1958,2146,2136,1757
12,9,1511.437500,1519.000000,2036,2242,2233,1794
12,10,1679.375000,1519.000000,2174,2439,2433,1875
12,11,1847.312500,1519.000000,2351,2696,2693,1976
12,12,2015.250000,1519.000000,2542,3004,3005,2104
12,13,2183.187500,1519.000000,2731,3339,3354,2239
12,14,2351.125000,1519.000000,2944,3742,3771,2399
12,15,2519.062500,1519.000000,3162,4187,4222,2564
12,16,2687.000000,1519.000000,3338,4580,4622,2700
