token_id,t_in_ns,t_out_ns,latency_ns
0,100000000000000.000000000,100000000000000.000000000,0.000000000
1,100000000000000.000000000,100000000000000.000000000,0.000000000
2,100000000000000.000000000,100000000000000.000000000,0.000000000
3,100000000000000.000000000,100000000000000.000000000,0.000000000
4,100000000000000.000000000,100000000000000.000000000,0.000000000
5,100000000000000.000000000,100000000000000.000000000,0.000000000
6,100000000000000.000000000,100000000000000.000000000,0.000000000
7,100000000000000.000000000,100000000000000.000000000,0.000000000
8,100000000000000.000000000,100000000000000.000000000,0.000000000
9,100000000000000.000000000,100000000000000.000000000,0.000000000
10,100000000000000.000000000,100000000000000.000000000,0.000000000
11,100000000000000.000000000,100000000000000.000000000,0.000000000
12,100000000000000.000000000,100000000000000.000000000,0.000000000
13,100000000000000.000000000,100000000000000.000000000,0.000000000
14,100000000000000.000000000,100000000000000.000000000,0.000000000
15,100000000000000.000000000,100000000000000.000000000,0.000000000
16,100000000000000.000000000,100000000000000.000000000,0.000000000
17,100000000000000.000000000,100000000000000.000000000,0.000000000
18,100000000000000.000000000,100000000000000.000000000,0.000000000
19,100000000000000.000000000,100000000000000.000000000,0.000000000
20,100000000000000.000000000,100000000000000.000000000,0.000000000
21,100000000000000.000000000,100000000000000.000000000,0.000000000
22,100000000000000.000000000,100000000000000.000000000,0.000000000
23,100000000000000.000000000,100000000000000.000000000,0.000000000
24,100000000000000.000000000,100000000000000.000000000,0.000000000
25,100000000000000.000000000,100000000000000.000000000,0.000000000
26,100000000000000.000000000,100000000000000.000000000,0.000000000
27,100000000000000.000000000,100000000000000.000000000,0.000000000
28,100000000000000.000000000,100000000000000.000000000,0.000000000
29,100000000000000.000000000,100000000000000.000000000,0.000000000
30,100000000000000.000000000,100000000000000.000000000,0.000000000
31,100000000000000.000000000,100000000000000.000000000,0.000000000
32,100000000000000.000000000,100000000000000.000000000,0.000000000
33,100000000000000.000000000,100000000000000.000000000,0.000000000
34,100000000000000.000000000,100000000000000.000000000,0.000000000
35,100000000000000.000000000,100000000000000.000000000,0.000000000
36,100000000000000.000000000,100000000000000.000000000,0.000000000
37,100000000000000.000000000,100000000000000.000000000,0.000000000
38,100000000000000.000000000,100000000000000.000000000,0.000000000
39,100000000000000.000000000,100000000000000.000000000,0.000000000
40,100000000000000.000000000,100000000000000.000000000,0.000000000
41,100000000000000.000000000,100000000000000.000000000,0.000000000
42,100000000000000.000000000,100000000000000.000000000,0.000000000
43,100000000000000.000000000,100000000000000.000000000,0.000000000
44,100000000000000.000000000,100000000000000.000000000,0.000000000
45,100000000000000.000000000,100000000000000.000000000,0.000000000
46,100000000000000.000000000,100000000000000.000000000,0.000000000
47,100000000000000.000000000,100000000000000.000000000,0.000000000
48,100000000000000.000000000,100000000000000.000000000,0.000000000
49,100000000000000.000000000,100000000000000.000000000,0.000000000
50,100000000000000.000000000,100000000000000.000000000,0.000000000
51,100000000000000.000000000,100000000000000.000000000,0.000000000
52,100000000000000.000000000,100000000000000.000000000,0.000000000
53,100000000000000.000000000,100000000000000.000000000,0.000000000
54,100000000000000.000000000,100000000000000.000000000,0.000000000
55,100000000000000.000000000,100000000000000.000000000,0.000000000
56,100000000000000.000000000,100000000000000.000000000,0.000000000
57,100000000000000.000000000,100000000000000.000000000,0.000000000
58,100000000000000.000000000,100000000000000.000000000,0.000000000
59,100000000000000.000000000,100000000000000.000000000,0.000000000
60,100000000000000.000000000,100000000000000.000000000,0.000000000
61,100000000000000.000000000,100000000000000.000000000,0.000000000
62,100000000000000.000000000,100000000000000.000000000,0.000000000
63,100000000000000.000000000,100000000000000.000000000,0.000000000
64,100000000000000.000000000,100000000000000.000000000,0.000000000
65,100000000000000.000000000,100000000000000.000000000,0.000000000
66,100000000000000.000000000,100000000000000.000000000,0.000000000
67,100000000000000.000000000,100000000000000.000000000,0.000000000
68,100000000000000.000000000,100000000000000.000000000,0.000000000
69,100000000000000.000000000,100000000000000.000000000,0.000000000
70,100000000000000.000000000,100000000000000.000000000,0.000000000
71,100000000000000.000000000,100000000000000.000000000,0.000000000
72,100000000000000.000000000,100000000000000.000000000,0.000000000
73,100000000000000.000000000,100000000000000.000000000,0.000000000
74,100000000000000.000000000,100000000000000.000000000,0.000000000
75,100000000000000.000000000,100000000000000.000000000,0.000000000
76,100000000000000.000000000,100000000000000.000000000,0.000000000
77,100000000000000.000000000,100000000000000.000000000,0.000000000
78,100000000000000.000000000,100000000000000.000000000,0.000000000
79,100000000000000.000000000,100000000000000.000000000,0.000000000
80,100000000000000.000000000,100000000000000.000000000,0.000000000
81,100000000000000.000000000,100000000000000.000000000,0.000000000
82,100000000000000.000000000,100000000000000.000000000,0.000000000
83,100000000000000.000000000,100000000000000.000000000,0.000000000
84,100000000000000.000000000,100000000000000.000000000,0.000000000
85,100000000000000.000000000,100000000000000.000000000,0.000000000
86,100000000000000.000000000,100000000000000.000000000,0.000000000
87,100000000000000.000000000,100000000000000.000000000,0.000000000
88,100000000000000.000000000,100000000000000.000000000,0.000000000
89,100000000000000.000000000,100000000000000.000000000,0.000000000
90,100000000000000.000000000,100000000000000.000000000,0.000000000
91,100000000000000.000000000,100000000000000.000000000,0.000000000
92,100000000000000.000000000,100000000000000.000000000,0.000000000
93,100000000000000.000000000,100000000000000.000000000,0.000000000
94,100000000000000.000000000,100000000000000.000000000,0.000000000
95,100000000000000.000000000,100000000000000.000000000,0.000000000
96,100000000000000.000000000,100000000000000.000000000,0.000000000
97,100000000000000.000000000,100000000000000.000000000,0.000000000
98,100000000000000.000000000,100000000000000.000000000,0.000000000
99,100000000000000.000000000,100000000000000.000000000,0.000000000
100,100000000000000.000000000,100000000000000.000000000,0.000000000
101,100000000000000.000000000,100000000000000.000000000,0.000000000
102,100000000000000.000000000,100000000000000.000000000,0.000000000
103,100000000000000.000000000,100000000000000.000000000,0.000000000
104,100000000000000.000000000,100000000000000.000000000,0.000000000
105,100000000000000.000000000,100000000000000.000000000,0.000000000
106,100000000000000.000000000,100000000000000.000000000,0.000000000
107,100000000000000.000000000,100000000000000.000000000,0.000000000
108,100000000000000.000000000,100000000000000.000000000,0.000000000
109,100000000000000.000000000,100000000000000.000000000,0.000000000
110,100000000000000.000000000,100000000000000.000000000,0.000000000
111,100000000000000.000000000,100000000000000.000000000,0.000000000
112,100000000000000.000000000,100000000000000.000000000,0.000000000
113,100000000000000.000000000,100000000000000.000000000,0.000000000
114,100000000000000.000000000,100000000000000.000000000,0.000000000
115,100000000000000.000000000,100000000000000.000000000,0.000000000
116,100000000000000.000000000,100000000000000.000000000,0.000000000
117,100000000000000.000000000,100000000000000.000000000,0.000000000
118,100000000000000.000000000,100000000000000.000000000,0.000000000
119,100000000000000.000000000,100000000000000.000000000,0.000000000
120,100000000000000.000000000,100000000000000.000000000,0.000000000
121,100000000000000.000000000,100000000000000.000000000,0.000000000
122,100000000000000.000000000,100000000000000.000000000,0.000000000
123,100000000000000.000000000,100000000000000.000000000,0.000000000
124,100000000000000.000000000,100000000000000.000000000,0.000000000
125,100000000000000.000000000,100000000000000.000000000,0.000000000
126,100000000000000.000000000,100000000000000.000000000,0.000000000
127,100000000000000.000000000,100000000000000.000000000,0.000000000
128,100000000000000.000000000,100000000000000.000000000,0.000000000
129,100000000000000.000000000,100000000000000.000000000,0.000000000
130,100000000000000.000000000,100000000000000.000000000,0.000000000
131,100000000000000.000000000,100000000000000.000000000,0.000000000
132,100000000000000.000000000,100000000000000.000000000,0.000000000
133,100000000000000.000000000,100000000000000.000000000,0.000000000
134,100000000000000.000000000,100000000000000.000000000,0.000000000
135,100000000000000.000000000,100000000000000.000000000,0.000000000
136,100000000000000.000000000,100000000000000.000000000,0.000000000
137,100000000000000.000000000,100000000000000.000000000,0.000000000
138,100000000000000.000000000,100000000000000.000000000,0.000000000
139,100000000000000.000000000,100000000000000.000000000,0.000000000
140,100000000000000.000000000,100000000000000.000000000,0.000000000
141,100000000000000.000000000,100000000000000.000000000,0.000000000
142,100000000000000.000000000,100000000000000.000000000,0.000000000
143,100000000000000.000000000,100000000000000.000000000,0.000000000
144,100000000000000.000000000,100000000000000.000000000,0.000000000
145,100000000000000.000000000,100000000000000.000000000,0.000000000
146,100000000000000.000000000,100000000000000.000000000,0.000000000
147,100000000000000.000000000,100000000000000.000000000,0.000000000
148,100000000000000.000000000,100000000000000.000000000,0.000000000
149,100000000000000.000000000,100000000000000.000000000,0.000000000
150,100000000000000.000000000,100000000000000.000000000,0.000000000
151,100000000000000.000000000,100000000000000.000000000,0.000000000
152,100000000000000.000000000,100000000000000.000000000,0.000000000
153,100000000000000.000000000,100000000000000.000000000,0.000000000
154,100000000000000.000000000,100000000000000.000000000,0.000000000
155,100000000000000.000000000,100000000000000.000000000,0.000000000
156,100000000000000.000000000,100000000000000.000000000,0.000000000
157,100000000000000.000000000,100000000000000.000000000,0.000000000
158,100000000000000.000000000,100000000000000.000000000,0.000000000
159,100000000000000.000000000,100000000000000.000000000,0.000000000
160,100000000000000.000000000,100000000000000.000000000,0.000000000
161,100000000000000.000000000,100000000000000.000000000,0.000000000
162,100000000000000.000000000,100000000000000.000000000,0.000000000
163,100000000000000.000000000,100000000000000.000000000,0.000000000
164,100000000000000.000000000,100000000000000.000000000,0.000000000
165,100000000000000.000000000,100000000000000.000000000,0.000000000
166,100000000000000.000000000,100000000000000.000000000,0.000000000
167,100000000000000.000000000,100000000000000.000000000,0.000000000
168,100000000000000.000000000,100000000000000.000000000,0.000000000
169,100000000000000.000000000,100000000000000.000000000,0.000000000
170,100000000000000.000000000,100000000000000.000000000,0.000000000
171,100000000000000.000000000,100000000000000.000000000,0.000000000
172,100000000000000.000000000,100000000000000.000000000,0.000000000
173,100000000000000.000000000,100000000000000.000000000,0.000000000
174,100000000000000.000000000,100000000000000.000000000,0.000000000
175,100000000000000.000000000,100000000000000.000000000,0.000000000
176,100000000000000.000000000,100000000000000.000000000,0.000000000
177,100000000000000.000000000,100000000000000.000000000,0.000000000
178,100000000000000.000000000,100000000000000.000000000,0.000000000
179,100000000000000.000000000,100000000000000.000000000,0.000000000
180,100000000000000.000000000,100000000000000.000000000,0.000000000
181,100000000000000.000000000,100000000000000.000000000,0.000000000
182,100000000000000.000000000,100000000000000.000000000,0.000000000
183,100000000000000.000000000,100000000000000.000000000,0.000000000
184,100000000000000.000000000,100000000000000.000000000,0.000000000
185,100000000000000.000000000,100000000000000.000000000,0.000000000
186,100000000000000.000000000,100000000000000.000000000,0.000000000
187,100000000000000.000000000,100000000000000.000000000,0.000000000
188,100000000000000.000000000,100000000000000.000000000,0.000000000
189,100000000000000.000000000,100000000000000.000000000,0.000000000
190,100000000000000.000000000,100000000000000.000000000,0.000000000
191,100000000000000.000000000,100000000000000.000000000,0.000000000
192,100000000000000.000000000,100000000000000.000000000,0.000000000
193,100000000000000.000000000,100000000000000.000000000,0.000000000
194,100000000000000.000000000,100000000000000.000000000,0.000000000
195,100000000000000.000000000,100000000000000.000000000,0.000000000
196,100000000000000.000000000,100000000000000.000000000,0.000000000
197,100000000000000.000000000,100000000000000.000000000,0.000000000
198,100000000000000.000000000,100000000000000.000000000,0.000000000
199,100000000000000.000000000,100000000000000.000000000,0.000000000
200,100000000000000.000000000,100000000000000.000000000,0.000000000
201,100000000000000.000000000,100000000000000.000000000,0.000000000
202,100000000000000.000000000,100000000000000.000000000,0.000000000
203,100000000000000.000000000,100000000000000.000000000,0.000000000
204,100000000000000.000000000,100000000000000.000000000,0.000000000
205,100000000000000.000000000,100000000000000.000000000,0.000000000
206,100000000000000.000000000,100000000000000.000000000,0.000000000
207,100000000000000.000000000,100000000000000.000000000,0.000000000
208,100000000000000.000000000,100000000000000.000000000,0.000000000
209,100000000000000.000000000,100000000000000.000000000,0.000000000
210,100000000000000.000000000,100000000000000.000000000,0.000000000
211,100000000000000.000000000,100000000000000.000000000,0.000000000
212,100000000000000.000000000,100000000000000.000000000,0.000000000
213,100000000000000.000000000,100000000000000.000000000,0.000000000
214,100000000000000.000000000,100000000000000.000000000,0.000000000
215,100000000000000.000000000,100000000000000.000000000,0.000000000
216,100000000000000.000000000,100000000000000.000000000,0.000000000
217,100000000000000.000000000,100000000000000.000000000,0.000000000
218,100000000000000.000000000,100000000000000.000000000,0.000000000
219,100000000000000.000000000,100000000000000.000000000,0.000000000
220,100000000000000.000000000,100000000000000.000000000,0.000000000
221,100000000000000.000000000,100000000000000.000000000,0.000000000
222,100000000000000.000000000,100000000000000.000000000,0.000000000
223,100000000000000.000000000,100000000000000.000000000,0.000000000
224,100000000000000.000000000,100000000000000.000000000,0.000000000
225,100000000000000.000000000,100000000000000.000000000,0.000000000
226,100000000000000.000000000,100000000000000.000000000,0.000000000
227,100000000000000.000000000,100000000000000.000000000,0.000000000
228,100000000000000.000000000,100000000000000.000000000,0.000000000
229,100000000000000.000000000,100000000000000.000000000,0.000000000
230,100000000000000.000000000,100000000000000.000000000,0.000000000
231,100000000000000.000000000,100000000000000.000000000,0.000000000
232,100000000000000.000000000,100000000000000.000000000,0.000000000
233,100000000000000.000000000,100000000000000.000000000,0.000000000
234,100000000000000.000000000,100000000000000.000000000,0.000000000
235,100000000000000.000000000,100000000000000.000000000,0.000000000
236,100000000000000.000000000,100000000000000.000000000,0.000000000
237,100000000000000.000000000,100000000000000.000000000,0.000000000
238,100000000000000.000000000,100000000000000.000000000,0.000000000
239,100000000000000.000000000,100000000000000.000000000,0.000000000
240,100000000000000.000000000,100000000000000.000000000,0.000000000
241,100000000000000.000000000,100000000000000.000000000,0.000000000
242,100000000000000.000000000,100000000000000.000000000,0.000000000
243,100000000000000.000000000,100000000000000.000000000,0.000000000
244,100000000000000.000000000,100000000000000.000000000,0.000000000
245,100000000000000.000000000,100000000000000.000000000,0.000000000
246,100000000000000.000000000,100000000000000.000000000,0.000000000
247,100000000000000.000000000,100000000000000.000000000,0.000000000
248,100000000000000.000000000,100000000000000.000000000,0.000000000
249,100000000000000.000000000,100000000000000.000000000,0.000000000
250,100000000000000.000000000,100000000000000.000000000,0.000000000
251,100000000000000.000000000,100000000000000.000000000,0.000000000
252,100000000000000.000000000,100000000000000.000000000,0.000000000
253,100000000000000.000000000,100000000000000.000000000,0.000000000
254,100000000000000.000000000,100000000000000.000000000,0.000000000
255,100000000000000.000000000,100000000000000.000000000,0.000000000
256,100000000000000.000000000,100000000000000.000000000,0.000000000
257,100000000000000.000000000,100000000000000.000000000,0.000000000
258,100000000000000.000000000,100000000000000.000000000,0.000000000
259,100000000000000.000000000,100000000000000.000000000,0.000000000
260,100000000000000.000000000,100000000000000.000000000,0.000000000
261,100000000000000.000000000,100000000000000.000000000,0.000000000
262,100000000000000.000000000,100000000000000.000000000,0.000000000
263,100000000000000.000000000,100000000000000.000000000,0.000000000
264,100000000000000.000000000,100000000000000.000000000,0.000000000
265,100000000000000.000000000,100000000000000.000000000,0.000000000
266,100000000000000.000000000,100000000000000.000000000,0.000000000
267,100000000000000.000000000,100000000000000.000000000,0.000000000
268,100000000000000.000000000,100000000000000.000000000,0.000000000
269,100000000000000.000000000,100000000000000.000000000,0.000000000
270,100000000000000.000000000,100000000000000.000000000,0.000000000
271,100000000000000.000000000,100000000000000.000000000,0.000000000
272,100000000000000.000000000,100000000000000.000000000,0.000000000
273,100000000000000.000000000,100000000000000.000000000,0.000000000
274,100000000000000.000000000,100000000000000.000000000,0.000000000
275,100000000000000.000000000,100000000000000.000000000,0.000000000
276,100000000000000.000000000,100000000000000.000000000,0.000000000
277,100000000000000.000000000,100000000000000.000000000,0.000000000
278,100000000000000.000000000,100000000000000.000000000,0.000000000
279,100000000000000.000000000,100000000000000.000000000,0.000000000
280,100000000000000.000000000,100000000000000.000000000,0.000000000
281,100000000000000.000000000,100000000000000.000000000,0.000000000
282,100000000000000.000000000,100000000000000.000000000,0.000000000
283,100000000000000.000000000,100000000000000.000000000,0.000000000
284,100000000000000.000000000,100000000000000.000000000,0.000000000
285,100000000000000.000000000,100000000000000.000000000,0.000000000
286,100000000000000.000000000,100000000000000.000000000,0.000000000
287,100000000000000.000000000,100000000000000.000000000,0.000000000
288,100000000000000.000000000,100000000000000.000000000,0.000000000
289,100000000000000.000000000,100000000000000.000000000,0.000000000
290,100000000000000.000000000,100000000000000.000000000,0.000000000
291,100000000000000.000000000,100000000000000.000000000,0.000000000
292,100000000000000.000000000,100000000000000.000000000,0.000000000
293,100000000000000.000000000,100000000000000.000000000,0.000000000
294,100000000000000.000000000,100000000000000.000000000,0.000000000
295,100000000000000.000000000,100000000000000.000000000,0.000000000
296,100000000000000.000000000,100000000000000.000000000,0.000000000
297,100000000000000.000000000,100000000000000.000000000,0.000000000
298,100000000000000.000000000,100000000000000.000000000,0.000000000
299,100000000000000.000000000,100000000000000.000000000,0.000000000
300,100000000000000.000000000,100000000000000.000000000,0.000000000
301,100000000000000.000000000,100000000000000.000000000,0.000000000
302,100000000000000.000000000,100000000000000.000000000,0.000000000
303,100000000000000.000000000,100000000000000.000000000,0.000000000
304,100000000000000.000000000,100000000000000.000000000,0.000000000
305,100000000000000.000000000,100000000000000.000000000,0.000000000
306,100000000000000.000000000,100000000000000.000000000,0.000000000
307,100000000000000.000000000,100000000000000.000000000,0.000000000
308,100000000000000.000000000,100000000000000.000000000,0.000000000
309,100000000000000.000000000,100000000000000.000000000,0.000000000
310,100000000000000.000000000,100000000000000.000000000,0.000000000
311,100000000000000.000000000,100000000000000.000000000,0.000000000
312,100000000000000.000000000,100000000000000.000000000,0.000000000
313,100000000000000.000000000,100000000000000.000000000,0.000000000
314,100000000000000.000000000,100000000000000.000000000,0.000000000
315,100000000000000.000000000,100000000000000.000000000,0.000000000
316,100000000000000.000000000,100000000000000.000000000,0.000000000
317,100000000000000.000000000,100000000000000.000000000,0.000000000
318,100000000000000.000000000,100000000000000.000000000,0.000000000
319,100000000000000.000000000,100000000000000.000000000,0.000000000
320,100000000000000.000000000,100000000000000.000000000,0.000000000
321,100000000000000.000000000,100000000000000.000000000,0.000000000
322,100000000000000.000000000,100000000000000.000000000,0.000000000
323,100000000000000.000000000,100000000000000.000000000,0.000000000
324,100000000000000.000000000,100000000000000.000000000,0.000000000
325,100000000000000.000000000,100000000000000.000000000,0.000000000
326,100000000000000.000000000,100000000000000.000000000,0.000000000
327,100000000000000.000000000,100000000000000.000000000,0.000000000
328,100000000000000.000000000,100000000000000.000000000,0.000000000
329,100000000000000.000000000,100000000000000.000000000,0.000000000
330,100000000000000.000000000,100000000000000.000000000,0.000000000
331,100000000000000.000000000,100000000000000.000000000,0.000000000
332,100000000000000.000000000,100000000000000.000000000,0.000000000
333,100000000000000.000000000,100000000000000.000000000,0.000000000
334,100000000000000.000000000,100000000000000.000000000,0.000000000
335,100000000000000.000000000,100000000000000.000000000,0.000000000
336,100000000000000.000000000,100000000000000.000000000,0.000000000
337,100000000000000.000000000,100000000000000.000000000,0.000000000
338,100000000000000.000000000,100000000000000.000000000,0.000000000
339,100000000000000.000000000,100000000000000.000000000,0.000000000
340,100000000000000.000000000,100000000000000.000000000,0.000000000
341,100000000000000.000000000,100000000000000.000000000,0.000000000
342,100000000000000.000000000,100000000000000.000000000,0.000000000
343,100000000000000.000000000,100000000000000.000000000,0.000000000
344,100000000000000.000000000,100000000000000.000000000,0.000000000
345,100000000000000.000000000,100000000000000.000000000,0.000000000
346,100000000000000.000000000,100000000000000.000000000,0.000000000
347,100000000000000.000000000,100000000000000.000000000,0.000000000
348,100000000000000.000000000,100000000000000.000000000,0.000000000
349,100000000000000.000000000,100000000000000.000000000,0.000000000
350,100000000000000.000000000,100000000000000.000000000,0.000000000
351,100000000000000.000000000,100000000000000.000000000,0.000000000
352,100000000000000.000000000,100000000000000.000000000,0.000000000
353,100000000000000.000000000,100000000000000.000000000,0.000000000
354,100000000000000.000000000,100000000000000.000000000,0.000000000
355,100000000000000.000000000,100000000000000.000000000,0.000000000
356,100000000000000.000000000,100000000000000.000000000,0.000000000
357,100000000000000.000000000,100000000000000.000000000,0.000000000
358,100000000000000.000000000,100000000000000.000000000,0.000000000
359,100000000000000.000000000,100000000000000.000000000,0.000000000
360,100000000000000.000000000,100000000000000.000000000,0.000000000
361,100000000000000.000000000,100000000000000.000000000,0.000000000
362,100000000000000.000000000,100000000000000.000000000,0.000000000
363,100000000000000.000000000,100000000000000.000000000,0.000000000
364,100000000000000.000000000,100000000000000.000000000,0.000000000
365,100000000000000.000000000,100000000000000.000000000,0.000000000
366,100000000000000.000000000,100000000000000.000000000,0.000000000
367,100000000000000.000000000,100000000000000.000000000,0.000000000
368,100000000000000.000000000,100000000000000.000000000,0.000000000
369,100000000000000.000000000,100000000000000.000000000,0.000000000
370,100000000000000.000000000,100000000000000.000000000,0.000000000
371,100000000000000.000000000,100000000000000.000000000,0.000000000
372,100000000000000.000000000,100000000000000.000000000,0.000000000
373,100000000000000.000000000,100000000000000.000000000,0.000000000
374,100000000000000.000000000,100000000000000.000000000,0.000000000
375,100000000000000.000000000,100000000000000.000000000,0.000000000
376,100000000000000.000000000,100000000000000.000000000,0.000000000
377,100000000000000.000000000,100000000000000.000000000,0.000000000
378,100000000000000.000000000,100000000000000.000000000,0.000000000
379,100000000000000.000000000,100000000000000.000000000,0.000000000
380,100000000000000.000000000,100000000000000.000000000,0.000000000
381,100000000000000.000000000,100000000000000.000000000,0.000000000
382,100000000000000.000000000,100000000000000.000000000,0.000000000
383,100000000000000.000000000,100000000000000.000000000,0.000000000
384,100000000000000.000000000,100000000000000.000000000,0.000000000
385,100000000000000.000000000,100000000000000.000000000,0.000000000
386,100000000000000.000000000,100000000000000.000000000,0.000000000
387,100000000000000.000000000,100000000000000.000000000,0.000000000
388,100000000000000.000000000,100000000000000.000000000,0.000000000
389,100000000000000.000000000,100000000000000.000000000,0.000000000
390,100000000000000.000000000,100000000000000.000000000,0.000000000
391,100000000000000.000000000,100000000000000.000000000,0.000000000
392,100000000000000.000000000,100000000000000.000000000,0.000000000
393,100000000000000.000000000,100000000000000.000000000,0.000000000
394,100000000000000.000000000,100000000000000.000000000,0.000000000
395,100000000000000.000000000,100000000000000.000000000,0.000000000
396,100000000000000.000000000,100000000000000.000000000,0.000000000
397,100000000000000.000000000,100000000000000.000000000,0.000000000
398,100000000000000.000000000,100000000000000.000000000,0.000000000
399,100000000000000.000000000,100000000000000.000000000,0.000000000
400,100000000000000.000000000,100000000000000.000000000,0.000000000
401,100000000000000.000000000,100000000000000.000000000,0.000000000
402,100000000000000.000000000,100000000000000.000000000,0.000000000
403,100000000000000.000000000,100000000000000.000000000,0.000000000
404,100000000000000.000000000,100000000000000.000000000,0.000000000
405,100000000000000.000000000,100000000000000.000000000,0.000000000
406,100000000000000.000000000,100000000000000.000000000,0.000000000
407,100000000000000.000000000,100000000000000.000000000,0.000000000
408,100000000000000.000000000,100000000000000.000000000,0.000000000
409,100000000000000.000000000,100000000000000.000000000,0.000000000
410,100000000000000.000000000,100000000000000.000000000,0.000000000
411,100000000000000.000000000,100000000000000.000000000,0.000000000
412,100000000000000.000000000,100000000000000.000000000,0.000000000
413,100000000000000.000000000,100000000000000.000000000,0.000000000
414,100000000000000.000000000,100000000000000.000000000,0.000000000
415,100000000000000.000000000,100000000000000.000000000,0.000000000
416,100000000000000.000000000,100000000000000.000000000,0.000000000
417,100000000000000.000000000,100000000000000.000000000,0.000000000
418,100000000000000.000000000,100000000000000.000000000,0.000000000
419,100000000000000.000000000,100000000000000.000000000,0.000000000
420,100000000000000.000000000,100000000000000.000000000,0.000000000
421,100000000000000.000000000,100000000000000.000000000,0.000000000
422,100000000000000.000000000,100000000000000.000000000,0.000000000
423,100000000000000.000000000,100000000000000.000000000,0.000000000
424,100000000000000.000000000,100000000000000.000000000,0.000000000
425,100000000000000.000000000,100000000000000.000000000,0.000000000
426,100000000000000.000000000,100000000000000.000000000,0.000000000
427,100000000000000.000000000,100000000000000.000000000,0.000000000
428,100000000000000.000000000,100000000000000.000000000,0.000000000
429,100000000000000.000000000,100000000000000.000000000,0.000000000
430,100000000000000.000000000,100000000000000.000000000,0.000000000
431,100000000000000.000000000,100000000000000.000000000,0.000000000
432,100000000000000.000000000,100000000000000.000000000,0.000000000
433,100000000000000.000000000,100000000000000.000000000,0.000000000
434,100000000000000.000000000,100000000000000.000000000,0.000000000
435,100000000000000.000000000,100000000000000.000000000,0.000000000
436,100000000000000.000000000,100000000000000.000000000,0.000000000
437,100000000000000.000000000,100000000000000.000000000,0.000000000
438,100000000000000.000000000,100000000000000.000000000,0.000000000
439,100000000000000.000000000,100000000000000.000000000,0.000000000
440,100000000000000.000000000,100000000000000.000000000,0.000000000
441,100000000000000.000000000,100000000000000.000000000,0.000000000
442,100000000000000.000000000,100000000000000.000000000,0.000000000
443,100000000000000.000000000,100000000000000.000000000,0.000000000
444,100000000000000.000000000,100000000000000.000000000,0.000000000
445,100000000000000.000000000,100000000000000.000000000,0.000000000
446,100000000000000.000000000,100000000000000.000000000,0.000000000
447,100000000000000.000000000,100000000000000.000000000,0.000000000
448,100000000000000.000000000,100000000000000.000000000,0.000000000
449,100000000000000.000000000,100000000000000.000000000,0.000000000
450,100000000000000.000000000,100000000000000.000000000,0.000000000
451,100000000000000.000000000,100000000000000.000000000,0.000000000
452,100000000000000.000000000,100000000000000.000000000,0.000000000
453,100000000000000.000000000,100000000000000.000000000,0.000000000
454,100000000000000.000000000,100000000000000.000000000,0.000000000
455,100000000000000.000000000,100000000000000.000000000,0.000000000
456,100000000000000.000000000,100000000000000.000000000,0.000000000
457,100000000000000.000000000,100000000000000.000000000,0.000000000
458,100000000000000.000000000,100000000000000.000000000,0.000000000
459,100000000000000.000000000,100000000000000.000000000,0.000000000
460,100000000000000.000000000,100000000000000.000000000,0.000000000
461,100000000000000.000000000,100000000000000.000000000,0.000000000
462,100000000000000.000000000,100000000000000.000000000,0.000000000
463,100000000000000.000000000,100000000000000.000000000,0.000000000
464,100000000000000.000000000,100000000000000.000000000,0.000000000
465,100000000000000.000000000,100000000000000.000000000,0.000000000
466,100000000000000.000000000,100000000000000.000000000,0.000000000
467,100000000000000.000000000,100000000000000.000000000,0.000000000
468,100000000000000.000000000,100000000000000.000000000,0.000000000
469,100000000000000.000000000,100000000000000.000000000,0.000000000
470,100000000000000.000000000,100000000000000.000000000,0.000000000
471,100000000000000.000000000,100000000000000.000000000,0.000000000
472,100000000000000.000000000,100000000000000.000000000,0.000000000
473,100000000000000.000000000,100000000000000.000000000,0.000000000
474,100000000000000.000000000,100000000000000.000000000,0.000000000
475,100000000000000.000000000,100000000000000.000000000,0.000000000
476,100000000000000.000000000,100000000000000.000000000,0.000000000
477,100000000000000.000000000,100000000000000.000000000,0.000000000
478,100000000000000.000000000,100000000000000.000000000,0.000000000
479,100000000000000.000000000,100000000000000.000000000,0.000000000
480,100000000000000.000000000,100000000000000.000000000,0.000000000
481,100000000000000.000000000,100000000000000.000000000,0.000000000
482,100000000000000.000000000,100000000000000.000000000,0.000000000
483,100000000000000.000000000,100000000000000.000000000,0.000000000
484,100000000000000.000000000,100000000000000.000000000,0.000000000
485,100000000000000.000000000,100000000000000.000000000,0.000000000
486,100000000000000.000000000,100000000000000.000000000,0.000000000
487,100000000000000.000000000,100000000000000.000000000,0.000000000
488,100000000000000.000000000,100000000000000.000000000,0.000000000
489,100000000000000.000000000,100000000000000.000000000,0.000000000
490,100000000000000.000000000,100000000000000.000000000,0.000000000
491,100000000000000.000000000,100000000000000.000000000,0.000000000
492,100000000000000.000000000,100000000000000.000000000,0.000000000
493,100000000000000.000000000,100000000000000.000000000,0.000000000
494,100000000000000.000000000,100000000000000.000000000,0.000000000
495,100000000000000.000000000,100000000000000.000000000,0.000000000
496,100000000000000.000000000,100000000000000.000000000,0.000000000
497,100000000000000.000000000,100000000000000.000000000,0.000000000
498,100000000000000.000000000,100000000000000.000000000,0.000000000
499,100000000000000.000000000,100000000000000.000000000,0.000000000
500,100000000000000.000000000,100000000000000.000000000,0.000000000
501,100000000000000.000000000,100000000000000.000000000,0.000000000
502,100000000000000.000000000,100000000000000.000000000,0.000000000
503,100000000000000.000000000,100000000000000.000000000,0.000000000
504,100000000000000.000000000,100000000000000.000000000,0.000000000
505,100000000000000.000000000,100000000000000.000000000,0.000000000
506,100000000000000.000000000,100000000000000.000000000,0.000000000
507,100000000000000.000000000,100000000000000.000000000,0.000000000
508,100000000000000.000000000,100000000000000.000000000,0.000000000
509,100000000000000.000000000,100000000000000.000000000,0.000000000
510,100000000000000.000000000,100000000000000.000000000,0.000000000
511,100000000000000.000000000,100000000000000.000000000,0.000000000
512,100000000000000.000000000,100000000000000.000000000,0.000000000
513,100000000000000.000000000,100000000000000.000000000,0.000000000
514,100000000000000.000000000,100000000000000.000000000,0.000000000
515,100000000000000.000000000,100000000000000.000000000,0.000000000
516,100000000000000.000000000,100000000000000.000000000,0.000000000
517,100000000000000.000000000,100000000000000.000000000,0.000000000
518,100000000000000.000000000,100000000000000.000000000,0.000000000
519,100000000000000.000000000,100000000000000.000000000,0.000000000
520,100000000000000.000000000,100000000000000.000000000,0.000000000
521,100000000000000.000000000,100000000000000.000000000,0.000000000
522,100000000000000.000000000,100000000000000.000000000,0.000000000
523,100000000000000.000000000,100000000000000.000000000,0.000000000
524,100000000000000.000000000,100000000000000.000000000,0.000000000
525,100000000000000.000000000,100000000000000.000000000,0.000000000
526,100000000000000.000000000,100000000000000.000000000,0.000000000
527,100000000000000.000000000,100000000000000.000000000,0.000000000
528,100000000000000.000000000,100000000000000.000000000,0.000000000
529,100000000000000.000000000,100000000000000.000000000,0.000000000
530,100000000000000.000000000,100000000000000.000000000,0.000000000
531,100000000000000.000000000,100000000000000.000000000,0.000000000
532,100000000000000.000000000,100000000000000.000000000,0.000000000
533,100000000000000.000000000,100000000000000.000000000,0.000000000
534,100000000000000.000000000,100000000000000.000000000,0.000000000
535,100000000000000.000000000,100000000000000.000000000,0.000000000
536,100000000000000.000000000,100000000000000.000000000,0.000000000
537,100000000000000.000000000,100000000000000.000000000,0.000000000
538,100000000000000.000000000,100000000000000.000000000,0.000000000
539,100000000000000.000000000,100000000000000.000000000,0.000000000
540,100000000000000.000000000,100000000000000.000000000,0.000000000
541,100000000000000.000000000,100000000000000.000000000,0.000000000
542,100000000000000.000000000,100000000000000.000000000,0.000000000
543,100000000000000.000000000,100000000000000.000000000,0.000000000
544,100000000000000.000000000,100000000000000.000000000,0.000000000
545,100000000000000.000000000,100000000000000.000000000,0.000000000
546,100000000000000.000000000,100000000000000.000000000,0.000000000
547,100000000000000.000000000,100000000000000.000000000,0.000000000
548,100000000000000.000000000,100000000000000.000000000,0.000000000
549,100000000000000.000000000,100000000000000.000000000,0.000000000
550,100000000000000.000000000,100000000000000.000000000,0.000000000
551,100000000000000.000000000,100000000000000.000000000,0.000000000
552,100000000000000.000000000,100000000000000.000000000,0.000000000
553,100000000000000.000000000,100000000000000.000000000,0.000000000
554,100000000000000.000000000,100000000000000.000000000,0.000000000
555,100000000000000.000000000,100000000000000.000000000,0.000000000
556,100000000000000.000000000,100000000000000.000000000,0.000000000
557,100000000000000.000000000,100000000000000.000000000,0.000000000
558,100000000000000.000000000,100000000000000.000000000,0.000000000
559,100000000000000.000000000,100000000000000.000000000,0.000000000
560,100000000000000.000000000,100000000000000.000000000,0.000000000
561,100000000000000.000000000,100000000000000.000000000,0.000000000
562,100000000000000.000000000,100000000000000.000000000,0.000000000
563,100000000000000.000000000,100000000000000.000000000,0.000000000
564,100000000000000.000000000,100000000000000.000000000,0.000000000
565,100000000000000.000000000,100000000000000.000000000,0.000000000
566,100000000000000.000000000,100000000000000.000000000,0.000000000
567,100000000000000.000000000,100000000000000.000000000,0.000000000
568,100000000000000.000000000,100000000000000.000000000,0.000000000
569,100000000000000.000000000,100000000000000.000000000,0.000000000
570,100000000000000.000000000,100000000000000.000000000,0.000000000
571,100000000000000.000000000,100000000000000.000000000,0.000000000
572,100000000000000.000000000,100000000000000.000000000,0.000000000
573,100000000000000.000000000,100000000000000.000000000,0.000000000
574,100000000000000.000000000,100000000000000.000000000,0.000000000
575,100000000000000.000000000,100000000000000.000000000,0.000000000
576,100000000000000.000000000,100000000000000.000000000,0.000000000
577,100000000000000.000000000,100000000000000.000000000,0.000000000
578,100000000000000.000000000,100000000000000.000000000,0.000000000
579,100000000000000.000000000,100000000000000.000000000,0.000000000
580,100000000000000.000000000,100000000000000.000000000,0.000000000
581,100000000000000.000000000,100000000000000.000000000,0.000000000
582,100000000000000.000000000,100000000000000.000000000,0.000000000
583,100000000000000.000000000,100000000000000.000000000,0.000000000
584,100000000000000.000000000,100000000000000.000000000,0.000000000
585,100000000000000.000000000,100000000000000.000000000,0.000000000
586,100000000000000.000000000,100000000000000.000000000,0.000000000
587,100000000000000.000000000,100000000000000.000000000,0.000000000
588,100000000000000.000000000,100000000000000.000000000,0.000000000
589,100000000000000.000000000,100000000000000.000000000,0.000000000
590,100000000000000.000000000,100000000000000.000000000,0.000000000
591,100000000000000.000000000,100000000000000.000000000,0.000000000
592,100000000000000.000000000,100000000000000.000000000,0.000000000
593,100000000000000.000000000,100000000000000.000000000,0.000000000
594,100000000000000.000000000,100000000000000.000000000,0.000000000
595,100000000000000.000000000,100000000000000.000000000,0.000000000
596,100000000000000.000000000,100000000000000.000000000,0.000000000
597,100000000000000.000000000,100000000000000.000000000,0.000000000
598,100000000000000.000000000,100000000000000.000000000,0.000000000
599,100000000000000.000000000,100000000000000.000000000,0.000000000
600,100000000000000.000000000,100000000000000.000000000,0.000000000
601,100000000000000.000000000,100000000000000.000000000,0.000000000
602,100000000000000.000000000,100000000000000.000000000,0.000000000
603,100000000000000.000000000,100000000000000.000000000,0.000000000
604,100000000000000.000000000,100000000000000.000000000,0.000000000
605,100000000000000.000000000,100000000000000.000000000,0.000000000
606,100000000000000.000000000,100000000000000.000000000,0.000000000
607,100000000000000.000000000,100000000000000.000000000,0.000000000
608,100000000000000.000000000,100000000000000.000000000,0.000000000
609,100000000000000.000000000,100000000000000.000000000,0.000000000
610,100000000000000.000000000,100000000000000.000000000,0.000000000
611,100000000000000.000000000,100000000000000.000000000,0.000000000
612,100000000000000.000000000,100000000000000.000000000,0.000000000
613,100000000000000.000000000,100000000000000.000000000,0.000000000
614,100000000000000.000000000,100000000000000.000000000,0.000000000
615,100000000000000.000000000,100000000000000.000000000,0.000000000
616,100000000000000.000000000,100000000000000.000000000,0.000000000
617,100000000000000.000000000,100000000000000.000000000,0.000000000
618,100000000000000.000000000,100000000000000.000000000,0.000000000
619,100000000000000.000000000,100000000000000.000000000,0.000000000
620,100000000000000.000000000,100000000000000.000000000,0.000000000
621,100000000000000.000000000,100000000000000.000000000,0.000000000
622,100000000000000.000000000,100000000000000.000000000,0.000000000
623,100000000000000.000000000,100000000000000.000000000,0.000000000
624,100000000000000.000000000,100000000000000.000000000,0.000000000
625,100000000000000.000000000,100000000000000.000000000,0.000000000
626,100000000000000.000000000,100000000000000.000000000,0.000000000
627,100000000000000.000000000,100000000000000.000000000,0.000000000
628,100000000000000.000000000,100000000000000.000000000,0.000000000
629,100000000000000.000000000,100000000000000.000000000,0.000000000
630,100000000000000.000000000,100000000000000.000000000,0.000000000
631,100000000000000.000000000,100000000000000.000000000,0.000000000
632,100000000000000.000000000,100000000000000.000000000,0.000000000
633,100000000000000.000000000,100000000000000.000000000,0.000000000
634,100000000000000.000000000,100000000000000.000000000,0.000000000
635,100000000000000.000000000,100000000000000.000000000,0.000000000
636,100000000000000.000000000,100000000000000.000000000,0.000000000
637,100000000000000.000000000,100000000000000.000000000,0.000000000
638,100000000000000.000000000,100000000000000.000000000,0.000000000
639,100000000000000.000000000,100000000000000.000000000,0.000000000
640,100000000000000.000000000,100000000000000.000000000,0.000000000
641,100000000000000.000000000,100000000000000.000000000,0.000000000
642,100000000000000.000000000,100000000000000.000000000,0.000000000
643,100000000000000.000000000,100000000000000.000000000,0.000000000
644,100000000000000.000000000,100000000000000.000000000,0.000000000
645,100000000000000.000000000,100000000000000.000000000,0.000000000
646,100000000000000.000000000,100000000000000.000000000,0.000000000
647,100000000000000.000000000,100000000000000.000000000,0.000000000
648,100000000000000.000000000,100000000000000.000000000,0.000000000
649,100000000000000.000000000,100000000000000.000000000,0.000000000
650,100000000000000.000000000,100000000000000.000000000,0.000000000
651,100000000000000.000000000,100000000000000.000000000,0.000000000
652,100000000000000.000000000,100000000000000.000000000,0.000000000
653,100000000000000.000000000,100000000000000.000000000,0.000000000
654,100000000000000.000000000,100000000000000.000000000,0.000000000
655,100000000000000.000000000,100000000000000.000000000,0.000000000
656,100000000000000.000000000,100000000000000.000000000,0.000000000
657,100000000000000.000000000,100000000000000.000000000,0.000000000
658,100000000000000.000000000,100000000000000.000000000,0.000000000
659,100000000000000.000000000,100000000000000.000000000,0.000000000
660,100000000000000.000000000,100000000000000.000000000,0.000000000
661,100000000000000.000000000,100000000000000.000000000,0.000000000
662,100000000000000.000000000,100000000000000.000000000,0.000000000
663,100000000000000.000000000,100000000000000.000000000,0.000000000
664,100000000000000.000000000,100000000000000.000000000,0.000000000
665,100000000000000.000000000,100000000000000.000000000,0.000000000
666,100000000000000.000000000,100000000000000.000000000,0.000000000
667,100000000000000.000000000,100000000000000.000000000,0.000000000
668,100000000000000.000000000,100000000000000.000000000,0.000000000
669,100000000000000.000000000,100000000000000.000000000,0.000000000
670,100000000000000.000000000,100000000000000.000000000,0.000000000
671,100000000000000.000000000,100000000000000.000000000,0.000000000
672,100000000000000.000000000,100000000000000.000000000,0.000000000
673,100000000000000.000000000,100000000000000.000000000,0.000000000
674,100000000000000.000000000,100000000000000.000000000,0.000000000
675,100000000000000.000000000,100000000000000.000000000,0.000000000
676,100000000000000.000000000,100000000000000.000000000,0.000000000
677,100000000000000.000000000,100000000000000.000000000,0.000000000
678,100000000000000.000000000,100000000000000.000000000,0.000000000
679,100000000000000.000000000,100000000000000.000000000,0.000000000
680,100000000000000.000000000,100000000000000.000000000,0.000000000
681,100000000000000.000000000,100000000000000.000000000,0.000000000
682,100000000000000.000000000,100000000000000.000000000,0.000000000
683,100000000000000.000000000,100000000000000.000000000,0.000000000
684,100000000000000.000000000,100000000000000.000000000,0.000000000
685,100000000000000.000000000,100000000000000.000000000,0.000000000
686,100000000000000.000000000,100000000000000.000000000,0.000000000
687,100000000000000.000000000,100000000000000.000000000,0.000000000
688,100000000000000.000000000,100000000000000.000000000,0.000000000
689,100000000000000.000000000,100000000000000.000000000,0.000000000
690,100000000000000.000000000,100000000000000.000000000,0.000000000
691,100000000000000.000000000,100000000000000.000000000,0.000000000
692,100000000000000.000000000,100000000000000.000000000,0.000000000
693,100000000000000.000000000,100000000000000.000000000,0.000000000
694,100000000000000.000000000,100000000000000.000000000,0.000000000
695,100000000000000.000000000,100000000000000.000000000,0.000000000
696,100000000000000.000000000,100000000000000.000000000,0.000000000
697,100000000000000.000000000,100000000000000.000000000,0.000000000
698,100000000000000.000000000,100000000000000.000000000,0.000000000
699,100000000000000.000000000,100000000000000.000000000,0.000000000
700,100000000000000.000000000,100000000000000.000000000,0.000000000
701,100000000000000.000000000,100000000000000.000000000,0.000000000
702,100000000000000.000000000,100000000000000.000000000,0.000000000
703,100000000000000.000000000,100000000000000.000000000,0.000000000
704,100000000000000.000000000,100000000000000.000000000,0.000000000
705,100000000000000.000000000,100000000000000.000000000,0.000000000
706,100000000000000.000000000,100000000000000.000000000,0.000000000
707,100000000000000.000000000,100000000000000.000000000,0.000000000
708,100000000000000.000000000,100000000000000.000000000,0.000000000
709,100000000000000.000000000,100000000000000.000000000,0.000000000
710,100000000000000.000000000,100000000000000.000000000,0.000000000
711,100000000000000.000000000,100000000000000.000000000,0.000000000
712,100000000000000.000000000,100000000000000.000000000,0.000000000
713,100000000000000.000000000,100000000000000.000000000,0.000000000
714,100000000000000.000000000,100000000000000.000000000,0.000000000
715,100000000000000.000000000,100000000000000.000000000,0.000000000
716,100000000000000.000000000,100000000000000.000000000,0.000000000
717,100000000000000.000000000,100000000000000.000000000,0.000000000
718,100000000000000.000000000,100000000000000.000000000,0.000000000
719,100000000000000.000000000,100000000000000.000000000,0.000000000
720,100000000000000.000000000,100000000000000.000000000,0.000000000
721,100000000000000.000000000,100000000000000.000000000,0.000000000
722,100000000000000.000000000,100000000000000.000000000,0.000000000
723,100000000000000.000000000,100000000000000.000000000,0.000000000
724,100000000000000.000000000,100000000000000.000000000,0.000000000
725,100000000000000.000000000,100000000000000.000000000,0.000000000
726,100000000000000.000000000,100000000000000.000000000,0.000000000
727,100000000000000.000000000,100000000000000.000000000,0.000000000
728,100000000000000.000000000,100000000000000.000000000,0.000000000
729,100000000000000.000000000,100000000000000.000000000,0.000000000
730,100000000000000.000000000,100000000000000.000000000,0.000000000
731,100000000000000.000000000,100000000000000.000000000,0.000000000
732,100000000000000.000000000,100000000000000.000000000,0.000000000
733,100000000000000.000000000,100000000000000.000000000,0.000000000
734,100000000000000.000000000,100000000000000.000000000,0.000000000
735,100000000000000.000000000,100000000000000.000000000,0.000000000
736,100000000000000.000000000,100000000000000.000000000,0.000000000
737,100000000000000.000000000,100000000000000.000000000,0.000000000
738,100000000000000.000000000,100000000000000.000000000,0.000000000
739,100000000000000.000000000,100000000000000.000000000,0.000000000
740,100000000000000.000000000,100000000000000.000000000,0.000000000
741,100000000000000.000000000,100000000000000.000000000,0.000000000
742,100000000000000.000000000,100000000000000.000000000,0.000000000
743,100000000000000.000000000,100000000000000.000000000,0.000000000
744,100000000000000.000000000,100000000000000.000000000,0.000000000
745,100000000000000.000000000,100000000000000.000000000,0.000000000
746,100000000000000.000000000,100000000000000.000000000,0.000000000
747,100000000000000.000000000,100000000000000.000000000,0.000000000
748,100000000000000.000000000,100000000000000.000000000,0.000000000
749,100000000000000.000000000,100000000000000.000000000,0.000000000
750,100000000000000.000000000,100000000000000.000000000,0.000000000
751,100000000000000.000000000,100000000000000.000000000,0.000000000
752,100000000000000.000000000,100000000000000.000000000,0.000000000
753,100000000000000.000000000,100000000000000.000000000,0.000000000
754,100000000000000.000000000,100000000000000.000000000,0.000000000
755,100000000000000.000000000,100000000000000.000000000,0.000000000
756,100000000000000.000000000,100000000000000.000000000,0.000000000
757,100000000000000.000000000,100000000000000.000000000,0.000000000
758,100000000000000.000000000,100000000000000.000000000,0.000000000
759,100000000000000.000000000,100000000000000.000000000,0.000000000
760,100000000000000.000000000,100000000000000.000000000,0.000000000
761,100000000000000.000000000,100000000000000.000000000,0.000000000
762,100000000000000.000000000,100000000000000.000000000,0.000000000
763,100000000000000.000000000,100000000000000.000000000,0.000000000
764,100000000000000.000000000,100000000000000.000000000,0.000000000
765,100000000000000.000000000,100000000000000.000000000,0.000000000
766,100000000000000.000000000,100000000000000.000000000,0.000000000
767,100000000000000.000000000,100000000000000.000000000,0.000000000
768,100000000000000.000000000,100000000000000.000000000,0.000000000
769,100000000000000.000000000,100000000000000.000000000,0.000000000
770,100000000000000.000000000,100000000000000.000000000,0.000000000
771,100000000000000.000000000,100000000000000.000000000,0.000000000
772,100000000000000.000000000,100000000000000.000000000,0.000000000
773,100000000000000.000000000,100000000000000.000000000,0.000000000
774,100000000000000.000000000,100000000000000.000000000,0.000000000
775,100000000000000.000000000,100000000000000.000000000,0.000000000
776,100000000000000.000000000,100000000000000.000000000,0.000000000
777,100000000000000.000000000,100000000000000.000000000,0.000000000
778,100000000000000.000000000,100000000000000.000000000,0.000000000
779,100000000000000.000000000,100000000000000.000000000,0.000000000
780,100000000000000.000000000,100000000000000.000000000,0.000000000
781,100000000000000.000000000,100000000000000.000000000,0.000000000
782,100000000000000.000000000,100000000000000.000000000,0.000000000
783,100000000000000.000000000,100000000000000.000000000,0.000000000
784,100000000000000.000000000,100000000000000.000000000,0.000000000
785,100000000000000.000000000,100000000000000.000000000,0.000000000
786,100000000000000.000000000,100000000000000.000000000,0.000000000
787,100000000000000.000000000,100000000000000.000000000,0.000000000
788,100000000000000.000000000,100000000000000.000000000,0.000000000
789,100000000000000.000000000,100000000000000.000000000,0.000000000
790,100000000000000.000000000,100000000000000.000000000,0.000000000
791,100000000000000.000000000,100000000000000.000000000,0.000000000
792,100000000000000.000000000,100000000000000.000000000,0.000000000
793,100000000000000.000000000,100000000000000.000000000,0.000000000
794,100000000000000.000000000,100000000000000.000000000,0.000000000
795,100000000000000.000000000,100000000000000.000000000,0.000000000
796,100000000000000.000000000,100000000000000.000000000,0.000000000
797,100000000000000.000000000,100000000000000.000000000,0.000000000
798,100000000000000.000000000,100000000000000.000000000,0.000000000
799,100000000000000.000000000,100000000000000.000000000,0.000000000
800,100000000000000.000000000,100000000000000.000000000,0.000000000
801,100000000000000.000000000,100000000000000.000000000,0.000000000
802,100000000000000.000000000,100000000000000.000000000,0.000000000
803,100000000000000.000000000,100000000000000.000000000,0.000000000
804,100000000000000.000000000,100000000000000.000000000,0.000000000
805,100000000000000.000000000,100000000000000.000000000,0.000000000
806,100000000000000.000000000,100000000000000.000000000,0.000000000
807,100000000000000.000000000,100000000000000.000000000,0.000000000
808,100000000000000.000000000,100000000000000.000000000,0.000000000
809,100000000000000.000000000,100000000000000.000000000,0.000000000
810,100000000000000.000000000,100000000000000.000000000,0.000000000
811,100000000000000.000000000,100000000000000.000000000,0.000000000
812,100000000000000.000000000,100000000000000.000000000,0.000000000
813,100000000000000.000000000,100000000000000.000000000,0.000000000
814,100000000000000.000000000,100000000000000.000000000,0.000000000
815,100000000000000.000000000,100000000000000.000000000,0.000000000
816,100000000000000.000000000,100000000000000.000000000,0.000000000
817,100000000000000.000000000,100000000000000.000000000,0.000000000
818,100000000000000.000000000,100000000000000.000000000,0.000000000
819,100000000000000.000000000,100000000000000.000000000,0.000000000
820,100000000000000.000000000,100000000000000.000000000,0.000000000
821,100000000000000.000000000,100000000000000.000000000,0.000000000
822,100000000000000.000000000,100000000000000.000000000,0.000000000
823,100000000000000.000000000,100000000000000.000000000,0.000000000
824,100000000000000.000000000,100000000000000.000000000,0.000000000
825,100000000000000.000000000,100000000000000.000000000,0.000000000
826,100000000000000.000000000,100000000000000.000000000,0.000000000
827,100000000000000.000000000,100000000000000.000000000,0.000000000
828,100000000000000.000000000,100000000000000.000000000,0.000000000
829,100000000000000.000000000,100000000000000.000000000,0.000000000
830,100000000000000.000000000,100000000000000.000000000,0.000000000
831,100000000000000.000000000,100000000000000.000000000,0.000000000
832,100000000000000.000000000,100000000000000.000000000,0.000000000
833,100000000000000.000000000,100000000000000.000000000,0.000000000
834,100000000000000.000000000,100000000000000.000000000,0.000000000
835,100000000000000.000000000,100000000000000.000000000,0.000000000
836,100000000000000.000000000,100000000000000.000000000,0.000000000
837,100000000000000.000000000,100000000000000.000000000,0.000000000
838,100000000000000.000000000,100000000000000.000000000,0.000000000
839,100000000000000.000000000,100000000000000.000000000,0.000000000
840,100000000000000.000000000,100000000000000.000000000,0.000000000
841,100000000000000.000000000,100000000000000.000000000,0.000000000
842,100000000000000.000000000,100000000000000.000000000,0.000000000
843,100000000000000.000000000,100000000000000.000000000,0.000000000
844,100000000000000.000000000,100000000000000.000000000,0.000000000
845,100000000000000.000000000,100000000000000.000000000,0.000000000
846,100000000000000.000000000,100000000000000.000000000,0.000000000
847,100000000000000.000000000,100000000000000.000000000,0.000000000
848,100000000000000.000000000,100000000000000.000000000,0.000000000
849,100000000000000.000000000,100000000000000.000000000,0.000000000
850,100000000000000.000000000,100000000000000.000000000,0.000000000
851,100000000000000.000000000,100000000000000.000000000,0.000000000
852,100000000000000.000000000,100000000000000.000000000,0.000000000
853,100000000000000.000000000,100000000000000.000000000,0.000000000
854,100000000000000.000000000,100000000000000.000000000,0.000000000
855,100000000000000.000000000,100000000000000.000000000,0.000000000
856,100000000000000.000000000,100000000000000.000000000,0.000000000
857,100000000000000.000000000,100000000000000.000000000,0.000000000
858,100000000000000.000000000,100000000000000.000000000,0.000000000
859,100000000000000.000000000,100000000000000.000000000,0.000000000
860,100000000000000.000000000,100000000000000.000000000,0.000000000
861,100000000000000.000000000,100000000000000.000000000,0.000000000
862,100000000000000.000000000,100000000000000.000000000,0.000000000
863,100000000000000.000000000,100000000000000.000000000,0.000000000
864,100000000000000.000000000,100000000000000.000000000,0.000000000
865,100000000000000.000000000,100000000000000.000000000,0.000000000
866,100000000000000.000000000,100000000000000.000000000,0.000000000
867,100000000000000.000000000,100000000000000.000000000,0.000000000
868,100000000000000.000000000,100000000000000.000000000,0.000000000
869,100000000000000.000000000,100000000000000.000000000,0.000000000
870,100000000000000.000000000,100000000000000.000000000,0.000000000
871,100000000000000.000000000,100000000000000.000000000,0.000000000
872,100000000000000.000000000,100000000000000.000000000,0.000000000
873,100000000000000.000000000,100000000000000.000000000,0.000000000
874,100000000000000.000000000,100000000000000.000000000,0.000000000
875,100000000000000.000000000,100000000000000.000000000,0.000000000
876,100000000000000.000000000,100000000000000.000000000,0.000000000
877,100000000000000.000000000,100000000000000.000000000,0.000000000
878,100000000000000.000000000,100000000000000.000000000,0.000000000
879,100000000000000.000000000,100000000000000.000000000,0.000000000
880,100000000000000.000000000,100000000000000.000000000,0.000000000
881,100000000000000.000000000,100000000000000.000000000,0.000000000
882,100000000000000.000000000,100000000000000.000000000,0.000000000
883,100000000000000.000000000,100000000000000.000000000,0.000000000
884,100000000000000.000000000,100000000000000.000000000,0.000000000
885,100000000000000.000000000,100000000000000.000000000,0.000000000
886,100000000000000.000000000,100000000000000.000000000,0.000000000
887,100000000000000.000000000,100000000000000.000000000,0.000000000
888,100000000000000.000000000,100000000000000.000000000,0.000000000
889,100000000000000.000000000,100000000000000.000000000,0.000000000
890,100000000000000.000000000,100000000000000.000000000,0.000000000
891,100000000000000.000000000,100000000000000.000000000,0.000000000
892,100000000000000.000000000,100000000000000.000000000,0.000000000
893,100000000000000.000000000,100000000000000.000000000,0.000000000
894,100000000000000.000000000,100000000000000.000000000,0.000000000
895,100000000000000.000000000,100000000000000.000000000,0.000000000
896,100000000000000.000000000,100000000000000.000000000,0.000000000
897,100000000000000.000000000,100000000000000.000000000,0.000000000
898,100000000000000.000000000,100000000000000.000000000,0.000000000
899,100000000000000.000000000,100000000000000.000000000,0.000000000
900,100000000000000.000000000,100000000000000.000000000,0.000000000
901,100000000000000.000000000,100000000000000.000000000,0.000000000
902,100000000000000.000000000,100000000000000.000000000,0.000000000
903,100000000000000.000000000,100000000000000.000000000,0.000000000
904,100000000000000.000000000,100000000000000.000000000,0.000000000
905,100000000000000.000000000,100000000000000.000000000,0.000000000
906,100000000000000.000000000,100000000000000.000000000,0.000000000
907,100000000000000.000000000,100000000000000.000000000,0.000000000
908,100000000000000.000000000,100000000000000.000000000,0.000000000
909,100000000000000.000000000,100000000000000.000000000,0.000000000
910,100000000000000.000000000,100000000000000.000000000,0.000000000
911,100000000000000.000000000,100000000000000.000000000,0.000000000
912,100000000000000.000000000,100000000000000.000000000,0.000000000
913,100000000000000.000000000,100000000000000.000000000,0.000000000
914,100000000000000.000000000,100000000000000.000000000,0.000000000
915,100000000000000.000000000,100000000000000.000000000,0.000000000
916,100000000000000.000000000,100000000000000.000000000,0.000000000
917,100000000000000.000000000,100000000000000.000000000,0.000000000
918,100000000000000.000000000,100000000000000.000000000,0.000000000
919,100000000000000.000000000,100000000000000.000000000,0.000000000
920,100000000000000.000000000,100000000000000.000000000,0.000000000
921,100000000000000.000000000,100000000000000.000000000,0.000000000
922,100000000000000.000000000,100000000000000.000000000,0.000000000
923,100000000000000.000000000,100000000000000.000000000,0.000000000
924,100000000000000.000000000,100000000000000.000000000,0.000000000
925,100000000000000.000000000,100000000000000.000000000,0.000000000
926,100000000000000.000000000,100000000000000.000000000,0.000000000
927,100000000000000.000000000,100000000000000.000000000,0.000000000
928,100000000000000.000000000,100000000000000.000000000,0.000000000
929,100000000000000.000000000,100000000000000.000000000,0.000000000
930,100000000000000.000000000,100000000000000.000000000,0.000000000
931,100000000000000.000000000,100000000000000.000000000,0.000000000
932,100000000000000.000000000,100000000000000.000000000,0.000000000
933,100000000000000.000000000,100000000000000.000000000,0.000000000
934,100000000000000.000000000,100000000000000.000000000,0.000000000
935,100000000000000.000000000,100000000000000.000000000,0.000000000
936,100000000000000.000000000,100000000000000.000000000,0.000000000
937,100000000000000.000000000,100000000000000.000000000,0.000000000
938,100000000000000.000000000,100000000000000.000000000,0.000000000
939,100000000000000.000000000,100000000000000.000000000,0.000000000
940,100000000000000.000000000,100000000000000.000000000,0.000000000
941,100000000000000.000000000,100000000000000.000000000,0.000000000
942,100000000000000.000000000,100000000000000.000000000,0.000000000
943,100000000000000.000000000,100000000000000.000000000,0.000000000
944,100000000000000.000000000,100000000000000.000000000,0.000000000
945,100000000000000.000000000,100000000000000.000000000,0.000000000
946,100000000000000.000000000,100000000000000.000000000,0.000000000
947,100000000000000.000000000,100000000000000.000000000,0.000000000
948,100000000000000.000000000,100000000000000.000000000,0.000000000
949,100000000000000.000000000,100000000000000.000000000,0.000000000
950,100000000000000.000000000,100000000000000.000000000,0.000000000
951,100000000000000.000000000,100000000000000.000000000,0.000000000
952,100000000000000.000000000,100000000000000.000000000,0.000000000
953,100000000000000.000000000,100000000000000.000000000,0.000000000
954,100000000000000.000000000,100000000000000.000000000,0.000000000
955,100000000000000.000000000,100000000000000.000000000,0.000000000
956,100000000000000.000000000,100000000000000.000000000,0.000000000
957,100000000000000.000000000,100000000000000.000000000,0.000000000
958,100000000000000.000000000,100000000000000.000000000,0.000000000
959,100000000000000.000000000,100000000000000.000000000,0.000000000
960,100000000000000.000000000,100000000000000.000000000,0.000000000
961,100000000000000.000000000,100000000000000.000000000,0.000000000
962,100000000000000.000000000,100000000000000.000000000,0.000000000
963,100000000000000.000000000,100000000000000.000000000,0.000000000
964,100000000000000.000000000,100000000000000.000000000,0.000000000
965,100000000000000.000000000,100000000000000.000000000,0.000000000
966,100000000000000.000000000,100000000000000.000000000,0.000000000
967,100000000000000.000000000,100000000000000.000000000,0.000000000
968,100000000000000.000000000,100000000000000.000000000,0.000000000
969,100000000000000.000000000,100000000000000.000000000,0.000000000
970,100000000000000.000000000,100000000000000.000000000,0.000000000
971,100000000000000.000000000,100000000000000.000000000,0.000000000
972,100000000000000.000000000,100000000000000.000000000,0.000000000
973,100000000000000.000000000,100000000000000.000000000,0.000000000
974,100000000000000.000000000,100000000000000.000000000,0.000000000
975,100000000000000.000000000,100000000000000.000000000,0.000000000
976,100000000000000.000000000,100000000000000.000000000,0.000000000
977,100000000000000.000000000,100000000000000.000000000,0.000000000
978,100000000000000.000000000,100000000000000.000000000,0.000000000
979,100000000000000.000000000,100000000000000.000000000,0.000000000
980,100000000000000.000000000,100000000000000.000000000,0.000000000
981,100000000000000.000000000,100000000000000.000000000,0.000000000
982,100000000000000.000000000,100000000000000.000000000,0.000000000
983,100000000000000.000000000,100000000000000.000000000,0.000000000
984,100000000000000.000000000,100000000000000.000000000,0.000000000
985,100000000000000.000000000,100000000000000.000000000,0.000000000
986,100000000000000.000000000,100000000000000.000000000,0.000000000
987,100000000000000.000000000,100000000000000.000000000,0.000000000
988,100000000000000.000000000,100000000000000.000000000,0.000000000
989,100000000000000.000000000,100000000000000.000000000,0.000000000
990,100000000000000.000000000,100000000000000.000000000,0.000000000
991,100000000000000.000000000,100000000000000.000000000,0.000000000
992,100000000000000.000000000,100000000000000.000000000,0.000000000
993,100000000000000.000000000,100000000000000.000000000,0.000000000
994,100000000000000.000000000,100000000000000.000000000,0.000000000
995,100000000000000.000000000,100000000000000.000000000,0.000000000
996,100000000000000.000000000,100000000000000.000000000,0.000000000
997,100000000000000.000000000,100000000000000.000000000,0.000000000
998,100000000000000.000000000,100000000000000.000000000,0.000000000
999,100000000000000.000000000,100000000000000.000000000,0.000000000
1000,100000000000000.000000000,100000000000000.000000000,0.000000000
1001,100000000000000.000000000,100000000000000.000000000,0.000000000
1002,100000000000000.000000000,100000000000000.000000000,0.000000000
1003,100000000000000.000000000,100000000000000.000000000,0.000000000
1004,100000000000000.000000000,100000000000000.000000000,0.000000000
1005,100000000000000.000000000,100000000000000.000000000,0.000000000
1006,100000000000000.000000000,100000000000000.000000000,0.000000000
1007,100000000000000.000000000,100000000000000.000000000,0.000000000
1008,100000000000000.000000000,100000000000000.000000000,0.000000000
1009,100000000000000.000000000,100000000000000.000000000,0.000000000
1010,100000000000000.000000000,100000000000000.000000000,0.000000000
1011,100000000000000.000000000,100000000000000.000000000,0.000000000
1012,100000000000000.000000000,100000000000000.000000000,0.000000000
1013,100000000000000.000000000,100000000000000.000000000,0.000000000
1014,100000000000000.000000000,100000000000000.000000000,0.000000000
1015,100000000000000.000000000,100000000000000.000000000,0.000000000
1016,100000000000000.000000000,100000000000000.000000000,0.000000000
1017,100000000000000.000000000,100000000000000.000000000,0.000000000
1018,100000000000000.000000000,100000000000000.000000000,0.000000000
1019,100000000000000.000000000,100000000000000.000000000,0.000000000
1020,100000000000000.000000000,100000000000000.000000000,0.000000000
1021,100000000000000.000000000,100000000000000.000000000,0.000000000
1022,100000000000000.000000000,100000000000000.000000000,0.000000000
1023,100000000000000.000000000,100000000000000.000000000,0.000000000
