context,k,act0,act1,act2,act3,act4,act5,act6,act7,act8,act9,act10,act11,act12,act13,act14,act15,act16,act17,act18,act19,act20,act21,act22,act23,act24,act25,act26,act27,act28,act29,act30,act31
0,0,59,-70,-44,39,33,122,-23,-115,59,59,59,59,59,59,59,59,59,59,59,59,59,59,59,59,59,59,59,59,59,59,59,59
0,1,-16,20,55,-114,22,-20,-89,-75,-16,-16,-16,-16,-16,-16,-16,-16,-16,-16,-16,-16,-16,-16,-16,-16,-16,-16,-16,-16,-16,-16,-16,-16
0,2,51,9,93,-12,120,-114,74,-123,51,51,51,51,51,51,51,51,51,51,51,51,51,51,51,51,51,51,51,51,51,51,51,51
0,3,-46,-93,-57,31,62,6,-94,5,-46,-46,-46,-46,-46,-46,-46,-46,-46,-46,-46,-46,-46,-46,-46,-46,-46,-46,-46,-46,-46,-46,-46,-46
0,4,24,-124,-92,126,-123,63,108,-44,24,24,24,24,24,24,24,24,24,24,24,24,24,24,24,24,24,24,24,24,24,24,24,24
0,5,37,-72,65,-118,-120,-15,12,-89,37,37,37,37,37,37,37,37,37,37,37,37,37,37,37,37,37,37,37,37,37,37,37,37
0,6,35,75,83,-93,-100,39,50,-82,35,35,35,35,35,35,35,35,35,35,35,35,35,35,35,35,35,35,35,35,35,35,35,35
0,7,-111,-61,-1,125,53,-93,0,-116,-111,-111,-111,-111,-111,-111,-111,-111,-111,-111,-111,-111,-111,-111,-111,-111,-111,-111,-111,-111,-111,-111,-111,-111
0,8,17,84,-119,35,39,-51,24,-123,17,17,17,17,17,17,17,17,17,17,17,17,17,17,17,17,17,17,17,17,17,17,17,17
0,9,112,114,-10,76,19,26,-89,-99,112,112,112,112,112,112,112,112,112,112,112,112,112,112,112,112,112,112,112,112,112,112,112,112
0,10,-35,104,-122,51,10,-115,13,39,-35,-35,-35,-35,-35,-35,-35,-35,-35,-35,-35,-35,-35,-35,-35,-35,-35,-35,-35,-35,-35,-35,-35,-35
0,11,-94,-60,51,76,-61,-96,97,-4,-94,-94,-94,-94,-94,-94,-94,-94,-94,-94,-94,-94,-94,-94,-94,-94,-94,-94,-94,-94,-94,-94,-94,-94
0,12,14,-16,-6,36,-12,80,-99,84,14,14,14,14,14,14,14,14,14,14,14,14,14,14,14,14,14,14,14,14,14,14,14,14
0,13,44,38,14,-120,-112,119,34,40,44,44,44,44,44,44,44,44,44,44,44,44,44,44,44,44,44,44,44,44,44,44,44,44
0,14,-70,54,97,-47,5,-64,127,119,-70,-70,-70,-70,-70,-70,-70,-70,-70,-70,-70,-70,-70,-70,-70,-70,-70,-70,-70,-70,-70,-70,-70,-70
0,15,-77,-53,40,-72,116,15,65,5,-77,-77,-77,-77,-77,-77,-77,-77,-77,-77,-77,-77,-77,-77,-77,-77,-77,-77,-77,-77,-77,-77,-77,-77
0,16,46,-38,96,-40,60,21,-127,96,46,46,46,46,46,46,46,46,46,46,46,46,46,46,46,46,46,46,46,46,46,46,46,46
0,17,22,-47,-111,-93,29,11,38,27,22,22,22,22,22,22,22,22,22,22,22,22,22,22,22,22,22,22,22,22,22,22,22,22
0,18,-70,113,124,120,109,-98,-92,-65,-70,-70,-70,-70,-70,-70,-70,-70,-70,-70,-70,-70,-70,-70,-70,-70,-70,-70,-70,-70,-70,-70,-70,-70
0,19,117,-24,-71,-77,1,-44,119,103,117,117,117,117,117,117,117,117,117,117,117,117,117,117,117,117,117,117,117,117,117,117,117,117
0,20,113,121,-28,-21,-63,95,-54,106,113,113,113,113,113,113,113,113,113,113,113,113,113,113,113,113,113,113,113,113,113,113,113,113
0,21,-79,-63,24,9,-82,28,7,123,-79,-79,-79,-79,-79,-79,-79,-79,-79,-79,-79,-79,-79,-79,-79,-79,-79,-79,-79,-79,-79,-79,-79,-79
0,22,100,83,-32,-70,-34,-96,16,79,100,100,100,100,100,100,100,100,100,100,100,100,100,100,100,100,100,100,100,100,100,100,100,100
0,23,-63,-100,-96,123,-64,-3,-35,-104,-63,-63,-63,-63,-63,-63,-63,-63,-63,-63,-63,-63,-63,-63,-63,-63,-63,-63,-63,-63,-63,-63,-63,-63
0,24,-47,-34,56,-4,85,105,121,2,-47,-47,-47,-47,-47,-47,-47,-47,-47,-47,-47,-47,-47,-47,-47,-47,-47,-47,-47,-47,-47,-47,-47,-47
0,25,120,116,-31,52,53,-3,0,-59,120,120,120,120,120,120,120,120,120,120,120,120,120,120,120,120,120,120,120,120,120,120,120,120
0,26,-35,3,-71,123,47,86,-114,-97,-35,-35,-35,-35,-35,-35,-35,-35,-35,-35,-35,-35,-35,-35,-35,-35,-35,-35,-35,-35,-35,-35,-35,-35
0,27,-86,-73,-77,30,24,-27,-49,-37,-86,-86,-86,-86,-86,-86,-86,-86,-86,-86,-86,-86,-86,-86,-86,-86,-86,-86,-86,-86,-86,-86,-86,-86
0,28,-32,-105,11,46,21,-48,42,-21,-32,-32,-32,-32,-32,-32,-32,-32,-32,-32,-32,-32,-32,-32,-32,-32,-32,-32,-32,-32,-32,-32,-32,-32
0,29,125,99,83,-22,121,-101,-103,-24,125,125,125,125,125,125,125,125,125,125,125,125,125,125,125,125,125,125,125,125,125,125,125,125
0,30,28,-89,35,-45,59,114,-32,-27,28,28,28,28,28,28,28,28,28,28,28,28,28,28,28,28,28,28,28,28,28,28,28,28
0,31,-107,114,52,109,-55,114,-63,-126,-107,-107,-107,-107,-107,-107,-107,-107,-107,-107,-107,-107,-107,-107,-107,-107,-107,-107,-107,-107,-107,-107,-107,-107
0,32,-73,8,33,-5,99,-92,100,59,-73,-73,-73,-73,-73,-73,-73,-73,-73,-73,-73,-73,-73,-73,-73,-73,-73,-73,-73,-73,-73,-73,-73,-73
0,33,-37,-93,102,52,121,-37,-12,10,-37,-37,-37,-37,-37,-37,-37,-37,-37,-37,-37,-37,-37,-37,-37,-37,-37,-37,-37,-37,-37,-37,-37,-37
0,34,60,-127,44,-103,-13,-69,-84,105,60,60,60,60,60,60,60,60,60,60,60,60,60,60,60,60,60,60,60,60,60,60,60,60
0,35,-111,-57,-95,116,-25,92,-28,-69,-111,-111,-111,-111,-111,-111,-111,-111,-111,-111,-111,-111,-111,-111,-111,-111,-111,-111,-111,-111,-111,-111,-111,-111
0,36,11,97,-89,-93,73,75,-63,-4,11,11,11,11,11,11,11,11,11,11,11,11,11,11,11,11,11,11,11,11,11,11,11,11
0,37,34,-82,108,9,0,80,113,91,34,34,34,34,34,34,34,34,34,34,34,34,34,34,34,34,34,34,34,34,34,34,34,34
0,38,-109,-127,-87,100,25,94,-91,-24,-109,-109,-109,-109,-109,-109,-109,-109,-109,-109,-109,-109,-109,-109,-109,-109,-109,-109,-109,-109,-109,-109,-109,-109
0,39,73,-28,13,55,28,81,-58,47,73,73,73,73,73,73,73,73,73,73,73,73,73,73,73,73,73,73,73,73,73,73,73,73
0,40,122,21,110,86,88,116,118,23,122,122,122,122,122,122,122,122,122,122,122,122,122,122,122,122,122,122,122,122,122,122,122,122
0,41,122,41,59,14,13,-56,-15,-89,122,122,122,122,122,122,122,122,122,122,122,122,122,122,122,122,122,122,122,122,122,122,122,122
0,42,94,-64,-39,-103,-41,-26,77,-121,94,94,94,94,94,94,94,94,94,94,94,94,94,94,94,94,94,94,94,94,94,94,94,94
0,43,59,122,112,-121,-7,-45,-33,-39,59,59,59,59,59,59,59,59,59,59,59,59,59,59,59,59,59,59,59,59,59,59,59,59
0,44,17,-9,-84,-86,122,107,66,72,17,17,17,17,17,17,17,17,17,17,17,17,17,17,17,17,17,17,17,17,17,17,17,17
0,45,58,93,21,25,8,-24,-86,121,58,58,58,58,58,58,58,58,58,58,58,58,58,58,58,58,58,58,58,58,58,58,58,58
0,46,-34,58,-119,31,113,-34,-67,32,-34,-34,-34,-34,-34,-34,-34,-34,-34,-34,-34,-34,-34,-34,-34,-34,-34,-34,-34,-34,-34,-34,-34,-34
0,47,88,72,-8,68,8,76,18,86,88,88,88,88,88,88,88,88,88,88,88,88,88,88,88,88,88,88,88,88,88,88,88,88
0,48,-33,62,-127,-16,59,-59,-126,24,-33,-33,-33,-33,-33,-33,-33,-33,-33,-33,-33,-33,-33,-33,-33,-33,-33,-33,-33,-33,-33,-33,-33,-33
0,49,-58,-6,-122,50,104,57,-16,120,-58,-58,-58,-58,-58,-58,-58,-58,-58,-58,-58,-58,-58,-58,-58,-58,-58,-58,-58,-58,-58,-58,-58,-58
0,50,118,-34,77,79,-101,100,13,109,118,118,118,118,118,118,118,118,118,118,118,118,118,118,118,118,118,118,118,118,118,118,118,118
0,51,-92,66,-78,-53,68,-110,-106,-44,-92,-92,-92,-92,-92,-92,-92,-92,-92,-92,-92,-92,-92,-92,-92,-92,-92,-92,-92,-92,-92,-92,-92,-92
0,52,-49,-68,117,-117,106,40,-25,-4,-49,-49,-49,-49,-49,-49,-49,-49,-49,-49,-49,-49,-49,-49,-49,-49,-49,-49,-49,-49,-49,-49,-49,-49
0,53,-49,-61,-109,88,-33,-95,105,54,-49,-49,-49,-49,-49,-49,-49,-49,-49,-49,-49,-49,-49,-49,-49,-49,-49,-49,-49,-49,-49,-49,-49,-49
0,54,-32,-95,-87,-13,57,21,-80,66,-32,-32,-32,-32,-32,-32,-32,-32,-32,-32,-32,-32,-32,-32,-32,-32,-32,-32,-32,-32,-32,-32,-32,-32
0,55,-16,52,114,127,107,7,-111,-16,-16,-16,-16,-16,-16,-16,-16,-16,-16,-16,-16,-16,-16,-16,-16,-16,-16,-16,-16,-16,-16,-16,-16,-16
0,56,-36,84,-82,107,-27,-40,19,40,-36,-36,-36,-36,-36,-36,-36,-36,-36,-36,-36,-36,-36,-36,-36,-36,-36,-36,-36,-36,-36,-36,-36,-36
0,57,-60,-61,-68,6,-87,-22,105,-60,-60,-60,-60,-60,-60,-60,-60,-60,-60,-60,-60,-60,-60,-60,-60,-60,-60,-60,-60,-60,-60,-60,-60,-60
0,58,110,-70,105,47,84,-60,-84,-28,110,110,110,110,110,110,110,110,110,110,110,110,110,110,110,110,110,110,110,110,110,110,110,110
0,59,-119,-56,125,-62,25,-89,29,118,-119,-119,-119,-119,-119,-119,-119,-119,-119,-119,-119,-119,-119,-119,-119,-119,-119,-119,-119,-119,-119,-119,-119,-119
0,60,-73,80,-118,-109,115,75,69,-83,-73,-73,-73,-73,-73,-73,-73,-73,-73,-73,-73,-73,-73,-73,-73,-73,-73,-73,-73,-73,-73,-73,-73,-73
0,61,100,31,82,101,-107,73,102,-25,100,100,100,100,100,100,100,100,100,100,100,100,100,100,100,100,100,100,100,100,100,100,100,100
0,62,-47,-112,-9,-111,27,18,-6,-43,-47,-47,-47,-47,-47,-47,-47,-47,-47,-47,-47,-47,-47,-47,-47,-47,-47,-47,-47,-47,-47,-47,-47,-47
0,63,-5,123,79,79,18,13,-48,39,-5,-5,-5,-5,-5,-5,-5,-5,-5,-5,-5,-5,-5,-5,-5,-5,-5,-5,-5,-5,-5,-5,-5,-5
0,64,-126,-94,124,-96,111,18,117,13,-126,-126,-126,-126,-126,-126,-126,-126,-126,-126,-126,-126,-126,-126,-126,-126,-126,-126,-126,-126,-126,-126,-126,-126
0,65,65,-127,111,-104,-76,-40,-39,11,65,65,65,65,65,65,65,65,65,65,65,65,65,65,65,65,65,65,65,65,65,65,65,65
0,66,-58,-79,-70,-58,32,-60,107,-75,-58,-58,-58,-58,-58,-58,-58,-58,-58,-58,-58,-58,-58,-58,-58,-58,-58,-58,-58,-58,-58,-58,-58,-58
0,67,118,77,-53,114,-96,54,-52,-71,118,118,118,118,118,118,118,118,118,118,118,118,118,118,118,118,118,118,118,118,118,118,118,118
0,68,88,11,126,96,-119,-64,75,-125,88,88,88,88,88,88,88,88,88,88,88,88,88,88,88,88,88,88,88,88,88,88,88,88
0,69,-95,-123,60,-36,-57,109,-12,-74,-95,-95,-95,-95,-95,-95,-95,-95,-95,-95,-95,-95,-95,-95,-95,-95,-95,-95,-95,-95,-95,-95,-95,-95
0,70,0,23,61,-22,-54,-50,-110,109,0,0,0,0,0,0,0,0,0,0,0,0,0,0,0,0,0,0,0,0,0,0,0,0
0,71,116,70,116,-114,59,1,-51,-123,116,116,116,116,116,116,116,116,116,116,116,116,116,116,116,116,116,116,116,116,116,116,116,116
0,72,93,-70,-37,6,119,36,12,125,93,93,93,93,93,93,93,93,93,93,93,93,93,93,93,93,93,93,93,93,93,93,93,93
0,73,-63,9,-6,66,-51,-73,10,-109,-63,-63,-63,-63,-63,-63,-63,-63,-63,-63,-63,-63,-63,-63,-63,-63,-63,-63,-63,-63,-63,-63,-63,-63
0,74,111,-21,52,83,-71,-9,27,114,111,111,111,111,111,111,111,111,111,111,111,111,111,111,111,111,111,111,111,111,111,111,111,111
0,75,-50,117,-83,68,14,-9,120,26,-50,-50,-50,-50,-50,-50,-50,-50,-50,-50,-50,-50,-50,-50,-50,-50,-50,-50,-50,-50,-50,-50,-50,-50
0,76,-126,116,28,-118,90,-61,27,16,-126,-126,-126,-126,-126,-126,-126,-126,-126,-126,-126,-126,-126,-126,-126,-126,-126,-126,-126,-126,-126,-126,-126,-126
0,77,-80,-15,110,3,-15,38,-51,55,-80,-80,-80,-80,-80,-80,-80,-80,-80,-80,-80,-80,-80,-80,-80,-80,-80,-80,-80,-80,-80,-80,-80,-80
0,78,-43,-62,-100,-21,58,-18,-78,-37,-43,-43,-43,-43,-43,-43,-43,-43,-43,-43,-43,-43,-43,-43,-43,-43,-43,-43,-43,-43,-43,-43,-43,-43
0,79,69,121,127,40,-30,120,32,56,69,69,69,69,69,69,69,69,69,69,69,69,69,69,69,69,69,69,69,69,69,69,69,69
0,80,-41,-68,70,-65,-21,-2,-35,104,-41,-41,-41,-41,-41,-41,-41,-41,-41,-41,-41,-41,-41,-41,-41,-41,-41,-41,-41,-41,-41,-41,-41,-41
0,81,45,-74,-123,-60,-106,19,-47,-8,45,45,45,45,45,45,45,45,45,45,45,45,45,45,45,45,45,45,45,45,45,45,45,45
0,82,-9,-37,118,111,-82,41,-18,4,-9,-9,-9,-9,-9,-9,-9,-9,-9,-9,-9,-9,-9,-9,-9,-9,-9,-9,-9,-9,-9,-9,-9,-9
0,83,126,32,-87,-59,11,55,95,54,126,126,126,126,126,126,126,126,126,126,126,126,126,126,126,126,126,126,126,126,126,126,126,126
0,84,-17,44,-24,70,78,-71,-112,-75,-17,-17,-17,-17,-17,-17,-17,-17,-17,-17,-17,-17,-17,-17,-17,-17,-17,-17,-17,-17,-17,-17,-17,-17
0,85,26,102,-3,69,-3,103,-42,-113,26,26,26,26,26,26,26,26,26,26,26,26,26,26,26,26,26,26,26,26,26,26,26,26
0,86,-65,-45,-83,-114,109,-27,-70,90,-65,-65,-65,-65,-65,-65,-65,-65,-65,-65,-65,-65,-65,-65,-65,-65,-65,-65,-65,-65,-65,-65,-65,-65
0,87,-111,-77,-25,33,-103,-123,-107,119,-111,-111,-111,-111,-111,-111,-111,-111,-111,-111,-111,-111,-111,-111,-111,-111,-111,-111,-111,-111,-111,-111,-111,-111
0,88,-72,91,-106,68,24,81,5,-95,-72,-72,-72,-72,-72,-72,-72,-72,-72,-72,-72,-72,-72,-72,-72,-72,-72,-72,-72,-72,-72,-72,-72,-72
0,89,41,-21,37,-99,-1,106,77,99,41,41,41,41,41,41,41,41,41,41,41,41,41,41,41,41,41,41,41,41,41,41,41,41
0,90,0,47,119,-77,71,-58,98,-100,0,0,0,0,0,0,0,0,0,0,0,0,0,0,0,0,0,0,0,0,0,0,0,0
0,91,13,-103,-94,35,121,60,-45,-8,13,13,13,13,13,13,13,13,13,13,13,13,13,13,13,13,13,13,13,13,13,13,13,13
0,92,-122,-11,-44,-89,-95,38,-121,-39,-122,-122,-122,-122,-122,-122,-122,-122,-122,-122,-122,-122,-122,-122,-122,-122,-122,-122,-122,-122,-122,-122,-122,-122
0,93,-80,-96,-84,16,-115,-114,-106,33,-80,-80,-80,-80,-80,-80,-80,-80,-80,-80,-80,-80,-80,-80,-80,-80,-80,-80,-80,-80,-80,-80,-80,-80
0,94,77,-79,-43,-10,-76,45,-78,-114,77,77,77,77,77,77,77,77,77,77,77,77,77,77,77,77,77,77,77,77,77,77,77,77
0,95,93,98,-4,-56,-9,44,-1,-20,93,93,93,93,93,93,93,93,93,93,93,93,93,93,93,93,93,93,93,93,93,93,93,93
0,96,119,47,-94,-60,-100,-89,34,-46,119,119,119,119,119,119,119,119,119,119,119,119,119,119,119,119,119,119,119,119,119,119,119,119
0,97,-2,-63,-25,113,-113,-112,62,3,-2,-2,-2,-2,-2,-2,-2,-2,-2,-2,-2,-2,-2,-2,-2,-2,-2,-2,-2,-2,-2,-2,-2,-2
0,98,-51,82,14,62,-33,45,-101,-81,-51,-51,-51,-51,-51,-51,-51,-51,-51,-51,-51,-51,-51,-51,-51,-51,-51,-51,-51,-51,-51,-51,-51,-51
0,99,-18,-63,46,-20,115,120,-63,50,-18,-18,-18,-18,-18,-18,-18,-18,-18,-18,-18,-18,-18,-18,-18,-18,-18,-18,-18,-18,-18,-18,-18,-18
0,100,-93,-29,-40,41,-90,28,27,43,-93,-93,-93,-93,-93,-93,-93,-93,-93,-93,-93,-93,-93,-93,-93,-93,-93,-93,-93,-93,-93,-93,-93,-93
0,101,59,-32,98,-1,45,-126,-107,30,59,59,59,59,59,59,59,59,59,59,59,59,59,59,59,59,59,59,59,59,59,59,59,59
0,102,-12,20,13,19,5,-85,28,-54,-12,-12,-12,-12,-12,-12,-12,-12,-12,-12,-12,-12,-12,-12,-12,-12,-12,-12,-12,-12,-12,-12,-12,-12
0,103,1,12,4,15,89,-101,-37,87,1,1,1,1,1,1,1,1,1,1,1,1,1,1,1,1,1,1,1,1,1,1,1,1
0,104,59,-72,104,-103,31,51,14,-113,59,59,59,59,59,59,59,59,59,59,59,59,59,59,59,59,59,59,59,59,59,59,59,59
0,105,11,60,-69,3,52,-111,46,-94,11,11,11,11,11,11,11,11,11,11,11,11,11,11,11,11,11,11,11,11,11,11,11,11
0,106,98,-26,-91,-24,-38,-98,4,-103,98,98,98,98,98,98,98,98,98,98,98,98,98,98,98,98,98,98,98,98,98,98,98,98
0,107,-20,-25,-14,-100,1,126,15,66,-20,-20,-20,-20,-20,-20,-20,-20,-20,-20,-20,-20,-20,-20,-20,-20,-20,-20,-20,-20,-20,-20,-20,-20
0,108,-45,98,-89,-5,18,-42,-116,103,-45,-45,-45,-45,-45,-45,-45,-45,-45,-45,-45,-45,-45,-45,-45,-45,-45,-45,-45,-45,-45,-45,-45,-45
0,109,69,50,51,68,-76,22,56,96,69,69,69,69,69,69,69,69,69,69,69,69,69,69,69,69,69,69,69,69,69,69,69,69
0,110,66,47,102,28,-23,117,-45,-111,66,66,66,66,66,66,66,66,66,66,66,66,66,66,66,66,66,66,66,66,66,66,66,66
0,111,28,116,82,71,-98,45,-3,-43,28,28,28,28,28,28,28,28,28,28,28,28,28,28,28,28,28,28,28,28,28,28,28,28
0,112,-104,74,-123,-17,-125,26,56,91,-104,-104,-104,-104,-104,-104,-104,-104,-104,-104,-104,-104,-104,-104,-104,-104,-104,-104,-104,-104,-104,-104,-104,-104
0,113,56,-126,87,126,-122,-56,-92,41,56,56,56,56,56,56,56,56,56,56,56,56,56,56,56,56,56,56,56,56,56,56,56,56
0,114,31,16,37,1,127,-80,-56,-20,31,31,31,31,31,31,31,31,31,31,31,31,31,31,31,31,31,31,31,31,31,31,31,31
0,115,36,43,-18,76,-89,-107,-110,-36,36,36,36,36,36,36,36,36,36,36,36,36,36,36,36,36,36,36,36,36,36,36,36,36
0,116,86,48,-96,1,-95,53,-103,-61,86,86,86,86,86,86,86,86,86,86,86,86,86,86,86,86,86,86,86,86,86,86,86,86
0,117,107,2,5,112,-36,-70,18,-79,107,107,107,107,107,107,107,107,107,107,107,107,107,107,107,107,107,107,107,107,107,107,107,107
0,118,-47,-117,71,76,90,125,-55,-48,-47,-47,-47,-47,-47,-47,-47,-47,-47,-47,-47,-47,-47,-47,-47,-47,-47,-47,-47,-47,-47,-47,-47,-47
0,119,16,100,-118,-108,12,21,94,115,16,16,16,16,16,16,16,16,16,16,16,16,16,16,16,16,16,16,16,16,16,16,16,16
0,120,-29,-18,71,98,-61,84,126,-88,-29,-29,-29,-29,-29,-29,-29,-29,-29,-29,-29,-29,-29,-29,-29,-29,-29,-29,-29,-29,-29,-29,-29,-29
0,121,-89,-68,72,-85,96,102,70,89,-89,-89,-89,-89,-89,-89,-89,-89,-89,-89,-89,-89,-89,-89,-89,-89,-89,-89,-89,-89,-89,-89,-89,-89
0,122,-91,87,51,-28,95,-62,-4,9,-91,-91,-91,-91,-91,-91,-91,-91,-91,-91,-91,-91,-91,-91,-91,-91,-91,-91,-91,-91,-91,-91,-91,-91
0,123,-56,-42,-88,-85,77,82,92,-52,-56,-56,-56,-56,-56,-56,-56,-56,-56,-56,-56,-56,-56,-56,-56,-56,-56,-56,-56,-56,-56,-56,-56,-56
0,124,-50,-4,115,84,107,12,77,-69,-50,-50,-50,-50,-50,-50,-50,-50,-50,-50,-50,-50,-50,-50,-50,-50,-50,-50,-50,-50,-50,-50,-50,-50
0,125,106,-33,15,-45,113,63,106,127,106,106,106,106,106,106,106,106,106,106,106,106,106,106,106,106,106,106,106,106,106,106,106,106
0,126,27,-75,-67,-101,57,91,-91,-56,27,27,27,27,27,27,27,27,27,27,27,27,27,27,27,27,27,27,27,27,27,27,27,27
0,127,42,69,-35,-110,-59,105,36,25,42,42,42,42,42,42,42,42,42,42,42,42,42,42,42,42,42,42,42,42,42,42,42,42
0,128,48,-23,63,-70,127,-117,-41,102,48,48,48,48,48,48,48,48,48,48,48,48,48,48,48,48,48,48,48,48,48,48,48,48
0,129,-53,-62,-17,13,124,75,20,-21,-53,-53,-53,-53,-53,-53,-53,-53,-53,-53,-53,-53,-53,-53,-53,-53,-53,-53,-53,-53,-53,-53,-53,-53
0,130,20,-98,-92,-115,24,62,-31,-41,20,20,20,20,20,20,20,20,20,20,20,20,20,20,20,20,20,20,20,20,20,20,20,20
0,131,44,-17,75,-94,-77,-67,34,-124,44,44,44,44,44,44,44,44,44,44,44,44,44,44,44,44,44,44,44,44,44,44,44,44
0,132,-124,0,101,-40,-38,119,79,49,-124,-124,-124,-124,-124,-124,-124,-124,-124,-124,-124,-124,-124,-124,-124,-124,-124,-124,-124,-124,-124,-124,-124,-124
0,133,15,-105,57,-73,9,61,18,-105,15,15,15,15,15,15,15,15,15,15,15,15,15,15,15,15,15,15,15,15,15,15,15,15
0,134,-64,29,25,-109,-124,-81,56,119,-64,-64,-64,-64,-64,-64,-64,-64,-64,-64,-64,-64,-64,-64,-64,-64,-64,-64,-64,-64,-64,-64,-64,-64
0,135,76,70,-115,-19,95,-66,120,1,76,76,76,76,76,76,76,76,76,76,76,76,76,76,76,76,76,76,76,76,76,76,76,76
0,136,-124,34,-30,17,91,-64,34,-57,-124,-124,-124,-124,-124,-124,-124,-124,-124,-124,-124,-124,-124,-124,-124,-124,-124,-124,-124,-124,-124,-124,-124,-124
0,137,-28,-85,33,4,31,103,42,-9,-28,-28,-28,-28,-28,-28,-28,-28,-28,-28,-28,-28,-28,-28,-28,-28,-28,-28,-28,-28,-28,-28,-28,-28
0,138,-59,96,-52,-2,-121,75,82,-52,-59,-59,-59,-59,-59,-59,-59,-59,-59,-59,-59,-59,-59,-59,-59,-59,-59,-59,-59,-59,-59,-59,-59,-59
0,139,87,-116,-99,71,109,117,-122,-69,87,87,87,87,87,87,87,87,87,87,87,87,87,87,87,87,87,87,87,87,87,87,87,87
0,140,-63,20,3,118,-111,17,61,107,-63,-63,-63,-63,-63,-63,-63,-63,-63,-63,-63,-63,-63,-63,-63,-63,-63,-63,-63,-63,-63,-63,-63,-63
0,141,-113,-65,-115,90,11,-9,61,-6,-113,-113,-113,-113,-113,-113,-113,-113,-113,-113,-113,-113,-113,-113,-113,-113,-113,-113,-113,-113,-113,-113,-113,-113
0,142,-120,76,38,25,-93,24,1,-1,-120,-120,-120,-120,-120,-120,-120,-120,-120,-120,-120,-120,-120,-120,-120,-120,-120,-120,-120,-120,-120,-120,-120,-120
0,143,-50,-105,97,-92,-109,-125,82,0,-50,-50,-50,-50,-50,-50,-50,-50,-50,-50,-50,-50,-50,-50,-50,-50,-50,-50,-50,-50,-50,-50,-50,-50
0,144,118,70,93,-95,-92,95,38,62,118,118,118,118,118,118,118,118,118,118,118,118,118,118,118,118,118,118,118,118,118,118,118,118
0,145,-40,118,-53,120,-5,70,-26,33,-40,-40,-40,-40,-40,-40,-40,-40,-40,-40,-40,-40,-40,-40,-40,-40,-40,-40,-40,-40,-40,-40,-40,-40
0,146,-86,-78,-69,32,7,98,-9,99,-86,-86,-86,-86,-86,-86,-86,-86,-86,-86,-86,-86,-86,-86,-86,-86,-86,-86,-86,-86,-86,-86,-86,-86
0,147,-86,117,26,-2,86,-28,-102,-18,-86,-86,-86,-86,-86,-86,-86,-86,-86,-86,-86,-86,-86,-86,-86,-86,-86,-86,-86,-86,-86,-86,-86,-86
0,148,-47,-48,118,-20,44,47,-42,-37,-47,-47,-47,-47,-47,-47,-47,-47,-47,-47,-47,-47,-47,-47,-47,-47,-47,-47,-47,-47,-47,-47,-47,-47
0,149,89,-55,-27,-78,-39,50,-87,-78,89,89,89,89,89,89,89,89,89,89,89,89,89,89,89,89,89,89,89,89,89,89,89,89
0,150,-107,12,0,-60,-76,-77,-81,74,-107,-107,-107,-107,-107,-107,-107,-107,-107,-107,-107,-107,-107,-107,-107,-107,-107,-107,-107,-107,-107,-107,-107,-107
0,151,-121,-33,74,-83,-21,-87,22,-66,-121,-121,-121,-121,-121,-121,-121,-121,-121,-121,-121,-121,-121,-121,-121,-121,-121,-121,-121,-121,-121,-121,-121,-121
0,152,119,-55,92,14,-109,95,40,44,119,119,119,119,119,119,119,119,119,119,119,119,119,119,119,119,119,119,119,119,119,119,119,119
0,153,-50,15,-110,115,91,2,-109,-118,-50,-50,-50,-50,-50,-50,-50,-50,-50,-50,-50,-50,-50,-50,-50,-50,-50,-50,-50,-50,-50,-50,-50,-50
0,154,-104,26,-100,78,37,-61,106,-96,-104,-104,-104,-104,-104,-104,-104,-104,-104,-104,-104,-104,-104,-104,-104,-104,-104,-104,-104,-104,-104,-104,-104,-104
0,155,23,95,-45,18,75,2,-43,100,23,23,23,23,23,23,23,23,23,23,23,23,23,23,23,23,23,23,23,23,23,23,23,23
0,156,-77,-117,-82,91,-124,8,75,-67,-77,-77,-77,-77,-77,-77,-77,-77,-77,-77,-77,-77,-77,-77,-77,-77,-77,-77,-77,-77,-77,-77,-77,-77
0,157,-5,0,-101,1,-11,-95,104,-125,-5,-5,-5,-5,-5,-5,-5,-5,-5,-5,-5,-5,-5,-5,-5,-5,-5,-5,-5,-5,-5,-5,-5,-5
0,158,-11,-121,62,47,35,39,-2,86,-11,-11,-11,-11,-11,-11,-11,-11,-11,-11,-11,-11,-11,-11,-11,-11,-11,-11,-11,-11,-11,-11,-11,-11
0,159,20,-25,-97,-86,-119,-43,123,13,20,20,20,20,20,20,20,20,20,20,20,20,20,20,20,20,20,20,20,20,20,20,20,20
0,160,-41,-25,30,33,39,-85,-66,-4,-41,-41,-41,-41,-41,-41,-41,-41,-41,-41,-41,-41,-41,-41,-41,-41,-41,-41,-41,-41,-41,-41,-41,-41
0,161,-30,71,-106,-6,113,-26,-63,-65,-30,-30,-30,-30,-30,-30,-30,-30,-30,-30,-30,-30,-30,-30,-30,-30,-30,-30,-30,-30,-30,-30,-30,-30
0,162,48,91,-39,60,126,-67,90,100,48,48,48,48,48,48,48,48,48,48,48,48,48,48,48,48,48,48,48,48,48,48,48,48
0,163,96,-52,-51,-8,25,126,-115,115,96,96,96,96,96,96,96,96,96,96,96,96,96,96,96,96,96,96,96,96,96,96,96,96
0,164,5,-113,44,26,-59,87,-56,-126,5,5,5,5,5,5,5,5,5,5,5,5,5,5,5,5,5,5,5,5,5,5,5,5
0,165,-20,-82,28,99,88,123,-98,24,-20,-20,-20,-20,-20,-20,-20,-20,-20,-20,-20,-20,-20,-20,-20,-20,-20,-20,-20,-20,-20,-20,-20,-20
0,166,-36,-15,15,96,-94,35,92,-95,-36,-36,-36,-36,-36,-36,-36,-36,-36,-36,-36,-36,-36,-36,-36,-36,-36,-36,-36,-36,-36,-36,-36,-36
0,167,105,-2,-95,65,-36,-42,5,30,105,105,105,105,105,105,105,105,105,105,105,105,105,105,105,105,105,105,105,105,105,105,105,105
0,168,-125,77,90,-34,-16,95,-89,-11,-125,-125,-125,-125,-125,-125,-125,-125,-125,-125,-125,-125,-125,-125,-125,-125,-125,-125,-125,-125,-125,-125,-125,-125
0,169,127,-43,89,97,103,90,-46,-70,127,127,127,127,127,127,127,127,127,127,127,127,127,127,127,127,127,127,127,127,127,127,127,127
0,170,-54,-89,33,19,56,-26,-84,79,-54,-54,-54,-54,-54,-54,-54,-54,-54,-54,-54,-54,-54,-54,-54,-54,-54,-54,-54,-54,-54,-54,-54,-54
0,171,25,-20,119,38,67,-9,-29,24,25,25,25,25,25,25,25,25,25,25,25,25,25,25,25,25,25,25,25,25,25,25,25,25
0,172,-112,-15,88,-37,116,-49,6,79,-112,-112,-112,-112,-112,-112,-112,-112,-112,-112,-112,-112,-112,-112,-112,-112,-112,-112,-112,-112,-112,-112,-112,-112
0,173,47,-8,-21,-8,110,32,72,113,47,47,47,47,47,47,47,47,47,47,47,47,47,47,47,47,47,47,47,47,47,47,47,47
0,174,-32,-4,113,79,42,-42,8,-126,-32,-32,-32,-32,-32,-32,-32,-32,-32,-32,-32,-32,-32,-32,-32,-32,-32,-32,-32,-32,-32,-32,-32,-32
0,175,47,1,-37,-35,-3,45,-113,-108,47,47,47,47,47,47,47,47,47,47,47,47,47,47,47,47,47,47,47,47,47,47,47,47
0,176,-36,-60,-73,-17,-24,-3,103,-51,-36,-36,-36,-36,-36,-36,-36,-36,-36,-36,-36,-36,-36,-36,-36,-36,-36,-36,-36,-36,-36,-36,-36,-36
0,177,84,88,-107,-36,79,-104,121,-119,84,84,84,84,84,84,84,84,84,84,84,84,84,84,84,84,84,84,84,84,84,84,84,84
0,178,56,54,57,59,-90,53,-48,42,56,56,56,56,56,56,56,56,56,56,56,56,56,56,56,56,56,56,56,56,56,56,56,56
0,179,108,-5,-110,-80,24,35,-24,-105,108,108,108,108,108,108,108,108,108,108,108,108,108,108,108,108,108,108,108,108,108,108,108,108
0,180,95,40,-62,124,-1,66,-54,-89,95,95,95,95,95,95,95,95,95,95,95,95,95,95,95,95,95,95,95,95,95,95,95,95
0,181,77,61,-1,93,65,-16,-64,68,77,77,77,77,77,77,77,77,77,77,77,77,77,77,77,77,77,77,77,77,77,77,77,77
0,182,26,77,-99,-119,-60,-59,-60,-22,26,26,26,26,26,26,26,26,26,26,26,26,26,26,26,26,26,26,26,26,26,26,26,26
0,183,-6,69,114,-115,69,36,105,116,-6,-6,-6,-6,-6,-6,-6,-6,-6,-6,-6,-6,-6,-6,-6,-6,-6,-6,-6,-6,-6,-6,-6,-6
0,184,28,-11,91,-107,-1,21,23,-98,28,28,28,28,28,28,28,28,28,28,28,28,28,28,28,28,28,28,28,28,28,28,28,28
0,185,-24,50,-24,-72,-65,-49,89,48,-24,-24,-24,-24,-24,-24,-24,-24,-24,-24,-24,-24,-24,-24,-24,-24,-24,-24,-24,-24,-24,-24,-24,-24
0,186,19,-86,-71,-53,-65,-53,-92,64,19,19,19,19,19,19,19,19,19,19,19,19,19,19,19,19,19,19,19,19,19,19,19,19
0,187,82,-119,96,-91,-90,-122,127,74,82,82,82,82,82,82,82,82,82,82,82,82,82,82,82,82,82,82,82,82,82,82,82,82
0,188,53,-122,94,76,119,-37,-117,100,53,53,53,53,53,53,53,53,53,53,53,53,53,53,53,53,53,53,53,53,53,53,53,53
0,189,78,92,88,29,42,44,81,84,78,78,78,78,78,78,78,78,78,78,78,78,78,78,78,78,78,78,78,78,78,78,78,78
0,190,25,35,52,-51,-98,83,126,-24,25,25,25,25,25,25,25,25,25,25,25,25,25,25,25,25,25,25,25,25,25,25,25,25
0,191,-78,-55,55,-28,-58,104,-103,-14,-78,-78,-78,-78,-78,-78,-78,-78,-78,-78,-78,-78,-78,-78,-78,-78,-78,-78,-78,-78,-78,-78,-78,-78
0,192,-86,32,69,56,83,21,108,86,-86,-86,-86,-86,-86,-86,-86,-86,-86,-86,-86,-86,-86,-86,-86,-86,-86,-86,-86,-86,-86,-86,-86,-86
0,193,-113,113,-27,-116,3,-118,-36,48,-113,-113,-113,-113,-113,-113,-113,-113,-113,-113,-113,-113,-113,-113,-113,-113,-113,-113,-113,-113,-113,-113,-113,-113
0,194,18,-98,116,83,-24,-86,4,103,18,18,18,18,18,18,18,18,18,18,18,18,18,18,18,18,18,18,18,18,18,18,18,18
0,195,-17,-11,-54,90,119,-37,-127,-112,-17,-17,-17,-17,-17,-17,-17,-17,-17,-17,-17,-17,-17,-17,-17,-17,-17,-17,-17,-17,-17,-17,-17,-17
0,196,0,-79,-37,-63,-59,7,-30,-119,0,0,0,0,0,0,0,0,0,0,0,0,0,0,0,0,0,0,0,0,0,0,0,0
0,197,-10,83,66,58,-104,42,42,111,-10,-10,-10,-10,-10,-10,-10,-10,-10,-10,-10,-10,-10,-10,-10,-10,-10,-10,-10,-10,-10,-10,-10,-10
0,198,-87,109,-99,-9,-122,21,-85,100,-87,-87,-87,-87,-87,-87,-87,-87,-87,-87,-87,-87,-87,-87,-87,-87,-87,-87,-87,-87,-87,-87,-87,-87
0,199,44,81,110,33,-32,-112,94,42,44,44,44,44,44,44,44,44,44,44,44,44,44,44,44,44,44,44,44,44,44,44,44,44
0,200,99,126,-36,-90,-31,-122,9,15,99,99,99,99,99,99,99,99,99,99,99,99,99,99,99,99,99,99,99,99,99,99,99,99
0,201,108,-43,95,21,-93,-18,-44,-54,108,108,108,108,108,108,108,108,108,108,108,108,108,108,108,108,108,108,108,108,108,108,108,108
0,202,-122,20,-50,99,38,-75,-46,-103,-122,-122,-122,-122,-122,-122,-122,-122,-122,-122,-122,-122,-122,-122,-122,-122,-122,-122,-122,-122,-122,-122,-122,-122
0,203,87,99,89,-98,-97,117,-121,120,87,87,87,87,87,87,87,87,87,87,87,87,87,87,87,87,87,87,87,87,87,87,87,87
0,204,26,-84,33,-19,111,35,-127,11,26,26,26,26,26,26,26,26,26,26,26,26,26,26,26,26,26,26,26,26,26,26,26,26
0,205,-53,53,5,50,-111,18,-100,69,-53,-53,-53,-53,-53,-53,-53,-53,-53,-53,-53,-53,-53,-53,-53,-53,-53,-53,-53,-53,-53,-53,-53,-53
0,206,-57,23,-87,44,15,-47,-53,100,-57,-57,-57,-57,-57,-57,-57,-57,-57,-57,-57,-57,-57,-57,-57,-57,-57,-57,-57,-57,-57,-57,-57,-57
0,207,9,59,92,35,-84,14,64,33,9,9,9,9,9,9,9,9,9,9,9,9,9,9,9,9,9,9,9,9,9,9,9,9
0,208,-5,-37,-50,-120,16,50,16,-44,-5,-5,-5,-5,-5,-5,-5,-5,-5,-5,-5,-5,-5,-5,-5,-5,-5,-5,-5,-5,-5,-5,-5,-5
0,209,8,-6,-9,-75,-90,-127,126,-82,8,8,8,8,8,8,8,8,8,8,8,8,8,8,8,8,8,8,8,8,8,8,8,8
0,210,0,-60,49,76,119,-103,-115,-69,0,0,0,0,0,0,0,0,0,0,0,0,0,0,0,0,0,0,0,0,0,0,0,0
0,211,-25,56,-93,-20,66,82,124,40,-25,-25,-25,-25,-25,-25,-25,-25,-25,-25,-25,-25,-25,-25,-25,-25,-25,-25,-25,-25,-25,-25,-25,-25
0,212,-86,-119,50,-71,98,13,100,58,-86,-86,-86,-86,-86,-86,-86,-86,-86,-86,-86,-86,-86,-86,-86,-86,-86,-86,-86,-86,-86,-86,-86,-86
0,213,13,-65,-79,-87,-3,-50,107,-32,13,13,13,13,13,13,13,13,13,13,13,13,13,13,13,13,13,13,13,13,13,13,13,13
0,214,89,15,-48,-72,57,-91,64,21,89,89,89,89,89,89,89,89,89,89,89,89,89,89,89,89,89,89,89,89,89,89,89,89
0,215,124,-59,-17,6,-70,96,112,116,124,124,124,124,124,124,124,124,124,124,124,124,124,124,124,124,124,124,124,124,124,124,124,124
0,216,-5,-18,6,-25,20,70,-92,95,-5,-5,-5,-5,-5,-5,-5,-5,-5,-5,-5,-5,-5,-5,-5,-5,-5,-5,-5,-5,-5,-5,-5,-5
0,217,104,-7,24,12,70,-48,-51,122,104,104,104,104,104,104,104,104,104,104,104,104,104,104,104,104,104,104,104,104,104,104,104,104
0,218,55,-88,-70,99,116,-70,112,-102,55,55,55,55,55,55,55,55,55,55,55,55,55,55,55,55,55,55,55,55,55,55,55,55
0,219,90,-3,104,77,-48,85,-41,-125,90,90,90,90,90,90,90,90,90,90,90,90,90,90,90,90,90,90,90,90,90,90,90,90
0,220,-94,78,63,-92,-5,-35,-83,-51,-94,-94,-94,-94,-94,-94,-94,-94,-94,-94,-94,-94,-94,-94,-94,-94,-94,-94,-94,-94,-94,-94,-94,-94
0,221,-27,-21,-3,-4,-18,45,103,0,-27,-27,-27,-27,-27,-27,-27,-27,-27,-27,-27,-27,-27,-27,-27,-27,-27,-27,-27,-27,-27,-27,-27,-27
0,222,11,27,83,96,-7,87,80,-125,11,11,11,11,11,11,11,11,11,11,11,11,11,11,11,11,11,11,11,11,11,11,11,11
0,223,90,-114,13,-125,55,15,-44,-14,90,90,90,90,90,90,90,90,90,90,90,90,90,90,90,90,90,90,90,90,90,90,90,90
0,224,61,-43,47,33,79,-101,98,-64,61,61,61,61,61,61,61,61,61,61,61,61,61,61,61,61,61,61,61,61,61,61,61,61
