write_count,context,addr,shift_cnt,lane0,lane1,lane2,lane3,lane4,lane5,lane6,lane7,lane8,lane9,lane10,lane11,lane12,lane13,lane14,lane15,lane16,lane17,lane18,lane19,lane20,lane21,lane22,lane23,lane24,lane25,lane26,lane27,lane28,lane29,lane30,lane31
0,0,0,0,52494,99684,-4459,-90180,-23843,-93914,-23853,54637,21612,-18902,-50001,45487,44749,-1504,-55076,21079,0,0,0,0,0,0,0,0,0,0,0,0,0,0,0,0
1,0,0,0,0,0,0,0,0,0,0,0,0,0,0,0,0,0,0,0,-10787,-15288,58044,-64082,-1170,-44706,20241,-48597,-26027,-32064,-80953,-1903,20362,-9737,-3912,73635
2,0,1,1,12257,13543,-4047,18622,-8855,90025,71697,-35672,61830,75866,79610,3978,3766,24777,-13225,44689,0,0,0,0,0,0,0,0,0,0,0,0,0,0,0,0
3,0,1,1,0,0,0,0,0,0,0,0,0,0,0,0,0,0,0,0,-55839,8977,-57860,-16800,-5069,-24170,-76127,6822,58619,110989,62610,-41477,-52275,-44376,-42156,78112
4,0,2,2,-99967,29660,80247,7116,-61564,26773,-56453,42915,27219,-33470,29641,-24436,33254,-791,-119300,-68374,0,0,0,0,0,0,0,0,0,0,0,0,0,0,0,0
5,0,2,2,0,0,0,0,0,0,0,0,0,0,0,0,0,0,0,0,-20987,-72625,27848,12514,-41787,-12017,-39288,-16543,76088,-46848,14820,-57512,-2206,-75786,35950,-42776
6,0,3,3,34233,22298,-10423,14643,-39553,-59535,-45069,34786,-11493,-31250,-5908,-58256,-36971,-21832,91906,-14851,0,0,0,0,0,0,0,0,0,0,0,0,0,0,0,0
7,0,3,3,0,0,0,0,0,0,0,0,0,0,0,0,0,0,0,0,47338,-23942,-41635,-43122,51786,-5707,21453,-13005,-12752,-10815,-8021,53158,29804,-74293,20210,-23083
8,0,4,4,72648,-9527,-86721,-64719,-6153,5526,-24543,-18671,-63907,-36844,10842,34309,6765,-14435,18005,46576,0,0,0,0,0,0,0,0,0,0,0,0,0,0,0,0
9,0,4,4,0,0,0,0,0,0,0,0,0,0,0,0,0,0,0,0,-13469,6099,-43018,-44487,87398,317,-88451,35025,51056,4710,-59640,-36922,9825,-9023,1781,54047
10,0,5,5,-38611,-23040,39214,58995,-158,48008,-15750,9190,-12815,54704,-7969,-26463,28602,8526,53100,-20332,0,0,0,0,0,0,0,0,0,0,0,0,0,0,0,0
11,0,5,5,0,0,0,0,0,0,0,0,0,0,0,0,0,0,0,0,19778,-39289,-8596,-17636,-65795,-63298,-12928,65864,27592,77184,-33431,861,52075,-18366,25555,-48212
12,0,6,6,-34909,23278,-41056,28012,2788,25350,24644,-9501,-26308,45034,4986,19778,15371,-29949,27484,-20429,0,0,0,0,0,0,0,0,0,0,0,0,0,0,0,0
13,0,6,6,0,0,0,0,0,0,0,0,0,0,0,0,0,0,0,0,25577,59095,10816,-12780,-72292,20548,101271,48582,7995,-11322,-49587,-50388,-29396,10407,-64551,11311
14,0,7,7,3785,-17383,3134,-39501,-104359,-8133,21784,-58091,24984,27303,-19159,-15963,4388,-2216,77923,-4832,0,0,0,0,0,0,0,0,0,0,0,0,0,0,0,0
15,0,7,7,0,0,0,0,0,0,0,0,0,0,0,0,0,0,0,0,-52762,-17945,337,-30805,-60703,1147,4732,-48188,33960,-10464,30340,-33869,-25574,-63162,26661,67610
16,0,8,8,-28,20152,28680,-23452,-2856,-26699,11800,3019,-59001,-98310,-50744,55792,15728,94671,14970,33390,0,0,0,0,0,0,0,0,0,0,0,0,0,0,0,0
17,0,8,8,0,0,0,0,0,0,0,0,0,0,0,0,0,0,0,0,-38627,1890,-34861,49185,-61704,12337,-81291,28100,-54776,-29267,-54320,-4014,19258,35021,-56666,27563
18,0,9,9,-28887,-7697,15928,88368,23206,5668,17638,-36050,18067,-12387,38480,29374,-18700,-1680,34518,6490,0,0,0,0,0,0,0,0,0,0,0,0,0,0,0,0
19,0,9,9,0,0,0,0,0,0,0,0,0,0,0,0,0,0,0,0,-14075,9407,-8765,-37825,-245,-30007,61340,36491,-9940,98402,-14081,-7550,27514,63768,42393,-13740
20,0,10,10,-64752,38706,37105,-26851,3424,19615,-16729,-19322,65674,-88132,25528,33878,29327,59740,66597,-31427,0,0,0,0,0,0,0,0,0,0,0,0,0,0,0,0
21,0,10,10,0,0,0,0,0,0,0,0,0,0,0,0,0,0,0,0,-24166,-23564,-5269,38895,-65490,-27737,-19003,-71946,19304,-18709,-22427,33125,36180,-3357,5039,-60096
22,0,11,11,24332,87602,11452,-42587,9116,56445,8146,42813,20060,38944,67657,10348,63627,38144,78682,101512,0,0,0,0,0,0,0,0,0,0,0,0,0,0,0,0
23,0,11,11,0,0,0,0,0,0,0,0,0,0,0,0,0,0,0,0,48489,-59872,-64428,-47512,-11632,-94054,-9275,-43760,64487,31667,20756,-57626,4583,-51770,-5547,57697
24,0,12,12,-9715,-37490,6126,-53558,-60880,-26924,-8563,-17391,57700,-30286,-32420,-7374,39892,-61713,-53746,61585,0,0,0,0,0,0,0,0,0,0,0,0,0,0,0,0
25,0,12,12,0,0,0,0,0,0,0,0,0,0,0,0,0,0,0,0,-4365,3788,-4824,-6130,85136,-3206,-43332,-62002,-5761,-41579,-52460,81427,43871,-60182,13429,718
26,0,13,13,87598,15419,40889,-41240,4344,-26604,17276,-21195,149886,16762,-19946,-32567,-753,19365,23518,-15873,0,0,0,0,0,0,0,0,0,0,0,0,0,0,0,0
27,0,13,13,0,0,0,0,0,0,0,0,0,0,0,0,0,0,0,0,-12653,-81038,-47932,-37931,93656,-40562,22121,-38465,-11181,-39433,-6357,-28397,33591,-61396,-16366,63819
28,0,14,14,-28021,26128,21506,5581,-3458,10654,-45816,1531,33314,-35968,47539,-39568,-32398,15300,11356,-64226,0,0,0,0,0,0,0,0,0,0,0,0,0,0,0,0
29,0,14,14,0,0,0,0,0,0,0,0,0,0,0,0,0,0,0,0,46294,-36061,57455,17416,-10469,-37537,-41697,-9688,-102996,-48690,24378,68047,15500,33206,37312,-35574
30,0,15,15,70822,130629,-22388,-36271,-3313,-63512,26740,55082,25681,-5453,30800,2684,-42052,46161,-2994,7350,0,0,0,0,0,0,0,0,0,0,0,0,0,0,0,0
31,0,15,15,0,0,0,0,0,0,0,0,0,0,0,0,0,0,0,0,57070,2774,-32119,3142,26765,-35120,42760,-4767,12605,72094,19857,-5809,49947,28175,-33361,36816
32,0,16,16,-66478,-7264,57818,-13129,48435,-36267,-34688,-65724,-1720,-50103,-6375,81253,50268,28412,31910,18337,0,0,0,0,0,0,0,0,0,0,0,0,0,0,0,0
33,0,16,16,0,0,0,0,0,0,0,0,0,0,0,0,0,0,0,0,-50785,26423,-65644,29545,-42357,-8718,-4883,26659,26755,35695,-33661,12870,2475,18774,-1604,-51865
34,0,17,17,42328,-65916,-5507,-13134,32681,-84783,23945,-38292,59790,-117192,-146406,72639,25366,-8412,50475,-31290,0,0,0,0,0,0,0,0,0,0,0,0,0,0,0,0
35,0,17,17,0,0,0,0,0,0,0,0,0,0,0,0,0,0,0,0,7157,47877,-69382,13037,44333,22653,-34882,10384,-77322,42614,-19223,53760,90746,-7682,9470,-60368
36,0,18,18,279,21492,-46573,17389,-25113,-5978,-72188,-2634,29641,76258,34273,-118656,-46241,30797,-33929,-34691,0,0,0,0,0,0,0,0,0,0,0,0,0,0,0,0
37,0,18,18,0,0,0,0,0,0,0,0,0,0,0,0,0,0,0,0,24172,1072,19665,-86145,-40290,808,79076,-7826,34531,-17649,-5785,15798,-17938,29177,5352,-13256
38,0,19,19,33401,-25443,-56526,41199,-57432,13547,-39774,-2006,-16094,21377,35091,-42721,-10330,22552,-13178,-79309,0,0,0,0,0,0,0,0,0,0,0,0,0,0,0,0
39,0,19,19,0,0,0,0,0,0,0,0,0,0,0,0,0,0,0,0,11436,62207,33924,-29493,-125724,1659,-20851,-86712,33767,40809,-395,34796,17732,97399,14553,17893
40,0,20,20,34195,67874,-18728,24756,10466,8617,74153,15516,-37522,-9208,-54274,42323,98666,6938,1357,40517,0,0,0,0,0,0,0,0,0,0,0,0,0,0,0,0
41,0,20,20,0,0,0,0,0,0,0,0,0,0,0,0,0,0,0,0,-67716,43290,7342,-31952,-3597,28689,-19179,61871,-1403,-39244,18714,-35059,-36060,41624,-107760,53755
42,0,21,21,-25434,-42401,6883,-799,-5740,45067,110314,-60852,-47884,117649,-109210,-52925,20404,-55424,-81508,618,0,0,0,0,0,0,0,0,0,0,0,0,0,0,0,0
43,0,21,21,0,0,0,0,0,0,0,0,0,0,0,0,0,0,0,0,13907,21090,31127,15386,36161,67058,-15605,44113,79810,-3581,-26253,-1625,-68034,471,-37190,45893
44,0,22,22,21394,-37182,25655,93129,14261,-15377,74761,27308,-38950,75288,-73278,-14685,-10772,-24768,43835,42312,0,0,0,0,0,0,0,0,0,0,0,0,0,0,0,0
45,0,22,22,0,0,0,0,0,0,0,0,0,0,0,0,0,0,0,0,-18510,25841,21538,-42807,19376,-20809,-25293,31097,89750,56514,-19197,-21858,-51811,-31082,42141,24594
46,0,23,23,2026,1736,-19009,-69126,-55008,18247,-22712,-60842,-50812,-7262,-37937,14670,-5804,-11989,70174,70872,0,0,0,0,0,0,0,0,0,0,0,0,0,0,0,0
47,0,23,23,0,0,0,0,0,0,0,0,0,0,0,0,0,0,0,0,14521,2089,-57510,-47797,31827,-34654,-16893,130,37496,15159,-67641,52240,919,-10573,-64998,58560
48,0,24,24,67187,-10763,19777,20083,-15263,27000,16155,74219,-1291,66551,81251,8499,4913,23288,-6602,10709,0,0,0,0,0,0,0,0,0,0,0,0,0,0,0,0
49,0,24,24,0,0,0,0,0,0,0,0,0,0,0,0,0,0,0,0,12880,9650,-27305,8438,8091,5898,-8667,-4166,13044,41611,52030,-33443,-2300,-37592,-35485,32913
50,0,25,25,-77787,-34829,77451,30032,40740,51287,6929,-110580,38136,-58064,-22275,-5869,42528,54159,67662,4812,0,0,0,0,0,0,0,0,0,0,0,0,0,0,0,0
51,0,25,25,0,0,0,0,0,0,0,0,0,0,0,0,0,0,0,0,-73862,7387,-21212,36741,-24373,-31176,-48840,-35619,-86388,-83248,59495,-6934,35273,-52406,75669,19386
52,0,26,26,65119,-38526,-58451,58691,-35870,31926,-91028,47978,-64042,12835,21914,-42621,-11674,71360,-58437,-22242,0,0,0,0,0,0,0,0,0,0,0,0,0,0,0,0
53,0,26,26,0,0,0,0,0,0,0,0,0,0,0,0,0,0,0,0,-30472,30633,92236,-75001,-54213,-53569,-42872,6701,-51990,8927,-82307,43286,-44982,77003,-88376,32940
54,0,27,27,-10787,23818,-23131,-35835,11736,343,-14989,3233,65486,-6708,-44524,38504,73953,60628,21255,14752,0,0,0,0,0,0,0,0,0,0,0,0,0,0,0,0
55,0,27,27,0,0,0,0,0,0,0,0,0,0,0,0,0,0,0,0,3830,26830,18218,71160,-9104,-38427,4745,-82529,-38183,-21403,-36128,-44483,30189,540,-19365,-16391
56,0,28,28,-105212,-94467,-49660,52157,-24612,20312,-34455,-26514,-17473,37255,55285,-67163,-48076,25753,-20179,33603,0,0,0,0,0,0,0,0,0,0,0,0,0,0,0,0
57,0,28,28,0,0,0,0,0,0,0,0,0,0,0,0,0,0,0,0,-43136,16634,126930,-8451,-21146,12244,55745,18617,27926,15802,-109673,-15469,-28850,28958,-55587,43599
58,0,29,29,-62703,54481,100723,-21704,13555,30672,76514,-48575,-16894,-12094,-101958,82663,88027,-44631,4026,21342,0,0,0,0,0,0,0,0,0,0,0,0,0,0,0,0
59,0,29,29,0,0,0,0,0,0,0,0,0,0,0,0,0,0,0,0,19332,11699,31985,62125,-37394,60977,-49342,60306,-19479,-3638,16304,15152,20984,-4685,38924,-57220
60,0,30,30,-50525,-30775,41450,10606,-32810,-33939,-107115,-40385,50099,9179,52745,-24471,7147,10445,-55880,63869,0,0,0,0,0,0,0,0,0,0,0,0,0,0,0,0
61,0,30,30,0,0,0,0,0,0,0,0,0,0,0,0,0,0,0,0,-5312,35130,-30838,64117,-55191,1710,17367,-59678,-11134,-36691,40043,-26940,-52994,-39709,15579,-9213
62,0,31,31,16439,11475,30562,17147,35150,44021,-16759,1961,-17683,16542,-49898,-33632,28363,54381,53133,-9571,0,0,0,0,0,0,0,0,0,0,0,0,0,0,0,0
63,0,31,31,0,0,0,0,0,0,0,0,0,0,0,0,0,0,0,0,35328,40497,-14209,-28500,-26720,-23873,-118048,16938,29465,-22008,58979,-59830,-21349,5410,82028,20586
64,0,32,32,0,0,0,0,0,0,0,0,0,0,0,0,0,0,0,0,0,0,0,0,0,0,0,0,0,0,0,0,0,0,0,0
65,0,32,32,0,0,0,0,0,0,0,0,0,0,0,0,0,0,0,0,0,0,0,0,0,0,0,0,0,0,0,0,0,0,0,0
66,0,33,33,0,0,0,0,0,0,0,0,0,0,0,0,0,0,0,0,0,0,0,0,0,0,0,0,0,0,0,0,0,0,0,0
67,0,33,33,0,0,0,0,0,0,0,0,0,0,0,0,0,0,0,0,0,0,0,0,0,0,0,0,0,0,0,0,0,0,0,0
68,0,34,34,0,0,0,0,0,0,0,0,0,0,0,0,0,0,0,0,0,0,0,0,0,0,0,0,0,0,0,0,0,0,0,0
69,0,34,34,0,0,0,0,0,0,0,0,0,0,0,0,0,0,0,0,0,0,0,0,0,0,0,0,0,0,0,0,0,0,0,0
70,0,35,35,0,0,0,0,0,0,0,0,0,0,0,0,0,0,0,0,0,0,0,0,0,0,0,0,0,0,0,0,0,0,0,0
71,0,35,35,0,0,0,0,0,0,0,0,0,0,0,0,0,0,0,0,0,0,0,0,0,0,0,0,0,0,0,0,0,0,0,0
72,0,36,36,0,0,0,0,0,0,0,0,0,0,0,0,0,0,0,0,0,0,0,0,0,0,0,0,0,0,0,0,0,0,0,0
73,0,36,36,0,0,0,0,0,0,0,0,0,0,0,0,0,0,0,0,0,0,0,0,0,0,0,0,0,0,0,0,0,0,0,0
74,0,37,37,0,0,0,0,0,0,0,0,0,0,0,0,0,0,0,0,0,0,0,0,0,0,0,0,0,0,0,0,0,0,0,0
75,0,37,37,0,0,0,0,0,0,0,0,0,0,0,0,0,0,0,0,0,0,0,0,0,0,0,0,0,0,0,0,0,0,0,0
76,0,38,38,0,0,0,0,0,0,0,0,0,0,0,0,0,0,0,0,0,0,0,0,0,0,0,0,0,0,0,0,0,0,0,0
77,0,38,38,0,0,0,0,0,0,0,0,0,0,0,0,0,0,0,0,0,0,0,0,0,0,0,0,0,0,0,0,0,0,0,0
78,0,39,39,0,0,0,0,0,0,0,0,0,0,0,0,0,0,0,0,0,0,0,0,0,0,0,0,0,0,0,0,0,0,0,0
79,0,39,39,0,0,0,0,0,0,0,0,0,0,0,0,0,0,0,0,0,0,0,0,0,0,0,0,0,0,0,0,0,0,0,0
80,0,40,40,0,0,0,0,0,0,0,0,0,0,0,0,0,0,0,0,0,0,0,0,0,0,0,0,0,0,0,0,0,0,0,0
81,0,40,40,0,0,0,0,0,0,0,0,0,0,0,0,0,0,0,0,0,0,0,0,0,0,0,0,0,0,0,0,0,0,0,0
82,0,41,41,0,0,0,0,0,0,0,0,0,0,0,0,0,0,0,0,0,0,0,0,0,0,0,0,0,0,0,0,0,0,0,0
83,0,41,41,0,0,0,0,0,0,0,0,0,0,0,0,0,0,0,0,0,0,0,0,0,0,0,0,0,0,0,0,0,0,0,0
84,0,42,42,0,0,0,0,0,0,0,0,0,0,0,0,0,0,0,0,0,0,0,0,0,0,0,0,0,0,0,0,0,0,0,0
85,0,42,42,0,0,0,0,0,0,0,0,0,0,0,0,0,0,0,0,0,0,0,0,0,0,0,0,0,0,0,0,0,0,0,0
86,0,43,43,0,0,0,0,0,0,0,0,0,0,0,0,0,0,0,0,0,0,0,0,0,0,0,0,0,0,0,0,0,0,0,0
87,0,43,43,0,0,0,0,0,0,0,0,0,0,0,0,0,0,0,0,0,0,0,0,0,0,0,0,0,0,0,0,0,0,0,0
88,0,44,44,0,0,0,0,0,0,0,0,0,0,0,0,0,0,0,0,0,0,0,0,0,0,0,0,0,0,0,0,0,0,0,0
89,0,44,44,0,0,0,0,0,0,0,0,0,0,0,0,0,0,0,0,0,0,0,0,0,0,0,0,0,0,0,0,0,0,0,0
90,0,45,45,0,0,0,0,0,0,0,0,0,0,0,0,0,0,0,0,0,0,0,0,0,0,0,0,0,0,0,0,0,0,0,0
91,0,45,45,0,0,0,0,0,0,0,0,0,0,0,0,0,0,0,0,0,0,0,0,0,0,0,0,0,0,0,0,0,0,0,0
92,0,46,46,0,0,0,0,0,0,0,0,0,0,0,0,0,0,0,0,0,0,0,0,0,0,0,0,0,0,0,0,0,0,0,0
93,0,46,46,0,0,0,0,0,0,0,0,0,0,0,0,0,0,0,0,0,0,0,0,0,0,0,0,0,0,0,0,0,0,0,0
94,0,47,47,0,0,0,0,0,0,0,0,0,0,0,0,0,0,0,0,0,0,0,0,0,0,0,0,0,0,0,0,0,0,0,0
95,0,47,47,0,0,0,0,0,0,0,0,0,0,0,0,0,0,0,0,0,0,0,0,0,0,0,0,0,0,0,0,0,0,0,0
96,0,48,48,0,0,0,0,0,0,0,0,0,0,0,0,0,0,0,0,0,0,0,0,0,0,0,0,0,0,0,0,0,0,0,0
97,0,48,48,0,0,0,0,0,0,0,0,0,0,0,0,0,0,0,0,0,0,0,0,0,0,0,0,0,0,0,0,0,0,0,0
98,0,49,49,0,0,0,0,0,0,0,0,0,0,0,0,0,0,0,0,0,0,0,0,0,0,0,0,0,0,0,0,0,0,0,0
99,0,49,49,0,0,0,0,0,0,0,0,0,0,0,0,0,0,0,0,0,0,0,0,0,0,0,0,0,0,0,0,0,0,0,0
100,0,50,50,0,0,0,0,0,0,0,0,0,0,0,0,0,0,0,0,0,0,0,0,0,0,0,0,0,0,0,0,0,0,0,0
101,0,50,50,0,0,0,0,0,0,0,0,0,0,0,0,0,0,0,0,0,0,0,0,0,0,0,0,0,0,0,0,0,0,0,0
102,0,51,51,0,0,0,0,0,0,0,0,0,0,0,0,0,0,0,0,0,0,0,0,0,0,0,0,0,0,0,0,0,0,0,0
103,0,51,51,0,0,0,0,0,0,0,0,0,0,0,0,0,0,0,0,0,0,0,0,0,0,0,0,0,0,0,0,0,0,0,0
104,0,52,52,0,0,0,0,0,0,0,0,0,0,0,0,0,0,0,0,0,0,0,0,0,0,0,0,0,0,0,0,0,0,0,0
105,0,52,52,0,0,0,0,0,0,0,0,0,0,0,0,0,0,0,0,0,0,0,0,0,0,0,0,0,0,0,0,0,0,0,0
106,0,53,53,0,0,0,0,0,0,0,0,0,0,0,0,0,0,0,0,0,0,0,0,0,0,0,0,0,0,0,0,0,0,0,0
107,0,53,53,0,0,0,0,0,0,0,0,0,0,0,0,0,0,0,0,0,0,0,0,0,0,0,0,0,0,0,0,0,0,0,0
108,0,54,54,0,0,0,0,0,0,0,0,0,0,0,0,0,0,0,0,0,0,0,0,0,0,0,0,0,0,0,0,0,0,0,0
109,0,54,54,0,0,0,0,0,0,0,0,0,0,0,0,0,0,0,0,0,0,0,0,0,0,0,0,0,0,0,0,0,0,0,0
110,0,55,55,0,0,0,0,0,0,0,0,0,0,0,0,0,0,0,0,0,0,0,0,0,0,0,0,0,0,0,0,0,0,0,0
111,0,55,55,0,0,0,0,0,0,0,0,0,0,0,0,0,0,0,0,0,0,0,0,0,0,0,0,0,0,0,0,0,0,0,0
112,0,56,56,0,0,0,0,0,0,0,0,0,0,0,0,0,0,0,0,0,0,0,0,0,0,0,0,0,0,0,0,0,0,0,0
113,0,56,56,0,0,0,0,0,0,0,0,0,0,0,0,0,0,0,0,0,0,0,0,0,0,0,0,0,0,0,0,0,0,0,0
114,0,57,57,0,0,0,0,0,0,0,0,0,0,0,0,0,0,0,0,0,0,0,0,0,0,0,0,0,0,0,0,0,0,0,0
115,0,57,57,0,0,0,0,0,0,0,0,0,0,0,0,0,0,0,0,0,0,0,0,0,0,0,0,0,0,0,0,0,0,0,0
116,0,58,58,0,0,0,0,0,0,0,0,0,0,0,0,0,0,0,0,0,0,0,0,0,0,0,0,0,0,0,0,0,0,0,0
117,0,58,58,0,0,0,0,0,0,0,0,0,0,0,0,0,0,0,0,0,0,0,0,0,0,0,0,0,0,0,0,0,0,0,0
118,0,59,59,0,0,0,0,0,0,0,0,0,0,0,0,0,0,0,0,0,0,0,0,0,0,0,0,0,0,0,0,0,0,0,0
119,0,59,59,0,0,0,0,0,0,0,0,0,0,0,0,0,0,0,0,0,0,0,0,0,0,0,0,0,0,0,0,0,0,0,0
120,0,60,60,0,0,0,0,0,0,0,0,0,0,0,0,0,0,0,0,0,0,0,0,0,0,0,0,0,0,0,0,0,0,0,0
121,0,60,60,0,0,0,0,0,0,0,0,0,0,0,0,0,0,0,0,0,0,0,0,0,0,0,0,0,0,0,0,0,0,0,0
122,0,61,61,0,0,0,0,0,0,0,0,0,0,0,0,0,0,0,0,0,0,0,0,0,0,0,0,0,0,0,0,0,0,0,0
123,0,61,61,0,0,0,0,0,0,0,0,0,0,0,0,0,0,0,0,0,0,0,0,0,0,0,0,0,0,0,0,0,0,0,0
124,0,62,62,0,0,0,0,0,0,0,0,0,0,0,0,0,0,0,0,0,0,0,0,0,0,0,0,0,0,0,0,0,0,0,0
125,0,62,62,0,0,0,0,0,0,0,0,0,0,0,0,0,0,0,0,0,0,0,0,0,0,0,0,0,0,0,0,0,0,0,0
126,0,63,63,0,0,0,0,0,0,0,0,0,0,0,0,0,0,0,0,0,0,0,0,0,0,0,0,0,0,0,0,0,0,0,0
127,0,63,63,0,0,0,0,0,0,0,0,0,0,0,0,0,0,0,0,0,0,0,0,0,0,0,0,0,0,0,0,0,0,0,0
