idx,word_addr,lane,value
0,0,0,-17
1,0,1,-17
2,0,2,-17
3,0,3,-17
4,0,4,-17
5,0,5,-17
6,0,6,-17
7,0,7,-17
8,0,8,-17
9,0,9,-17
10,0,10,-17
11,0,11,-17
12,0,12,-17
13,0,13,-17
14,0,14,-17
15,0,15,-17
16,0,16,-17
17,0,17,-17
18,0,18,-17
19,0,19,-17
20,0,20,-17
21,0,21,-17
22,0,22,-17
23,0,23,-17
24,0,24,-17
25,0,25,-17
26,0,26,-17
27,0,27,-17
28,0,28,-17
29,0,29,-17
30,0,30,-17
31,0,31,-17
32,1,0,-101
33,1,1,81
34,1,2,-103
35,1,3,-125
36,1,4,14
37,1,5,-78
38,1,6,-76
39,1,7,1
40,1,8,87
41,1,9,-60
42,1,10,62
43,1,11,29
44,1,12,-123
45,1,13,37
46,1,14,-120
47,1,15,-16
48,1,16,-39
49,1,17,107
50,1,18,-33
51,1,19,-61
52,1,20,-69
53,1,21,61
54,1,22,33
55,1,23,-90
56,1,24,27
57,1,25,-78
58,1,26,-23
59,1,27,39
60,1,28,11
61,1,29,-65
62,1,30,34
63,1,31,-125
64,2,0,-99
65,2,1,-61
66,2,2,-116
67,2,3,124
68,2,4,79
69,2,5,48
70,2,6,-7
71,2,7,-89
72,2,8,-88
73,2,9,49
74,2,10,92
75,2,11,104
76,2,12,-100
77,2,13,-55
78,2,14,-6
79,2,15,-20
80,2,16,24
81,2,17,24
82,2,18,94
83,2,19,79
84,2,20,-47
85,2,21,-70
86,2,22,114
87,2,23,2
88,2,24,38
89,2,25,-40
90,2,26,-122
91,2,27,-114
92,2,28,-102
93,2,29,-90
94,2,30,-58
95,2,31,29
96,3,0,-122
97,3,1,-125
98,3,2,-71
99,3,3,-42
100,3,4,34
101,3,5,111
102,3,6,117
103,3,7,-2
104,3,8,-104
105,3,9,112
106,3,10,-56
107,3,11,-17
108,3,12,-62
109,3,13,-73
110,3,14,-28
111,3,15,-1
112,3,16,-50
113,3,17,-82
114,3,18,30
115,3,19,76
116,3,20,-12
117,3,21,67
118,3,22,-64
119,3,23,99
120,3,24,77
121,3,25,-93
122,3,26,69
123,3,27,22
124,3,28,40
125,3,29,70
126,3,30,-48
127,3,31,-5
128,4,0,-109
129,4,1,-105
130,4,2,-93
131,4,3,-120
132,4,4,69
133,4,5,111
134,4,6,-79
135,4,7,-68
136,4,8,117
137,4,9,30
138,4,10,27
139,4,11,-7
140,4,12,-101
141,4,13,-80
142,4,14,-13
143,4,15,47
144,4,16,118
145,4,17,76
146,4,18,-76
147,4,19,-6
148,4,20,109
149,4,21,-19
150,4,22,13
151,4,23,-79
152,4,24,65
153,4,25,126
154,4,26,78
155,4,27,-119
156,4,28,50
157,4,29,-71
158,4,30,103
159,4,31,-104
160,5,0,16
161,5,1,89
162,5,2,6
163,5,3,-115
164,5,4,-16
165,5,5,-53
166,5,6,118
167,5,7,111
168,5,8,-124
169,5,9,-29
170,5,10,-46
171,5,11,78
172,5,12,-86
173,5,13,99
174,5,14,-91
175,5,15,105
176,5,16,-58
177,5,17,-8
178,5,18,59
179,5,19,-12
180,5,20,109
181,5,21,72
182,5,22,-90
183,5,23,-4
184,5,24,-70
185,5,25,-19
186,5,26,-62
187,5,27,-48
188,5,28,-46
189,5,29,-104
190,5,30,79
191,5,31,118
192,6,0,-110
193,6,1,9
194,6,2,9
195,6,3,94
196,6,4,-111
197,6,5,-97
198,6,6,118
199,6,7,-36
200,6,8,-20
201,6,9,-111
202,6,10,-4
203,6,11,85
204,6,12,36
205,6,13,-59
206,6,14,9
207,6,15,-93
208,6,16,-51
209,6,17,-20
210,6,18,-86
211,6,19,-13
212,6,20,77
213,6,21,107
214,6,22,89
215,6,23,-56
216,6,24,-49
217,6,25,1
218,6,26,-102
219,6,27,90
220,6,28,-103
221,6,29,23
222,6,30,86
223,6,31,52
224,7,0,-107
225,7,1,86
226,7,2,-110
227,7,3,-20
228,7,4,-34
229,7,5,74
230,7,6,-75
231,7,7,97
232,7,8,-110
233,7,9,91
234,7,10,104
235,7,11,82
236,7,12,71
237,7,13,56
238,7,14,49
239,7,15,-1
240,7,16,-15
241,7,17,-65
242,7,18,112
243,7,19,101
244,7,20,68
245,7,21,80
246,7,22,58
247,7,23,9
248,7,24,-13
249,7,25,67
250,7,26,44
251,7,27,-6
252,7,28,96
253,7,29,42
254,7,30,-101
255,7,31,-113
256,8,0,-96
257,8,1,79
258,8,2,-83
259,8,3,42
260,8,4,-62
261,8,5,96
262,8,6,-96
263,8,7,86
264,8,8,-2
265,8,9,-117
266,8,10,67
267,8,11,34
268,8,12,-5
269,8,13,-44
270,8,14,79
271,8,15,25
272,8,16,-3
273,8,17,-66
274,8,18,22
275,8,19,-14
276,8,20,-81
277,8,21,-50
278,8,22,94
279,8,23,-115
280,8,24,75
281,8,25,39
282,8,26,-95
283,8,27,67
284,8,28,59
285,8,29,-29
286,8,30,-23
287,8,31,35
288,9,0,10
289,9,1,-72
290,9,2,-1
291,9,3,42
292,9,4,-107
293,9,5,94
294,9,6,114
295,9,7,50
296,9,8,-46
297,9,9,47
298,9,10,33
299,9,11,-104
300,9,12,123
301,9,13,-124
302,9,14,-4
303,9,15,-36
304,9,16,42
305,9,17,96
306,9,18,-4
307,9,19,20
308,9,20,45
309,9,21,105
310,9,22,-35
311,9,23,1
312,9,24,-83
313,9,25,122
314,9,26,-99
315,9,27,-70
316,9,28,-2
317,9,29,124
318,9,30,28
319,9,31,-118
320,10,0,-73
321,10,1,-117
322,10,2,122
323,10,3,24
324,10,4,-96
325,10,5,127
326,10,6,127
327,10,7,-122
328,10,8,87
329,10,9,-106
330,10,10,-111
331,10,11,-59
332,10,12,-33
333,10,13,-110
334,10,14,124
335,10,15,-85
336,10,16,100
337,10,17,-51
338,10,18,57
339,10,19,-104
340,10,20,9
341,10,21,-1
342,10,22,-41
343,10,23,-73
344,10,24,-25
345,10,25,-86
346,10,26,117
347,10,27,-64
348,10,28,-80
349,10,29,61
350,10,30,79
351,10,31,5
352,11,0,-4
353,11,1,88
354,11,2,-36
355,11,3,16
356,11,4,42
357,11,5,-80
358,11,6,-50
359,11,7,5
360,11,8,32
361,11,9,-93
362,11,10,-14
363,11,11,-38
364,11,12,-33
365,11,13,118
366,11,14,-108
367,11,15,-111
368,11,16,49
369,11,17,122
370,11,18,110
371,11,19,-85
372,11,20,0
373,11,21,37
374,11,22,-23
375,11,23,-90
376,11,24,-8
377,11,25,68
378,11,26,-76
379,11,27,-29
380,11,28,-86
381,11,29,-121
382,11,30,-10
383,11,31,22
384,12,0,-67
385,12,1,12
386,12,2,-4
387,12,3,107
388,12,4,-71
389,12,5,-53
390,12,6,22
391,12,7,57
392,12,8,-93
393,12,9,-70
394,12,10,-90
395,12,11,93
396,12,12,105
397,12,13,-80
398,12,14,41
399,12,15,127
400,12,16,-113
401,12,17,-110
402,12,18,-48
403,12,19,-125
404,12,20,-51
405,12,21,-6
406,12,22,-94
407,12,23,99
408,12,24,-83
409,12,25,-8
410,12,26,-108
411,12,27,0
412,12,28,56
413,12,29,-106
414,12,30,-89
415,12,31,-111
416,13,0,73
417,13,1,-60
418,13,2,124
419,13,3,-20
420,13,4,-52
421,13,5,45
422,13,6,82
423,13,7,-110
424,13,8,-113
425,13,9,-1
426,13,10,-5
427,13,11,13
428,13,12,-21
429,13,13,17
430,13,14,20
431,13,15,-39
432,13,16,-111
433,13,17,-112
434,13,18,121
435,13,19,-101
436,13,20,68
437,13,21,8
438,13,22,53
439,13,23,-52
440,13,24,72
441,13,25,-8
442,13,26,120
443,13,27,84
444,13,28,87
445,13,29,-5
446,13,30,113
447,13,31,-93
448,14,0,-54
449,14,1,-12
450,14,2,100
451,14,3,-59
452,14,4,-93
453,14,5,-23
454,14,6,103
455,14,7,-96
456,14,8,49
457,14,9,-72
458,14,10,-50
459,14,11,-73
460,14,12,30
461,14,13,-120
462,14,14,-58
463,14,15,-48
464,14,16,-4
465,14,17,-112
466,14,18,-70
467,14,19,47
468,14,20,118
469,14,21,102
470,14,22,62
471,14,23,119
472,14,24,-39
473,14,25,-98
474,14,26,-4
475,14,27,87
476,14,28,124
477,14,29,111
478,14,30,107
479,14,31,120
480,15,0,-99
481,15,1,85
482,15,2,-12
483,15,3,34
484,15,4,109
485,15,5,15
486,15,6,-39
487,15,7,-107
488,15,8,8
489,15,9,32
490,15,10,-37
491,15,11,84
492,15,12,110
493,15,13,10
494,15,14,57
495,15,15,-38
496,15,16,96
497,15,17,-51
498,15,18,-24
499,15,19,115
500,15,20,-96
501,15,21,-124
502,15,22,-3
503,15,23,63
504,15,24,-36
505,15,25,-126
506,15,26,14
507,15,27,-54
508,15,28,-97
509,15,29,18
510,15,30,8
511,15,31,43
512,16,0,-110
513,16,1,-6
514,16,2,58
515,16,3,-70
516,16,4,48
517,16,5,8
518,16,6,-74
519,16,7,-124
520,16,8,7
521,16,9,32
522,16,10,100
523,16,11,84
524,16,12,35
525,16,13,57
526,16,14,62
527,16,15,-103
528,16,16,47
529,16,17,-4
530,16,18,-79
531,16,19,-122
532,16,20,-74
533,16,21,-83
534,16,22,-115
535,16,23,71
536,16,24,-100
537,16,25,-11
538,16,26,-66
539,16,27,43
540,16,28,-119
541,16,29,99
542,16,30,52
543,16,31,49
544,17,0,21
545,17,1,12
546,17,2,94
547,17,3,-84
548,17,4,45
549,17,5,-1
550,17,6,91
551,17,7,-33
552,17,8,-24
553,17,9,-47
554,17,10,79
555,17,11,12
556,17,12,11
557,17,13,-79
558,17,14,127
559,17,15,-41
560,17,16,13
561,17,17,-106
562,17,18,-76
563,17,19,52
564,17,20,7
565,17,21,42
566,17,22,115
567,17,23,-121
568,17,24,-35
569,17,25,-2
570,17,26,58
571,17,27,-57
572,17,28,-43
573,17,29,-55
574,17,30,-12
575,17,31,-124
576,18,0,-66
577,18,1,-82
578,18,2,-81
579,18,3,-16
580,18,4,-101
581,18,5,119
582,18,6,-116
583,18,7,82
584,18,8,-47
585,18,9,100
586,18,10,106
587,18,11,55
588,18,12,31
589,18,13,-43
590,18,14,125
591,18,15,-71
592,18,16,-69
593,18,17,80
594,18,18,-12
595,18,19,-14
596,18,20,-105
597,18,21,-35
598,18,22,-76
599,18,23,54
600,18,24,-60
601,18,25,119
602,18,26,-37
603,18,27,22
604,18,28,-114
605,18,29,-91
606,18,30,44
607,18,31,-60
608,19,0,-82
609,19,1,59
610,19,2,-117
611,19,3,51
612,19,4,112
613,19,5,-84
614,19,6,-26
615,19,7,-17
616,19,8,51
617,19,9,17
618,19,10,117
619,19,11,-32
620,19,12,10
621,19,13,-67
622,19,14,-24
623,19,15,-74
624,19,16,-10
625,19,17,114
626,19,18,-66
627,19,19,-84
628,19,20,71
629,19,21,118
630,19,22,10
631,19,23,111
632,19,24,-99
633,19,25,-5
634,19,26,-69
635,19,27,-120
636,19,28,12
637,19,29,5
638,19,30,-100
639,19,31,-119
640,20,0,36
641,20,1,-61
642,20,2,-34
643,20,3,88
644,20,4,125
645,20,5,96
646,20,6,-60
647,20,7,82
648,20,8,93
649,20,9,2
650,20,10,-19
651,20,11,110
652,20,12,-114
653,20,13,73
654,20,14,-70
655,20,15,123
656,20,16,66
657,20,17,-43
658,20,18,-99
659,20,19,-92
660,20,20,56
661,20,21,-121
662,20,22,-31
663,20,23,79
664,20,24,98
665,20,25,47
666,20,26,-59
667,20,27,-46
668,20,28,-104
669,20,29,-82
670,20,30,-33
671,20,31,-102
672,21,0,10
673,21,1,-126
674,21,2,112
675,21,3,-1
676,21,4,-113
677,21,5,-49
678,21,6,-72
679,21,7,-36
680,21,8,-27
681,21,9,-4
682,21,10,-9
683,21,11,-96
684,21,12,10
685,21,13,74
686,21,14,-37
687,21,15,36
688,21,16,-104
689,21,17,-114
690,21,18,70
691,21,19,104
692,21,20,-124
693,21,21,109
694,21,22,-49
695,21,23,-103
696,21,24,-126
697,21,25,-67
698,21,26,41
699,21,27,-25
700,21,28,9
701,21,29,100
702,21,30,-28
703,21,31,-65
704,22,0,14
705,22,1,-49
706,22,2,53
707,22,3,-60
708,22,4,-117
709,22,5,46
710,22,6,-74
711,22,7,-46
712,22,8,-34
713,22,9,71
714,22,10,93
715,22,11,100
716,22,12,-16
717,22,13,-126
718,22,14,88
719,22,15,-55
720,22,16,-68
721,22,17,-67
722,22,18,69
723,22,19,-37
724,22,20,-72
725,22,21,-6
726,22,22,-23
727,22,23,-84
728,22,24,-31
729,22,25,37
730,22,26,2
731,22,27,-8
732,22,28,-45
733,22,29,18
734,22,30,121
735,22,31,29
736,23,0,49
737,23,1,-99
738,23,2,116
739,23,3,-90
740,23,4,-24
741,23,5,114
742,23,6,19
743,23,7,3
744,23,8,-48
745,23,9,120
746,23,10,124
747,23,11,-118
748,23,12,-75
749,23,13,-127
750,23,14,29
751,23,15,23
752,23,16,35
753,23,17,68
754,23,18,68
755,23,19,48
756,23,20,77
757,23,21,-115
758,23,22,-51
759,23,23,-88
760,23,24,53
761,23,25,30
762,23,26,-4
763,23,27,-61
764,23,28,-2
765,23,29,-85
766,23,30,-34
767,23,31,-125
768,24,0,64
769,24,1,-11
770,24,2,-24
771,24,3,81
772,24,4,-53
773,24,5,-107
774,24,6,98
775,24,7,107
776,24,8,22
777,24,9,-106
778,24,10,-33
779,24,11,9
780,24,12,69
781,24,13,-122
782,24,14,60
783,24,15,23
784,24,16,109
785,24,17,-100
786,24,18,33
787,24,19,68
788,24,20,-67
789,24,21,-66
790,24,22,-84
791,24,23,127
792,24,24,-1
793,24,25,105
794,24,26,-2
795,24,27,103
796,24,28,-2
797,24,29,-14
798,24,30,90
799,24,31,70
800,25,0,75
801,25,1,-49
802,25,2,20
803,25,3,61
804,25,4,-56
805,25,5,7
806,25,6,-53
807,25,7,120
808,25,8,28
809,25,9,-115
810,25,10,112
811,25,11,39
812,25,12,-106
813,25,13,-115
814,25,14,-35
815,25,15,-72
816,25,16,-34
817,25,17,19
818,25,18,16
819,25,19,52
820,25,20,98
821,25,21,-82
822,25,22,115
823,25,23,-81
824,25,24,-112
825,25,25,-106
826,25,26,-84
827,25,27,-56
828,25,28,-115
829,25,29,48
830,25,30,-113
831,25,31,54
832,26,0,120
833,26,1,20
834,26,2,-59
835,26,3,-112
836,26,4,1
837,26,5,-40
838,26,6,82
839,26,7,-4
840,26,8,-22
841,26,9,88
842,26,10,-96
843,26,11,18
844,26,12,-79
845,26,13,112
846,26,14,4
847,26,15,89
848,26,16,-19
849,26,17,-127
850,26,18,112
851,26,19,39
852,26,20,78
853,26,21,-50
854,26,22,49
855,26,23,-4
856,26,24,49
857,26,25,-90
858,26,26,41
859,26,27,24
860,26,28,69
861,26,29,-54
862,26,30,-40
863,26,31,-65
864,27,0,-94
865,27,1,86
866,27,2,66
867,27,3,-58
868,27,4,22
869,27,5,26
870,27,6,7
871,27,7,-27
872,27,8,92
873,27,9,110
874,27,10,-90
875,27,11,-21
876,27,12,-5
877,27,13,-8
878,27,14,115
879,27,15,38
880,27,16,29
881,27,17,-49
882,27,18,-93
883,27,19,71
884,27,20,-42
885,27,21,-65
886,27,22,-95
887,27,23,85
888,27,24,-36
889,27,25,47
890,27,26,49
891,27,27,-96
892,27,28,110
893,27,29,-102
894,27,30,90
895,27,31,-27
896,28,0,-100
897,28,1,90
898,28,2,-111
899,28,3,-47
900,28,4,60
901,28,5,-76
902,28,6,-58
903,28,7,105
904,28,8,-30
905,28,9,-122
906,28,10,-99
907,28,11,-88
908,28,12,73
909,28,13,58
910,28,14,-1
911,28,15,-75
912,28,16,-14
913,28,17,71
914,28,18,-70
915,28,19,57
916,28,20,102
917,28,21,84
918,28,22,-78
919,28,23,13
920,28,24,100
921,28,25,6
922,28,26,17
923,28,27,97
924,28,28,-50
925,28,29,62
926,28,30,57
927,28,31,61
928,29,0,105
929,29,1,96
930,29,2,115
931,29,3,-10
932,29,4,15
933,29,5,125
934,29,6,-42
935,29,7,100
936,29,8,-2
937,29,9,-91
938,29,10,85
939,29,11,96
940,29,12,-14
941,29,13,48
942,29,14,-60
943,29,15,-47
944,29,16,25
945,29,17,97
946,29,18,13
947,29,19,74
948,29,20,-47
949,29,21,-29
950,29,22,-32
951,29,23,-71
952,29,24,-39
953,29,25,-71
954,29,26,-32
955,29,27,4
956,29,28,-78
957,29,29,-123
958,29,30,-6
959,29,31,119
960,30,0,105
961,30,1,-87
962,30,2,60
963,30,3,33
964,30,4,88
965,30,5,70
966,30,6,70
967,30,7,119
968,30,8,18
969,30,9,15
970,30,10,52
971,30,11,4
972,30,12,104
973,30,13,122
974,30,14,119
975,30,15,116
976,30,16,15
977,30,17,-62
978,30,18,-17
979,30,19,8
980,30,20,-108
981,30,21,113
982,30,22,-22
983,30,23,102
984,30,24,-86
985,30,25,-60
986,30,26,-66
987,30,27,-24
988,30,28,-75
989,30,29,81
990,30,30,79
991,30,31,-118
992,31,0,40
993,31,1,60
994,31,2,-111
995,31,3,42
996,31,4,-90
997,31,5,38
998,31,6,73
999,31,7,-70
1000,31,8,25
1001,31,9,7
1002,31,10,67
1003,31,11,15
1004,31,12,-84
1005,31,13,117
1006,31,14,62
1007,31,15,123
1008,31,16,-100
1009,31,17,-69
1010,31,18,65
1011,31,19,-44
1012,31,20,44
1013,31,21,12
1014,31,22,95
1015,31,23,86
1016,31,24,6
1017,31,25,-99
1018,31,26,101
1019,31,27,55
1020,31,28,-122
1021,31,29,72
1022,31,30,-121
1023,31,31,-17
1024,32,0,67
1025,32,1,67
1026,32,2,127
1027,32,3,-111
1028,32,4,-32
1029,32,5,78
1030,32,6,-67
1031,32,7,17
1032,32,8,-5
1033,32,9,72
1034,32,10,69
1035,32,11,113
1036,32,12,115
1037,32,13,76
1038,32,14,46
1039,32,15,24
1040,32,16,22
1041,32,17,80
1042,32,18,19
1043,32,19,-93
1044,32,20,-58
1045,32,21,-127
1046,32,22,86
1047,32,23,-4
1048,32,24,-96
1049,32,25,-74
1050,32,26,17
1051,32,27,34
1052,32,28,0
1053,32,29,-66
1054,32,30,51
1055,32,31,-111
1056,33,0,94
1057,33,1,-24
1058,33,2,-33
1059,33,3,36
1060,33,4,86
1061,33,5,18
1062,33,6,64
1063,33,7,-68
1064,33,8,-39
1065,33,9,73
1066,33,10,-82
1067,33,11,-70
1068,33,12,-14
1069,33,13,-48
1070,33,14,-104
1071,33,15,37
1072,33,16,55
1073,33,17,7
1074,33,18,93
1075,33,19,100
1076,33,20,25
1077,33,21,82
1078,33,22,48
1079,33,23,111
1080,33,24,-8
1081,33,25,-87
1082,33,26,87
1083,33,27,25
1084,33,28,23
1085,33,29,-68
1086,33,30,-58
1087,33,31,42
1088,34,0,102
1089,34,1,4
1090,34,2,-39
1091,34,3,72
1092,34,4,74
1093,34,5,-37
1094,34,6,-67
1095,34,7,-113
1096,34,8,-60
1097,34,9,-71
1098,34,10,-76
1099,34,11,4
1100,34,12,90
1101,34,13,37
1102,34,14,-71
1103,34,15,123
1104,34,16,-119
1105,34,17,107
1106,34,18,-9
1107,34,19,42
1108,34,20,30
1109,34,21,-64
1110,34,22,-80
1111,34,23,-14
1112,34,24,104
1113,34,25,-97
1114,34,26,87
1115,34,27,-50
1116,34,28,-70
1117,34,29,-119
1118,34,30,7
1119,34,31,-116
1120,35,0,8
1121,35,1,105
1122,35,2,-12
1123,35,3,22
1124,35,4,83
1125,35,5,26
1126,35,6,-52
1127,35,7,74
1128,35,8,-7
1129,35,9,-53
1130,35,10,0
1131,35,11,34
1132,35,12,-18
1133,35,13,52
1134,35,14,-78
1135,35,15,96
1136,35,16,31
1137,35,17,54
1138,35,18,2
1139,35,19,19
1140,35,20,-65
1141,35,21,8
1142,35,22,127
1143,35,23,-79
1144,35,24,75
1145,35,25,62
1146,35,26,-93
1147,35,27,-100
1148,35,28,-80
1149,35,29,109
1150,35,30,-126
1151,35,31,105
1152,36,0,88
1153,36,1,-6
1154,36,2,-74
1155,36,3,1
1156,36,4,61
1157,36,5,-58
1158,36,6,-76
1159,36,7,125
1160,36,8,-62
1161,36,9,-2
1162,36,10,-113
1163,36,11,13
1164,36,12,-36
1165,36,13,-34
1166,36,14,46
1167,36,15,-61
1168,36,16,-40
1169,36,17,-81
1170,36,18,54
1171,36,19,27
1172,36,20,-21
1173,36,21,-123
1174,36,22,120
1175,36,23,-16
1176,36,24,-101
1177,36,25,53
1178,36,26,-3
1179,36,27,-72
1180,36,28,116
1181,36,29,-3
1182,36,30,14
1183,36,31,45
1184,37,0,27
1185,37,1,34
1186,37,2,-125
1187,37,3,61
1188,37,4,-3
1189,37,5,23
1190,37,6,50
1191,37,7,42
1192,37,8,-36
1193,37,9,-23
1194,37,10,-1
1195,37,11,-4
1196,37,12,66
1197,37,13,0
1198,37,14,-121
1199,37,15,-61
1200,37,16,126
1201,37,17,119
1202,37,18,17
1203,37,19,36
1204,37,20,-35
1205,37,21,-55
1206,37,22,49
1207,37,23,-55
1208,37,24,-38
1209,37,25,24
1210,37,26,-36
1211,37,27,-121
1212,37,28,86
1213,37,29,-94
1214,37,30,46
1215,37,31,-16
1216,38,0,125
1217,38,1,-21
1218,38,2,94
1219,38,3,-14
1220,38,4,-124
1221,38,5,-77
1222,38,6,37
1223,38,7,127
1224,38,8,-54
1225,38,9,-39
1226,38,10,62
1227,38,11,-22
1228,38,12,-97
1229,38,13,54
1230,38,14,-81
1231,38,15,-37
1232,38,16,109
1233,38,17,-60
1234,38,18,90
1235,38,19,102
1236,38,20,27
1237,38,21,-119
1238,38,22,77
1239,38,23,17
1240,38,24,-89
1241,38,25,-36
1242,38,26,-74
1243,38,27,11
1244,38,28,34
1245,38,29,-13
1246,38,30,90
1247,38,31,-96
1248,39,0,98
1249,39,1,-62
1250,39,2,-26
1251,39,3,-62
1252,39,4,34
1253,39,5,-40
1254,39,6,101
1255,39,7,-30
1256,39,8,50
1257,39,9,50
1258,39,10,-4
1259,39,11,79
1260,39,12,-60
1261,39,13,-32
1262,39,14,-43
1263,39,15,42
1264,39,16,123
1265,39,17,91
1266,39,18,13
1267,39,19,-95
1268,39,20,43
1269,39,21,16
1270,39,22,1
1271,39,23,101
1272,39,24,45
1273,39,25,-72
1274,39,26,-57
1275,39,27,84
1276,39,28,-39
1277,39,29,99
1278,39,30,43
1279,39,31,-35
1280,40,0,-112
1281,40,1,120
1282,40,2,-3
1283,40,3,109
1284,40,4,21
1285,40,5,-33
1286,40,6,-5
1287,40,7,76
1288,40,8,64
1289,40,9,113
1290,40,10,-41
1291,40,11,118
1292,40,12,-91
1293,40,13,-24
1294,40,14,3
1295,40,15,88
1296,40,16,44
1297,40,17,-67
1298,40,18,69
1299,40,19,-20
1300,40,20,-69
1301,40,21,120
1302,40,22,-124
1303,40,23,112
1304,40,24,70
1305,40,25,-68
1306,40,26,-82
1307,40,27,-119
1308,40,28,35
1309,40,29,-109
1310,40,30,53
1311,40,31,-113
1312,41,0,-35
1313,41,1,-43
1314,41,2,113
1315,41,3,15
1316,41,4,-68
1317,41,5,-117
1318,41,6,52
1319,41,7,31
1320,41,8,-52
1321,41,9,-61
1322,41,10,95
1323,41,11,-40
1324,41,12,11
1325,41,13,-18
1326,41,14,28
1327,41,15,110
1328,41,16,43
1329,41,17,-56
1330,41,18,-7
1331,41,19,57
1332,41,20,-120
1333,41,21,57
1334,41,22,-127
1335,41,23,-105
1336,41,24,32
1337,41,25,-98
1338,41,26,-83
1339,41,27,76
1340,41,28,-6
1341,41,29,-54
1342,41,30,108
1343,41,31,56
1344,42,0,105
1345,42,1,60
1346,42,2,-70
1347,42,3,0
1348,42,4,-44
1349,42,5,-58
1350,42,6,125
1351,42,7,108
1352,42,8,-78
1353,42,9,-15
1354,42,10,101
1355,42,11,99
1356,42,12,-106
1357,42,13,-27
1358,42,14,37
1359,42,15,12
1360,42,16,7
1361,42,17,37
1362,42,18,-121
1363,42,19,37
1364,42,20,23
1365,42,21,-108
1366,42,22,-78
1367,42,23,106
1368,42,24,-104
1369,42,25,36
1370,42,26,-2
1371,42,27,105
1372,42,28,-74
1373,42,29,13
1374,42,30,-59
1375,42,31,-12
1376,43,0,-111
1377,43,1,44
1378,43,2,-7
1379,43,3,-47
1380,43,4,-59
1381,43,5,-44
1382,43,6,30
1383,43,7,-79
1384,43,8,-26
1385,43,9,-117
1386,43,10,-75
1387,43,11,-67
1388,43,12,95
1389,43,13,56
1390,43,14,94
1391,43,15,-8
1392,43,16,24
1393,43,17,-62
1394,43,18,-46
1395,43,19,22
1396,43,20,-9
1397,43,21,69
1398,43,22,-98
1399,43,23,-68
1400,43,24,-18
1401,43,25,58
1402,43,26,-58
1403,43,27,26
1404,43,28,-51
1405,43,29,112
1406,43,30,-41
1407,43,31,83
1408,44,0,-124
1409,44,1,-101
1410,44,2,41
1411,44,3,112
1412,44,4,43
1413,44,5,46
1414,44,6,103
1415,44,7,120
1416,44,8,107
1417,44,9,17
1418,44,10,-7
1419,44,11,-24
1420,44,12,92
1421,44,13,-108
1422,44,14,-71
1423,44,15,-39
1424,44,16,61
1425,44,17,-68
1426,44,18,123
1427,44,19,92
1428,44,20,15
1429,44,21,10
1430,44,22,-13
1431,44,23,55
1432,44,24,-97
1433,44,25,-73
1434,44,26,119
1435,44,27,-56
1436,44,28,79
1437,44,29,-53
1438,44,30,120
1439,44,31,10
1440,45,0,116
1441,45,1,94
1442,45,2,-32
1443,45,3,13
1444,45,4,89
1445,45,5,-74
1446,45,6,90
1447,45,7,-1
1448,45,8,103
1449,45,9,84
1450,45,10,83
1451,45,11,86
1452,45,12,23
1453,45,13,25
1454,45,14,10
1455,45,15,-127
1456,45,16,-39
1457,45,17,-63
1458,45,18,13
1459,45,19,72
1460,45,20,43
1461,45,21,-66
1462,45,22,-91
1463,45,23,-118
1464,45,24,54
1465,45,25,97
1466,45,26,126
1467,45,27,71
1468,45,28,-44
1469,45,29,-40
1470,45,30,-103
1471,45,31,-2
1472,46,0,3
1473,46,1,27
1474,46,2,18
1475,46,3,-112
1476,46,4,-80
1477,46,5,45
1478,46,6,9
1479,46,7,92
1480,46,8,-62
1481,46,9,113
1482,46,10,-122
1483,46,11,-91
1484,46,12,-71
1485,46,13,74
1486,46,14,-42
1487,46,15,-52
1488,46,16,-50
1489,46,17,-4
1490,46,18,19
1491,46,19,70
1492,46,20,-34
1493,46,21,104
1494,46,22,110
1495,46,23,-46
1496,46,24,82
1497,46,25,-34
1498,46,26,-54
1499,46,27,-102
1500,46,28,-97
1501,46,29,109
1502,46,30,6
1503,46,31,81
1504,47,0,108
1505,47,1,-50
1506,47,2,1
1507,47,3,84
1508,47,4,-41
1509,47,5,-70
1510,47,6,74
1511,47,7,-67
1512,47,8,-95
1513,47,9,7
1514,47,10,-42
1515,47,11,-64
1516,47,12,52
1517,47,13,-104
1518,47,14,116
1519,47,15,26
1520,47,16,72
1521,47,17,113
1522,47,18,-86
1523,47,19,49
1524,47,20,127
1525,47,21,-6
1526,47,22,72
1527,47,23,-77
1528,47,24,65
1529,47,25,124
1530,47,26,120
1531,47,27,19
1532,47,28,3
1533,47,29,88
1534,47,30,12
1535,47,31,1
1536,48,0,-60
1537,48,1,-92
1538,48,2,61
1539,48,3,30
1540,48,4,-89
1541,48,5,-34
1542,48,6,60
1543,48,7,94
1544,48,8,-15
1545,48,9,-15
1546,48,10,87
1547,48,11,70
1548,48,12,109
1549,48,13,23
1550,48,14,123
1551,48,15,-34
1552,48,16,-78
1553,48,17,-83
1554,48,18,17
1555,48,19,-116
1556,48,20,-5
1557,48,21,-74
1558,48,22,-91
1559,48,23,25
1560,48,24,124
1561,48,25,32
1562,48,26,-125
1563,48,27,-102
1564,48,28,-19
1565,48,29,-40
1566,48,30,108
1567,48,31,-47
1568,49,0,108
1569,49,1,-27
1570,49,2,-21
1571,49,3,-26
1572,49,4,-8
1573,49,5,-24
1574,49,6,90
1575,49,7,-10
1576,49,8,-47
1577,49,9,35
1578,49,10,-121
1579,49,11,-120
1580,49,12,12
1581,49,13,87
1582,49,14,28
1583,49,15,-55
1584,49,16,12
1585,49,17,-86
1586,49,18,-72
1587,49,19,55
1588,49,20,-27
1589,49,21,97
1590,49,22,26
1591,49,23,-96
1592,49,24,28
1593,49,25,-127
1594,49,26,115
1595,49,27,-55
1596,49,28,111
1597,49,29,-105
1598,49,30,-99
1599,49,31,37
1600,50,0,-15
1601,50,1,-45
1602,50,2,25
1603,50,3,-61
1604,50,4,25
1605,50,5,70
1606,50,6,-102
1607,50,7,-22
1608,50,8,7
1609,50,9,114
1610,50,10,76
1611,50,11,-20
1612,50,12,39
1613,50,13,-46
1614,50,14,-76
1615,50,15,102
1616,50,16,39
1617,50,17,-81
1618,50,18,22
1619,50,19,92
1620,50,20,-97
1621,50,21,-103
1622,50,22,1
1623,50,23,-122
1624,50,24,-39
1625,50,25,40
1626,50,26,-113
1627,50,27,-109
1628,50,28,-115
1629,50,29,-34
1630,50,30,-42
1631,50,31,-115
1632,51,0,103
1633,51,1,104
1634,51,2,-51
1635,51,3,-27
1636,51,4,67
1637,51,5,-81
1638,51,6,-56
1639,51,7,-59
1640,51,8,-69
1641,51,9,21
1642,51,10,-65
1643,51,11,-80
1644,51,12,66
1645,51,13,-106
1646,51,14,-47
1647,51,15,-33
1648,51,16,54
1649,51,17,-26
1650,51,18,112
1651,51,19,-124
1652,51,20,43
1653,51,21,18
1654,51,22,93
1655,51,23,-106
1656,51,24,10
1657,51,25,81
1658,51,26,3
1659,51,27,-111
1660,51,28,115
1661,51,29,-89
1662,51,30,20
1663,51,31,0
1664,52,0,-95
1665,52,1,91
1666,52,2,-103
1667,52,3,-29
1668,52,4,-18
1669,52,5,-58
1670,52,6,-26
1671,52,7,95
1672,52,8,-85
1673,52,9,55
1674,52,10,-1
1675,52,11,-81
1676,52,12,-47
1677,52,13,109
1678,52,14,67
1679,52,15,-54
1680,52,16,-70
1681,52,17,63
1682,52,18,30
1683,52,19,66
1684,52,20,-58
1685,52,21,0
1686,52,22,104
1687,52,23,104
1688,52,24,52
1689,52,25,33
1690,52,26,104
1691,52,27,-52
1692,52,28,120
1693,52,29,-42
1694,52,30,46
1695,52,31,32
1696,53,0,-113
1697,53,1,104
1698,53,2,60
1699,53,3,54
1700,53,4,-30
1701,53,5,82
1702,53,6,55
1703,53,7,-115
1704,53,8,-42
1705,53,9,73
1706,53,10,-31
1707,53,11,-52
1708,53,12,-57
1709,53,13,-108
1710,53,14,80
1711,53,15,-62
1712,53,16,115
1713,53,17,5
1714,53,18,-104
1715,53,19,-35
1716,53,20,36
1717,53,21,-73
1718,53,22,76
1719,53,23,65
1720,53,24,-13
1721,53,25,113
1722,53,26,54
1723,53,27,75
1724,53,28,87
1725,53,29,62
1726,53,30,91
1727,53,31,68
1728,54,0,1
1729,54,1,-59
1730,54,2,-85
1731,54,3,88
1732,54,4,-95
1733,54,5,-62
1734,54,6,26
1735,54,7,6
1736,54,8,-46
1737,54,9,-117
1738,54,10,-7
1739,54,11,-115
1740,54,12,-111
1741,54,13,99
1742,54,14,94
1743,54,15,-18
1744,54,16,-23
1745,54,17,115
1746,54,18,-19
1747,54,19,113
1748,54,20,-87
1749,54,21,-91
1750,54,22,40
1751,54,23,81
1752,54,24,-66
1753,54,25,88
1754,54,26,2
1755,54,27,51
1756,54,28,28
1757,54,29,42
1758,54,30,-50
1759,54,31,124
1760,55,0,-2
1761,55,1,58
1762,55,2,-119
1763,55,3,12
1764,55,4,70
1765,55,5,-78
1766,55,6,100
1767,55,7,-105
1768,55,8,56
1769,55,9,-78
1770,55,10,-72
1771,55,11,-53
1772,55,12,-33
1773,55,13,31
1774,55,14,6
1775,55,15,105
1776,55,16,27
1777,55,17,57
1778,55,18,24
1779,55,19,116
1780,55,20,51
1781,55,21,-121
1782,55,22,-118
1783,55,23,-88
1784,55,24,19
1785,55,25,-104
1786,55,26,90
1787,55,27,97
1788,55,28,5
1789,55,29,-12
1790,55,30,71
1791,55,31,-77
1792,56,0,-107
1793,56,1,50
1794,56,2,79
1795,56,3,5
1796,56,4,-45
1797,56,5,38
1798,56,6,127
1799,56,7,102
1800,56,8,-53
1801,56,9,89
1802,56,10,42
1803,56,11,-63
1804,56,12,-82
1805,56,13,39
1806,56,14,16
1807,56,15,-49
1808,56,16,5
1809,56,17,-54
1810,56,18,27
1811,56,19,31
1812,56,20,-116
1813,56,21,-45
1814,56,22,-5
1815,56,23,-92
1816,56,24,-37
1817,56,25,7
1818,56,26,-126
1819,56,27,-45
1820,56,28,87
1821,56,29,9
1822,56,30,92
1823,56,31,-101
1824,57,0,107
1825,57,1,-112
1826,57,2,-16
1827,57,3,115
1828,57,4,118
1829,57,5,-78
1830,57,6,-6
1831,57,7,5
1832,57,8,45
1833,57,9,29
1834,57,10,-2
1835,57,11,-44
1836,57,12,-123
1837,57,13,68
1838,57,14,112
1839,57,15,124
1840,57,16,-8
1841,57,17,46
1842,57,18,109
1843,57,19,-22
1844,57,20,44
1845,57,21,-34
1846,57,22,-90
1847,57,23,14
1848,57,24,2
1849,57,25,-84
1850,57,26,89
1851,57,27,24
1852,57,28,-22
1853,57,29,-113
1854,57,30,62
1855,57,31,19
1856,58,0,124
1857,58,1,-2
1858,58,2,-101
1859,58,3,-55
1860,58,4,-12
1861,58,5,68
1862,58,6,24
1863,58,7,44
1864,58,8,62
1865,58,9,-47
1866,58,10,-17
1867,58,11,36
1868,58,12,-68
1869,58,13,-62
1870,58,14,-74
1871,58,15,-17
1872,58,16,-86
1873,58,17,-126
1874,58,18,57
1875,58,19,64
1876,58,20,6
1877,58,21,32
1878,58,22,15
1879,58,23,74
1880,58,24,-37
1881,58,25,-72
1882,58,26,124
1883,58,27,-44
1884,58,28,101
1885,58,29,-113
1886,58,30,-19
1887,58,31,46
1888,59,0,-35
1889,59,1,88
1890,59,2,22
1891,59,3,-86
1892,59,4,67
1893,59,5,14
1894,59,6,-10
1895,59,7,-94
1896,59,8,-11
1897,59,9,-96
1898,59,10,37
1899,59,11,-67
1900,59,12,-14
1901,59,13,-125
1902,59,14,64
1903,59,15,-14
1904,59,16,-27
1905,59,17,-83
1906,59,18,-11
1907,59,19,100
1908,59,20,-100
1909,59,21,-16
1910,59,22,37
1911,59,23,-78
1912,59,24,20
1913,59,25,-121
1914,59,26,116
1915,59,27,-85
1916,59,28,52
1917,59,29,-6
1918,59,30,18
1919,59,31,-100
1920,60,0,-103
1921,60,1,41
1922,60,2,-42
1923,60,3,14
1924,60,4,-113
1925,60,5,45
1926,60,6,-56
1927,60,7,-32
1928,60,8,-29
1929,60,9,36
1930,60,10,-67
1931,60,11,-107
1932,60,12,-35
1933,60,13,-84
1934,60,14,119
1935,60,15,84
1936,60,16,80
1937,60,17,117
1938,60,18,-107
1939,60,19,-111
1940,60,20,36
1941,60,21,-66
1942,60,22,115
1943,60,23,-77
1944,60,24,76
1945,60,25,-61
1946,60,26,-92
1947,60,27,-127
1948,60,28,-91
1949,60,29,-15
1950,60,30,20
1951,60,31,34
1952,61,0,123
1953,61,1,53
1954,61,2,65
1955,61,3,-75
1956,61,4,112
1957,61,5,39
1958,61,6,19
1959,61,7,74
1960,61,8,-110
1961,61,9,-97
1962,61,10,-86
1963,61,11,90
1964,61,12,-41
1965,61,13,125
1966,61,14,-17
1967,61,15,-55
1968,61,16,-51
1969,61,17,-118
1970,61,18,-13
1971,61,19,-114
1972,61,20,-15
1973,61,21,72
1974,61,22,82
1975,61,23,-107
1976,61,24,33
1977,61,25,-73
1978,61,26,37
1979,61,27,-108
1980,61,28,-58
1981,61,29,28
1982,61,30,-67
1983,61,31,64
1984,62,0,-29
1985,62,1,-93
1986,62,2,-126
1987,62,3,122
1988,62,4,-52
1989,62,5,12
1990,62,6,-33
1991,62,7,40
1992,62,8,-11
1993,62,9,88
1994,62,10,-68
1995,62,11,-21
1996,62,12,15
1997,62,13,3
1998,62,14,101
1999,62,15,-8
2000,62,16,-32
2001,62,17,120
2002,62,18,-101
2003,62,19,-61
2004,62,20,-104
2005,62,21,-58
2006,62,22,19
2007,62,23,-16
2008,62,24,-67
2009,62,25,-17
2010,62,26,-90
2011,62,27,27
2012,62,28,21
2013,62,29,-12
2014,62,30,-113
2015,62,31,-50
2016,63,0,-17
2017,63,1,-17
2018,63,2,-17
2019,63,3,-17
2020,63,4,-17
2021,63,5,-17
2022,63,6,-17
2023,63,7,-17
2024,63,8,-17
2025,63,9,-17
2026,63,10,-17
2027,63,11,-17
2028,63,12,-17
2029,63,13,-17
2030,63,14,-17
2031,63,15,-17
2032,63,16,-17
2033,63,17,-17
2034,63,18,-17
2035,63,19,-17
2036,63,20,-17
2037,63,21,-17
2038,63,22,-17
2039,63,23,-17
2040,63,24,-17
2041,63,25,-17
2042,63,26,-17
2043,63,27,-17
2044,63,28,-17
2045,63,29,-17
2046,63,30,-17
2047,63,31,-17
