write_count,context,addr,shift_cnt,lane0,lane1,lane2,lane3,lane4,lane5,lane6,lane7
0,0,0,0,158176235,-1107914104,935317057,748806420,0,0,0,0
1,0,0,0,0,0,0,0,733820918,-1548850774,-883914612,317239338
2,0,1,1,-1189698020,-1935271252,-2062830075,-285801192,0,0,0,0
3,0,1,1,0,0,0,0,-561527900,1973842704,-2076657571,-918262989
4,0,2,2,-623849138,1150175904,864503870,-756024535,0,0,0,0
5,0,2,2,0,0,0,0,253348124,549750029,72533051,662268563
6,0,3,3,875765822,-1178077467,1696658026,1497561462,0,0,0,0
7,0,3,3,0,0,0,0,-1596192981,-72618334,-589621943,-2088335302
8,0,4,4,1583730785,-1420527955,-78943110,-1907011720,0,0,0,0
9,0,4,4,0,0,0,0,306750492,-1732382316,494987705,1399691383
10,0,5,5,-283162037,1990931517,230986334,1023297686,0,0,0,0
11,0,5,5,0,0,0,0,1353157554,-1579363749,7397881,-1012966957
12,0,6,6,-343098521,1275894649,641816419,615215545,0,0,0,0
13,0,6,6,0,0,0,0,516805933,-11923655,-134074990,1838194654
14,0,7,7,1976733957,-1175953999,1355877654,1700266985,0,0,0,0
15,0,7,7,0,0,0,0,1065569940,587310958,1159253764,-1371949781
16,0,8,8,-1370250092,746850672,-2080901327,-1470740272,0,0,0,0
17,0,8,8,0,0,0,0,1973925441,-402570542,-1943469225,2128061419
18,0,9,9,-1168559766,-1356838400,944192329,354200679,0,0,0,0
19,0,9,9,0,0,0,0,1085306086,-601874363,-964741323,-946027397
20,0,10,10,762808627,-1513026541,504233503,398773642,0,0,0,0
21,0,10,10,0,0,0,0,926865824,1819598350,1018772475,1230013037
22,0,11,11,-1411819698,1011690174,1838761317,1428125955,0,0,0,0
23,0,11,11,0,0,0,0,-98922011,-505783328,1968130023,-1008266871
24,0,12,12,1539997481,-733725109,-1949622362,193616362,0,0,0,0
25,0,12,12,0,0,0,0,1592865912,-1724610312,2119098090,-1128837958
26,0,13,13,543394415,-1308523968,715224003,2013419489,0,0,0,0
27,0,13,13,0,0,0,0,-518574986,-429858774,-1384083529,147382596
28,0,14,14,-10692212,-1661785810,1116067873,-190753786,0,0,0,0
29,0,14,14,0,0,0,0,-849604309,-146572934,1979574842,-1095849795
30,0,15,15,-134003012,-1568613703,-1966513928,567127630,0,0,0,0
31,0,15,15,0,0,0,0,1190002007,1915225492,1278145927,1366546732
