count,context,act0,act1,act2,act3,act4,act5,act6,act7,wei0,wei1,wei2,wei3,wei4,wei5,wei6,wei7,wei8,wei9,wei10,wei11,wei12,wei13,wei14,wei15
0,0,0,0,0,0,0,0,0,0,0,0,0,0,0,0,0,0,0,0,0,0,0,0,0,0
1,0,0,0,0,0,0,0,0,0,0,0,0,0,0,0,0,0,0,0,0,0,0,0,0,0
2,0,0,0,0,0,0,0,0,0,0,0,0,0,0,0,0,0,0,0,0,0,0,0,0,0
3,0,0,0,0,0,0,0,0,0,0,0,0,0,0,0,0,0,0,0,0,0,0,0,0,0
4,0,0,0,0,0,0,0,0,0,0,0,0,0,0,0,0,0,0,0,0,0,0,0,0,0
5,0,0,0,0,0,0,0,0,0,0,0,0,0,0,0,0,0,0,0,0,0,0,0,0,0
6,0,-91,0,0,0,0,0,0,0,-17,0,0,0,0,0,0,0,0,0,0,0,0,0,0,0
7,0,-91,0,0,0,0,0,0,0,-17,0,0,0,0,0,0,0,0,0,0,0,0,0,0,0
8,0,-91,0,0,0,0,0,0,0,-17,0,0,0,0,0,0,0,0,0,0,0,0,0,0,0
9,0,-20,45,0,0,0,0,0,0,-63,-17,0,0,0,0,0,0,0,0,0,0,0,0,0,0
10,0,-20,45,0,0,0,0,0,0,-63,-17,0,0,0,0,0,0,0,0,0,0,0,0,0,0
11,0,-20,45,0,0,0,0,0,0,-63,-17,0,0,0,0,0,0,0,0,0,0,0,0,0,0
12,0,96,-55,-65,0,0,0,0,0,-29,102,-17,0,0,0,0,0,0,0,0,0,0,0,0,0
13,0,96,-55,-65,0,0,0,0,0,-29,102,-17,0,0,0,0,0,0,0,0,0,0,0,0,0
14,0,96,-55,-65,0,0,0,0,0,-29,102,-17,0,0,0,0,0,0,0,0,0,0,0,0,0
15,0,18,-44,-110,106,0,0,0,0,-110,-53,100,-17,0,0,0,0,0,0,0,0,0,0,0,0
16,0,18,-44,-110,106,0,0,0,0,-110,-53,100,-17,0,0,0,0,0,0,0,0,0,0,0,0
17,0,18,-44,-110,106,0,0,0,0,-110,-53,100,-17,0,0,0,0,0,0,0,0,0,0,0,0
18,0,20,-32,-108,-12,-29,0,0,0,121,-38,-9,-24,-17,0,0,0,0,0,0,0,0,0,0,0
19,0,20,-32,-108,-12,-29,0,0,0,121,-38,-9,-24,-17,0,0,0,0,0,0,0,0,0,0,0
20,0,20,-32,-108,-12,-29,0,0,0,121,-38,-9,-24,-17,0,0,0,0,0,0,0,0,0,0,0
21,0,60,-86,113,-115,-12,21,0,0,-20,16,-23,80,-79,-17,0,0,0,0,0,0,0,0,0,0
22,0,60,-86,113,-115,-12,21,0,0,-20,16,-23,80,-79,-17,0,0,0,0,0,0,0,0,0,0
23,0,60,-86,113,-115,-12,21,0,0,-20,16,-23,80,-79,-17,0,0,0,0,0,0,0,0,0,0
24,0,7,105,125,16,32,97,38,0,-88,-110,-48,26,-20,59,-17,0,0,0,0,0,0,0,0,0
25,0,7,105,125,16,32,97,38,0,-88,-110,-48,26,-20,59,-17,0,0,0,0,0,0,0,0,0
26,0,7,105,125,16,32,97,38,0,-88,-110,-48,26,-20,59,-17,0,0,0,0,0,0,0,0,0
27,0,93,73,-74,60,36,-98,-82,-8,-94,69,-9,120,42,-121,-118,-17,0,0,0,0,0,0,0,0
28,0,93,73,-74,60,36,-98,-82,-8,-94,69,-9,120,42,-121,-118,-17,0,0,0,0,0,0,0,0
29,0,93,73,-74,60,36,-98,-82,-8,-94,69,-9,120,42,-121,-118,-17,0,0,0,0,0,0,0,0
30,0,120,-32,-36,114,65,-94,-68,107,26,-66,15,-29,110,43,110,102,-17,0,0,0,0,0,0,0
31,0,120,-32,-36,114,65,-94,-68,107,26,-66,15,-29,110,43,110,102,-17,0,0,0,0,0,0,0
32,0,120,-32,-36,114,65,-94,-68,107,26,-66,15,-29,110,43,110,102,-17,0,0,0,0,0,0,0
33,0,22,120,77,-80,-11,3,51,-110,111,93,119,43,-33,-21,108,14,-91,-17,0,0,0,0,0,0
34,0,22,120,77,-80,-11,3,51,-110,111,93,119,43,-33,-21,108,14,-91,-17,0,0,0,0,0,0
35,0,22,120,77,-80,-11,3,51,-110,111,93,119,43,-33,-21,108,14,-91,-17,0,0,0,0,0,0
36,0,115,-60,-39,1,65,78,88,20,-101,-7,12,118,34,43,-103,124,92,95,-17,0,0,0,0,0
37,0,115,-60,-39,1,65,78,88,20,-101,-7,12,118,34,43,-103,124,92,95,-17,0,0,0,0,0
38,0,115,-60,-39,1,65,78,88,20,-101,-7,12,118,34,43,-103,124,92,95,-17,0,0,0,0,0
39,0,-119,123,56,10,76,3,121,85,125,57,-88,13,-39,-25,-76,123,-107,116,61,-17,0,0,0,0
40,0,-119,123,56,10,76,3,121,85,125,57,-88,13,-39,-25,-76,123,-107,116,61,-17,0,0,0,0
41,0,-119,123,56,10,76,3,121,85,125,57,-88,13,-39,-25,-76,123,-107,116,61,-17,0,0,0,0
42,0,77,-27,-5,127,123,43,-119,-63,-79,67,91,-66,-11,109,-28,-63,23,-104,42,122,-17,0,0,0
43,0,77,-27,-5,127,123,43,-119,-63,-79,67,91,-66,-11,109,-28,-63,23,-104,42,122,-17,0,0,0
44,0,77,-27,-5,127,123,43,-119,-63,-79,67,91,-66,-11,109,-28,-63,23,-104,42,122,-17,0,0,0
45,0,-99,-51,23,-46,-110,-101,-96,-123,-6,59,-117,-18,60,115,24,83,24,-122,-107,0,-59,-17,0,0
46,0,-99,-51,23,-46,-110,-101,-96,-123,-6,59,-117,-18,60,115,24,83,24,-122,-107,0,-59,-17,0,0
47,0,-99,-51,23,-46,-110,-101,-96,-123,-6,59,-117,-18,60,115,24,83,24,-122,-107,0,-59,-17,0,0
48,0,-21,96,-104,9,-61,-47,17,13,86,89,-29,102,-3,41,8,-80,61,33,26,-34,63,-66,-17,0
49,0,-21,96,-104,9,-61,-47,17,13,86,89,-29,102,-3,41,8,-80,61,33,26,-34,63,-66,-17,0
50,0,-21,96,-104,9,-61,-47,17,13,86,89,-29,102,-3,41,8,-80,61,33,26,-34,63,-66,-17,0
51,0,97,-9,80,50,-46,33,24,-87,101,52,-73,79,-29,-46,-107,70,-124,58,80,48,-126,-106,-97,-17
52,0,97,-9,80,50,-46,33,24,-87,101,52,-73,79,-29,-46,-107,70,-124,58,80,48,-126,-106,-97,-17
53,0,97,-9,80,50,-46,33,24,-87,101,52,-73,79,-29,-46,-107,70,-124,58,80,48,-126,-106,-97,-17
54,0,115,-103,-8,16,102,84,-93,66,-39,-10,81,94,73,48,-94,-14,32,115,-102,-8,53,-95,69,-15
55,0,115,-103,-8,16,102,84,-93,66,-39,-10,81,94,73,48,-94,-14,32,115,-102,-8,53,-95,69,-15
56,0,115,-103,-8,16,102,84,-93,66,-39,-10,81,94,73,48,-94,-14,32,115,-102,-8,53,-95,69,-15
57,0,41,-61,7,-103,-41,95,-70,84,89,-23,41,-19,91,-118,57,31,22,-81,-20,19,62,104,-91,-36
58,0,41,-61,7,-103,-41,95,-70,84,89,-23,41,-19,91,-118,57,31,22,-81,-20,19,62,104,-91,-36
59,0,41,-61,7,-103,-41,95,-70,84,89,-23,41,-19,91,-118,57,31,22,-81,-20,19,62,104,-91,-36
60,0,127,111,81,-103,-61,103,-68,6,20,16,-2,-36,-127,-29,29,8,-126,62,78,97,-100,-34,75,-120
61,0,127,111,81,-103,-61,103,-68,6,20,16,-2,-36,-127,-29,29,8,-126,62,78,97,-100,-34,75,-120
62,0,127,111,81,-103,-61,103,-68,6,20,16,-2,-36,-127,-29,29,8,-126,62,78,97,-100,-34,75,-120
63,0,114,98,-80,-2,28,-106,-64,-48,-22,69,97,-50,119,6,-8,-68,-97,-51,-51,72,-11,85,-126,73
64,0,114,98,-80,-2,28,-106,-64,-48,-22,69,97,-50,119,6,-8,-68,-97,-51,-51,72,-11,85,-126,73
65,0,114,98,-80,-2,28,-106,-64,-48,-22,69,97,-50,119,6,-8,-68,-97,-51,-51,72,-11,85,-126,73
66,0,34,96,51,89,98,62,35,-52,119,-21,-3,88,-93,-81,-22,-95,75,16,104,-117,-68,-114,-64,46
67,0,34,96,51,89,98,62,35,-52,119,-21,-3,88,-93,-81,-22,-95,75,16,104,-117,-68,-114,-64,46
68,0,34,96,51,89,98,62,35,-52,119,-21,-3,88,-93,-81,-22,-95,75,16,104,-117,-68,-114,-64,46
69,0,-22,60,64,31,41,-74,79,62,87,79,-24,14,73,96,43,-100,-22,-45,-114,103,-42,-25,-86,41
70,0,-22,60,64,31,41,-74,79,62,87,79,-24,14,73,96,43,-100,-22,-45,-114,103,-42,-25,-86,41
71,0,-22,60,64,31,41,-74,79,62,87,79,-24,14,73,96,43,-100,-22,-45,-114,103,-42,-25,-86,41
72,0,42,-26,-127,-84,-11,-41,17,-37,-79,-63,86,-55,53,-100,-58,-52,-92,-122,93,85,59,-8,71,-88
73,0,42,-26,-127,-84,-11,-41,17,-37,-79,-63,86,-55,53,-100,-58,-52,-92,-122,93,85,59,-8,71,-88
74,0,42,-26,-127,-84,-11,-41,17,-37,-79,-63,86,-55,53,-100,-58,-52,-92,-122,93,85,59,-8,71,-88
75,0,108,1,-24,-101,105,-122,-114,-53,121,-23,-81,61,13,62,-22,-33,112,32,122,87,36,55,85,2
76,0,108,1,-24,-101,105,-122,-114,-53,121,-23,-81,61,13,62,-22,-33,112,32,122,87,36,55,85,2
77,0,108,1,-24,-101,105,-122,-114,-53,121,-23,-81,61,13,62,-22,-33,112,32,122,87,36,55,85,2
78,0,-13,43,121,45,-46,-15,51,86,93,-19,-32,-72,97,35,56,-63,45,55,56,41,-91,-26,104,-47
79,0,-13,43,121,45,-46,-15,51,86,93,-19,-32,-72,97,35,56,-63,45,55,56,41,-91,-26,104,-47
80,0,-13,43,121,45,-46,-15,51,86,93,-19,-32,-72,97,35,56,-63,45,55,56,41,-91,-26,104,-47
81,0,33,-13,39,-51,126,18,51,14,-2,41,74,-52,112,91,91,-61,18,-96,-35,-7,49,25,-44,75
82,0,33,-13,39,-51,126,18,51,14,-2,41,74,-52,112,91,91,-61,18,-96,-35,-7,49,25,-44,75
83,0,33,-13,39,-51,126,18,51,14,-2,41,74,-52,112,91,91,-61,18,-96,-35,-7,49,25,-44,75
84,0,7,13,-117,31,70,-2,-94,88,-29,-94,-105,82,34,127,-91,-21,74,-123,113,-43,50,-118,-61,-24
85,0,7,13,-117,31,70,-2,-94,88,-29,-94,-105,82,34,127,-91,-21,74,-123,113,-43,50,-118,-61,-24
86,0,7,13,-117,31,70,-2,-94,88,-29,-94,-105,82,34,127,-91,-21,74,-123,113,-43,50,-118,-61,-24
87,0,36,106,109,-31,80,123,-89,-93,19,-63,-38,64,112,8,-71,50,-71,-74,-9,-79,-17,105,55,-53
88,0,36,106,109,-31,80,123,-89,-93,19,-63,-38,64,112,8,-71,50,-71,-74,-9,-79,-17,105,55,-53
89,0,36,106,109,-31,80,123,-89,-93,19,-63,-38,64,112,8,-71,50,-71,-74,-9,-79,-17,105,55,-53
90,0,93,-77,-37,47,-110,80,98,-47,111,-112,-122,29,-24,99,72,-57,116,124,-44,-124,-2,47,-94,-6
91,0,93,-77,-37,47,-110,80,98,-47,111,-112,-122,29,-24,99,72,-57,116,124,-44,-124,-2,47,-94,-6
92,0,93,-77,-37,47,-110,80,98,-47,111,-112,-122,29,-24,99,72,-57,116,124,-44,-124,-2,47,-94,-6
93,0,107,-14,-99,39,49,20,18,-76,-72,86,-33,44,-70,-52,-62,73,-90,-70,4,28,-59,90,-41,-46
94,0,107,-14,-99,39,49,20,18,-76,-72,86,-33,44,-70,-52,-62,73,-90,-70,4,28,-59,90,-41,-46
95,0,107,-14,-99,39,49,20,18,-76,-72,86,-33,44,-70,-52,-62,73,-90,-70,4,28,-59,90,-41,-46
96,0,-38,52,73,-120,81,127,-71,18,-33,-23,33,-67,48,-40,-29,84,-114,49,-109,-45,-14,-31,-102,8
97,0,-38,52,73,-120,81,127,-71,18,-33,-23,33,-67,48,-40,-29,84,-114,49,-109,-45,-14,-31,-102,8
98,0,-38,52,73,-120,81,127,-71,18,-33,-23,33,-67,48,-40,-29,84,-114,49,-109,-45,-14,-31,-102,8
99,0,-105,-111,-13,114,27,116,48,41,-44,-13,54,-8,96,79,65,123,-82,-96,-17,-21,-23,76,110,-21
100,0,-105,-111,-13,114,27,116,48,41,-44,-13,54,-8,96,79,65,123,-82,-96,-17,-21,-23,76,110,-21
101,0,-105,-111,-13,114,27,116,48,41,-44,-13,54,-8,96,79,65,123,-82,-96,-17,-21,-23,76,110,-21
102,0,-89,107,117,-105,-44,-96,61,-60,24,-99,1,-4,112,38,-52,-60,-13,-14,-58,3,-2,71,25,3
103,0,-89,107,117,-105,-44,-96,61,-60,24,-99,1,-4,112,38,-52,-60,-13,-14,-58,3,-2,71,25,3
104,0,-89,107,117,-105,-44,-96,61,-60,24,-99,1,-4,112,38,-52,-60,-13,-14,-58,3,-2,71,25,3
105,0,-114,-112,-38,34,100,-87,58,108,-36,89,-94,-92,-73,23,97,-103,-106,92,-72,-73,-78,98,-5,-29
106,0,-114,-112,-38,34,100,-87,58,108,-36,89,-94,-92,-73,23,97,-103,-106,92,-72,-73,-78,98,-5,-29
107,0,-114,-112,-38,34,100,-87,58,108,-36,89,-94,-92,-73,23,97,-103,-106,92,-72,-73,-78,98,-5,-29
108,0,115,-61,53,76,-64,-107,-119,120,-89,-57,75,-55,-9,-19,-23,117,93,117,74,15,34,-97,38,-34
109,0,115,-61,53,76,-64,-107,-119,120,-89,-57,75,-55,-9,-19,-23,117,93,117,74,15,34,-97,38,-34
110,0,115,-61,53,76,-64,-107,-119,120,-89,-57,75,-55,-9,-19,-23,117,93,117,74,15,34,-97,38,-34
111,0,58,72,65,97,120,-56,18,-73,-112,66,-103,-87,-92,-28,-96,-63,-112,107,-3,103,-35,-47,-26,0
112,0,58,72,65,97,120,-56,18,-73,-112,66,-103,-87,-92,-28,-96,-63,-112,107,-3,103,-35,-47,-26,0
113,0,58,72,65,97,120,-56,18,-73,-112,66,-103,-87,-92,-28,-96,-63,-112,107,-3,103,-35,-47,-26,0
114,0,-21,57,-73,29,12,-116,-34,-111,-48,16,81,57,68,56,-42,-42,46,8,60,42,-99,-109,-71,-92
115,0,-21,57,-73,29,12,-116,-34,-111,-48,16,81,57,68,56,-42,-42,46,8,60,42,-99,-109,-71,-92
116,0,-21,57,-73,29,12,-116,-34,-111,-48,16,81,57,68,56,-42,-42,46,8,60,42,-99,-109,-71,-92
117,0,-91,59,29,63,-92,-28,58,-106,70,-63,73,39,-121,95,115,-45,45,-75,6,-3,-25,-2,122,-86
118,0,-91,59,29,63,-92,-28,58,-106,70,-63,73,39,-121,95,115,-45,45,-75,6,-3,-25,-2,122,-86
119,0,-91,59,29,63,-92,-28,58,-106,70,-63,73,39,-121,95,115,-45,45,-75,6,-3,-25,-2,122,-86
120,0,1,1,-71,-2,-96,41,-103,37,-117,-27,-76,62,87,-38,-84,-41,5,51,122,69,-50,77,-101,-73
121,0,1,1,-71,-2,-96,41,-103,37,-117,-27,-76,62,87,-38,-84,-41,5,51,122,69,-50,77,-101,-73
122,0,1,1,-71,-2,-96,41,-103,37,-117,-27,-76,62,87,-38,-84,-41,5,51,122,69,-50,77,-101,-73
123,0,101,-6,81,94,-11,48,48,8,2,117,83,-21,102,-97,-23,88,-111,87,-30,36,43,-46,-7,10
124,0,101,-6,81,94,-11,48,48,8,2,117,83,-21,102,-97,-23,88,-111,87,-30,36,43,-46,-7,10
125,0,101,-6,81,94,-11,48,48,8,2,117,83,-21,102,-97,-23,88,-111,87,-30,36,43,-46,-7,10
126,0,106,57,-61,69,-89,-81,52,-107,-125,-109,-71,27,7,-96,-112,-33,-59,-8,20,123,-42,59,84,-6
127,0,106,57,-61,69,-89,-81,52,-107,-125,-109,-71,27,7,-96,-112,-33,-59,-8,20,123,-42,59,84,-6
128,0,106,57,-61,69,-89,-81,52,-107,-125,-109,-71,27,7,-96,-112,-33,-59,-8,20,123,-42,59,84,-6
129,0,-94,29,-100,30,-85,-112,-122,-121,-99,-109,-107,-12,98,92,-113,-44,38,84,-113,41,94,-101,-49,118
130,0,-94,29,-100,30,-85,-112,-122,-121,-99,-109,-107,-12,98,92,-113,-44,38,84,-113,41,94,-101,-49,118
131,0,-94,29,-100,30,-85,-112,-122,-121,-99,-109,-107,-12,98,92,-113,-44,38,84,-113,41,94,-101,-49,118
132,0,-63,97,-46,-78,-60,79,18,-53,13,86,33,-5,-75,-123,-52,-101,27,33,-6,-59,-56,-46,31,117
133,0,-63,97,-46,-78,-60,79,18,-53,13,86,33,-5,-75,-123,-52,-101,27,33,-6,-59,-56,-46,31,117
134,0,-63,97,-46,-78,-60,79,18,-53,13,86,33,-5,-75,-123,-52,-101,27,33,-6,-59,-56,-46,31,117
135,0,-19,-49,-3,-13,5,-40,53,-54,-67,-63,108,-2,-106,-110,-101,-12,-106,5,-39,31,-125,-65,-16,76
136,0,-19,-49,-3,-13,5,-40,53,-54,-67,-63,108,-2,-106,-110,-101,-12,-106,5,-39,31,-125,-65,-16,76
137,0,-19,-49,-3,-13,5,-40,53,-54,-67,-63,108,-2,-106,-110,-101,-12,-106,5,-39,31,-125,-65,-16,76
138,0,11,-99,-118,10,-67,49,-93,8,31,-31,125,-29,-64,113,-127,-11,-61,19,60,-45,121,69,3,-121
139,0,11,-99,-118,10,-67,49,-93,8,31,-31,125,-29,-64,113,-127,-11,-61,19,60,-45,121,69,3,-121
140,0,11,-99,-118,10,-67,49,-93,8,31,-31,125,-29,-64,113,-127,-11,-61,19,60,-45,121,69,3,-121
141,0,-75,5,107,-6,91,-118,-44,-90,36,-113,35,29,15,-90,103,18,-17,-103,-37,86,16,-97,35,100
142,0,-75,5,107,-6,91,-118,-44,-90,36,-113,35,29,15,-90,103,18,-17,-103,-37,86,16,-97,35,100
143,0,-75,5,107,-6,91,-118,-44,-90,36,-113,35,29,15,-90,103,18,-17,-103,-37,86,16,-97,35,100
144,0,-39,-51,68,19,-77,-37,64,-4,-39,11,26,-53,-119,-67,114,1,-57,-89,122,-7,40,-17,-56,123
145,0,-39,-51,68,19,-77,-37,64,-4,-39,11,26,-53,-119,-67,114,1,-57,-89,122,-7,40,-17,-56,123
146,0,-39,-51,68,19,-77,-37,64,-4,-39,11,26,-53,-119,-67,114,1,-57,-89,122,-7,40,-17,-56,123
147,0,116,116,-68,82,-30,-16,35,29,-100,-111,-1,13,-95,-47,-99,68,-74,103,-87,-113,121,11,100,-71
148,0,116,116,-68,82,-30,-16,35,29,-100,-111,-1,13,-95,-47,-99,68,-74,103,-87,-113,121,11,100,-71
149,0,116,116,-68,82,-30,-16,35,29,-100,-111,-1,13,-95,-47,-99,68,-74,103,-87,-113,121,11,100,-71
150,0,111,-101,-77,35,51,-37,-109,-71,-108,-33,17,-96,-107,83,-103,66,-79,-42,-61,64,83,-97,21,3
151,0,111,-101,-77,35,51,-37,-109,-71,-108,-33,17,-96,-107,83,-103,66,-79,-42,-61,64,83,-97,21,3
152,0,111,-101,-77,35,51,-37,-109,-71,-108,-33,17,-96,-107,83,-103,66,-79,-42,-61,64,83,-97,21,3
153,0,77,-17,120,70,-95,-97,-87,18,-118,-13,-115,-105,99,-107,120,75,115,117,-22,-49,-4,-20,-7,96
154,0,77,-17,120,70,-95,-97,-87,18,-118,-13,-115,-105,99,-107,120,75,115,117,-22,-49,-4,-20,-7,96
155,0,77,-17,120,70,-95,-97,-87,18,-118,-13,-115,-105,99,-107,120,75,115,117,-22,-49,-4,-20,-7,96
156,0,64,-115,-66,-11,-19,24,-81,24,34,9,9,32,-109,-45,-92,-39,-65,-25,-87,46,71,-26,-68,-16
157,0,64,-115,-66,-11,-19,24,-81,24,34,9,9,32,-109,-45,-92,-39,-65,-25,-87,46,71,-26,-68,-16
158,0,64,-115,-66,-11,-19,24,-81,24,34,9,9,32,-109,-45,-92,-39,-65,-25,-87,46,71,-26,-68,-16
159,0,62,75,23,105,98,-122,-86,-6,-47,88,115,-17,-106,72,-34,-63,-13,125,97,-1,101,17,-36,-121
160,0,62,75,23,105,98,-122,-86,-6,-47,88,115,-17,-106,72,-34,-63,-13,125,97,-1,101,17,-36,-121
161,0,62,75,23,105,98,-122,-86,-6,-47,88,115,-17,-106,72,-34,-63,-13,125,97,-1,101,17,-36,-121
162,0,46,121,50,-45,-18,4,83,-121,79,18,9,-45,32,22,73,-65,-44,-123,-94,59,25,-9,-59,-14
163,0,46,121,50,-45,-18,4,83,-121,79,18,9,-45,32,22,73,-65,-44,-123,-94,59,25,-9,-59,-14
164,0,46,121,50,-45,-18,4,83,-121,79,18,9,-45,32,22,73,-65,-44,-123,-94,59,25,-9,-59,-14
165,0,106,35,108,81,-122,-52,93,-16,126,86,-13,97,-111,-29,110,52,-125,-84,-112,-116,59,29,-10,-16
166,0,106,35,108,81,-122,-52,93,-16,126,86,-13,97,-111,-29,110,52,-125,-84,-112,-116,59,29,-10,-16
167,0,106,35,108,81,-122,-52,93,-16,126,86,-13,97,-111,-29,110,52,-125,-84,-112,-116,59,29,-10,-16
168,0,19,59,60,-92,-53,-96,-11,89,48,11,63,93,22,80,43,87,40,-90,31,121,33,-96,-100,-126
169,0,19,59,60,-92,-53,-96,-11,89,48,11,63,93,22,80,43,87,40,-90,31,121,33,-96,-100,-126
170,0,19,59,60,-92,-53,-96,-11,89,48,11,63,93,22,80,43,87,40,-90,31,121,33,-96,-100,-126
171,0,-63,-112,-17,100,35,-79,74,80,-127,-40,125,115,-79,70,-35,89,-84,-68,-111,57,-25,-39,94,-108
172,0,-63,-112,-17,100,35,-79,74,80,-127,-40,125,115,-79,70,-35,89,-84,-68,-111,57,-25,-39,94,-108
173,0,-63,-112,-17,100,35,-79,74,80,-127,-40,125,115,-79,70,-35,89,-84,-68,-111,57,-25,-39,94,-108
174,0,22,-1,-64,19,0,-21,-76,-41,121,65,-73,-8,12,-11,-19,-55,113,-90,121,80,7,-73,-65,120
175,0,22,-1,-64,19,0,-21,-76,-41,121,65,-73,-8,12,-11,-19,-55,113,-90,121,80,7,-73,-65,120
176,0,22,-1,-64,19,0,-21,-76,-41,121,65,-73,-8,12,-11,-19,-55,113,-90,121,80,7,-73,-65,120
177,0,-24,-15,8,-122,-120,-44,-52,-104,-56,39,116,-25,123,-71,53,18,33,101,-77,94,126,-13,119,103
178,0,-24,-15,8,-122,-120,-44,-52,-104,-56,39,116,-25,123,-71,53,18,33,101,-77,94,126,-13,119,103
179,0,-24,-15,8,-122,-120,-44,-52,-104,-56,39,116,-25,123,-71,53,18,33,101,-77,94,126,-13,119,103
180,0,-93,44,73,35,-57,46,-91,-14,114,-46,84,41,3,103,-62,-54,35,-72,-44,-82,-104,45,91,-123
181,0,-93,44,73,35,-57,46,-91,-14,114,-46,84,41,3,103,-62,-54,35,-72,-44,-82,-104,45,91,-123
182,0,-93,44,73,35,-57,46,-91,-14,114,-46,84,41,3,103,-62,-54,35,-72,-44,-82,-104,45,91,-123
183,0,-53,-113,4,-104,-77,2,44,-61,-123,15,-115,12,-39,110,-59,48,115,-65,47,119,2,-27,-3,-24
184,0,-53,-113,4,-104,-77,2,44,-61,-123,15,-115,12,-39,110,-59,48,115,-65,47,119,2,-27,-3,-24
185,0,-53,-113,4,-104,-77,2,44,-61,-123,15,-115,12,-39,110,-59,48,115,-65,47,119,2,-27,-3,-24
186,0,-55,28,52,109,-2,29,77,-80,-81,125,14,-102,80,-64,33,108,15,-76,67,-78,33,-79,-105,-19
187,0,-55,28,52,109,-2,29,77,-80,-81,125,14,-102,80,-64,33,108,15,-76,67,-78,33,-79,-105,-19
188,0,-55,28,52,109,-2,29,77,-80,-81,125,14,-102,80,-64,33,108,15,-76,67,-78,33,-79,-105,-19
189,0,-22,-106,-20,-102,-89,8,-29,69,106,-23,104,25,88,5,-109,-71,45,-6,61,-48,103,57,-49,22
190,0,-22,-106,-20,-102,-89,8,-29,69,106,-23,104,25,88,5,-109,-71,45,-6,61,-48,103,57,-49,22
191,0,-22,-106,-20,-102,-89,8,-29,69,106,-23,104,25,88,5,-109,-71,45,-6,61,-48,103,57,-49,22
192,0,-69,-49,67,78,40,-84,-64,50,-12,-60,-28,110,31,38,63,62,-95,122,-53,-105,-69,80,89,25
193,0,-69,-49,67,78,40,-84,-64,50,-12,-60,-28,110,31,38,63,62,-95,122,-53,-105,-69,80,89,25
194,0,-69,-49,67,78,40,-84,-64,50,-12,-60,-28,110,31,38,63,62,-95,122,-53,-105,-69,80,89,25
195,0,39,45,88,-20,32,73,-107,-79,-17,-89,-96,87,75,64,-83,-16,92,-110,52,-89,96,56,-114,111
196,0,39,45,88,-20,32,73,-107,-79,-17,-89,-96,87,75,64,-83,-16,92,-110,52,-89,96,56,-114,111
197,0,39,45,88,-20,32,73,-107,-79,-17,-89,-96,87,75,64,-83,-16,92,-110,52,-89,96,56,-114,111
198,0,0,-80,29,85,-39,-6,-81,-67,0,-17,115,116,-56,-8,16,80,-81,104,86,-105,-50,93,-124,121
199,0,0,-80,29,85,-39,-6,-81,-67,0,-17,115,116,-56,-8,16,80,-81,104,86,-105,-50,93,-124,121
200,0,0,-80,29,85,-39,-6,-81,-67,0,-17,115,116,-56,-8,16,80,-81,104,86,-105,-50,93,-124,121
201,0,0,0,79,-91,19,-51,-18,-113,0,0,-17,-73,-103,-69,25,-105,49,76,-33,109,91,-114,58,-122
202,0,0,0,79,-91,19,-51,-18,-113,0,0,-17,-73,-103,-69,25,-105,49,76,-33,109,91,-114,58,-122
203,0,0,0,79,-91,19,-51,-18,-113,0,0,-17,-73,-103,-69,25,-105,49,76,-33,109,91,-114,58,-122
204,0,0,0,0,52,-68,120,-113,-110,0,0,0,-17,-125,13,-91,98,93,-72,-127,8,-23,106,58,28
205,0,0,0,0,52,-68,120,-113,-110,0,0,0,-17,-125,13,-91,98,93,-72,-127,8,-23,106,58,28
206,0,0,0,0,52,-68,120,-113,-110,0,0,0,-17,-125,13,-91,98,93,-72,-127,8,-23,106,58,28
207,0,0,0,0,0,-100,79,-60,-32,0,0,0,0,-17,68,-54,42,-34,31,-119,-18,19,-85,-82,-76
208,0,0,0,0,0,-100,79,-60,-32,0,0,0,0,-17,68,-54,42,-34,31,-119,-18,19,-85,-82,-76
209,0,0,0,0,0,-100,79,-60,-32,0,0,0,0,-17,68,-54,42,-34,31,-119,-18,19,-85,-82,-76
210,0,0,0,0,0,0,108,-55,39,0,0,0,0,0,-17,-94,-71,50,-117,61,-101,-29,86,94,-29
211,0,0,0,0,0,0,108,-55,39,0,0,0,0,0,-17,-94,-71,50,-117,61,-101,-29,86,94,-29
212,0,0,0,0,0,0,108,-55,39,0,0,0,0,0,-17,-94,-71,50,-117,61,-101,-29,86,94,-29
213,0,0,0,0,0,0,0,34,-87,0,0,0,0,0,0,-17,38,18,75,-92,-7,-25,-32,-2,-119
214,0,0,0,0,0,0,0,34,-87,0,0,0,0,0,0,-17,38,18,75,-92,-7,-25,-32,-2,-119
215,0,0,0,0,0,0,0,34,-87,0,0,0,0,0,0,-17,38,18,75,-92,-7,-25,-32,-2,-119
216,0,0,0,0,0,0,0,0,-42,0,0,0,0,0,0,0,-17,20,92,-114,-23,-58,-126,84,-60
217,0,0,0,0,0,0,0,0,-42,0,0,0,0,0,0,0,-17,20,92,-114,-23,-58,-126,84,-60
218,0,0,0,0,0,0,0,0,-42,0,0,0,0,0,0,0,-17,20,92,-114,-23,-58,-126,84,-60
219,0,0,0,0,0,0,0,0,0,0,0,0,0,0,0,0,0,-17,-9,-74,-30,74,-51,94,46
220,0,0,0,0,0,0,0,0,0,0,0,0,0,0,0,0,0,-17,-9,-74,-30,74,-51,94,46
221,0,0,0,0,0,0,0,0,0,0,0,0,0,0,0,0,0,-17,-9,-74,-30,74,-51,94,46
222,0,0,0,0,0,0,0,0,0,0,0,0,0,0,0,0,0,0,-17,57,89,100,23,-54,-39
223,0,0,0,0,0,0,0,0,0,0,0,0,0,0,0,0,0,0,-17,57,89,100,23,-54,-39
224,0,0,0,0,0,0,0,0,0,0,0,0,0,0,0,0,0,0,-17,57,89,100,23,-54,-39
225,0,0,0,0,0,0,0,0,0,0,0,0,0,0,0,0,0,0,0,-17,-28,-48,36,55,-126
226,0,0,0,0,0,0,0,0,0,0,0,0,0,0,0,0,0,0,0,-17,-28,-48,36,55,-126
227,0,0,0,0,0,0,0,0,0,0,0,0,0,0,0,0,0,0,0,-17,-28,-48,36,55,-126
228,0,0,0,0,0,0,0,0,0,0,0,0,0,0,0,0,0,0,0,0,-17,102,-31,-52,-104
229,0,0,0,0,0,0,0,0,0,0,0,0,0,0,0,0,0,0,0,0,-17,102,-31,-52,-104
230,0,0,0,0,0,0,0,0,0,0,0,0,0,0,0,0,0,0,0,0,-17,102,-31,-52,-104
231,0,0,0,0,0,0,0,0,0,0,0,0,0,0,0,0,0,0,0,0,0,-17,35,-101,-57
232,0,0,0,0,0,0,0,0,0,0,0,0,0,0,0,0,0,0,0,0,0,-17,35,-101,-57
233,0,0,0,0,0,0,0,0,0,0,0,0,0,0,0,0,0,0,0,0,0,-17,35,-101,-57
234,0,0,0,0,0,0,0,0,0,0,0,0,0,0,0,0,0,0,0,0,0,0,-17,-120,97
235,0,0,0,0,0,0,0,0,0,0,0,0,0,0,0,0,0,0,0,0,0,0,-17,-120,97
236,0,0,0,0,0,0,0,0,0,0,0,0,0,0,0,0,0,0,0,0,0,0,-17,-120,97
237,0,0,0,0,0,0,0,0,0,0,0,0,0,0,0,0,0,0,0,0,0,0,0,-17,-59
238,0,0,0,0,0,0,0,0,0,0,0,0,0,0,0,0,0,0,0,0,0,0,0,-17,-59
239,0,0,0,0,0,0,0,0,0,0,0,0,0,0,0,0,0,0,0,0,0,0,0,-17,-59
240,0,0,0,0,0,0,0,0,0,0,0,0,0,0,0,0,0,0,0,0,0,0,0,0,-17
241,0,0,0,0,0,0,0,0,0,0,0,0,0,0,0,0,0,0,0,0,0,0,0,0,-17
242,0,0,0,0,0,0,0,0,0,0,0,0,0,0,0,0,0,0,0,0,0,0,0,0,-17
243,0,0,0,0,0,0,0,0,0,0,0,0,0,0,0,0,0,0,0,0,0,0,0,0,0
244,0,0,0,0,0,0,0,0,0,0,0,0,0,0,0,0,0,0,0,0,0,0,0,0,0
245,0,0,0,0,0,0,0,0,0,0,0,0,0,0,0,0,0,0,0,0,0,0,0,0,0
246,0,0,0,0,0,0,0,0,0,0,0,0,0,0,0,0,0,0,0,0,0,0,0,0,0
247,0,0,0,0,0,0,0,0,0,0,0,0,0,0,0,0,0,0,0,0,0,0,0,0,0
248,0,0,0,0,0,0,0,0,0,0,0,0,0,0,0,0,0,0,0,0,0,0,0,0,0
249,0,0,0,0,0,0,0,0,0,0,0,0,0,0,0,0,0,0,0,0,0,0,0,0,0
250,0,0,0,0,0,0,0,0,0,0,0,0,0,0,0,0,0,0,0,0,0,0,0,0,0
251,0,0,0,0,0,0,0,0,0,0,0,0,0,0,0,0,0,0,0,0,0,0,0,0,0
252,0,0,0,0,0,0,0,0,0,0,0,0,0,0,0,0,0,0,0,0,0,0,0,0,0
253,0,0,0,0,0,0,0,0,0,0,0,0,0,0,0,0,0,0,0,0,0,0,0,0,0
254,0,0,0,0,0,0,0,0,0,0,0,0,0,0,0,0,0,0,0,0,0,0,0,0,0
255,0,0,0,0,0,0,0,0,0,0,0,0,0,0,0,0,0,0,0,0,0,0,0,0,0
256,0,0,0,0,0,0,0,0,0,0,0,0,0,0,0,0,0,0,0,0,0,0,0,0,0
257,0,0,0,0,0,0,0,0,0,0,0,0,0,0,0,0,0,0,0,0,0,0,0,0,0
258,0,0,0,0,0,0,0,0,0,0,0,0,0,0,0,0,0,0,0,0,0,0,0,0,0
259,0,0,0,0,0,0,0,0,0,0,0,0,0,0,0,0,0,0,0,0,0,0,0,0,0
260,0,0,0,0,0,0,0,0,0,0,0,0,0,0,0,0,0,0,0,0,0,0,0,0,0
261,0,0,0,0,0,0,0,0,0,0,0,0,0,0,0,0,0,0,0,0,0,0,0,0,0
262,0,0,0,0,0,0,0,0,0,0,0,0,0,0,0,0,0,0,0,0,0,0,0,0,0
263,0,0,0,0,0,0,0,0,0,0,0,0,0,0,0,0,0,0,0,0,0,0,0,0,0
264,0,0,0,0,0,0,0,0,0,0,0,0,0,0,0,0,0,0,0,0,0,0,0,0,0
265,0,0,0,0,0,0,0,0,0,0,0,0,0,0,0,0,0,0,0,0,0,0,0,0,0
266,0,0,0,0,0,0,0,0,0,0,0,0,0,0,0,0,0,0,0,0,0,0,0,0,0
267,0,0,0,0,0,0,0,0,0,0,0,0,0,0,0,0,0,0,0,0,0,0,0,0,0
268,0,0,0,0,0,0,0,0,0,0,0,0,0,0,0,0,0,0,0,0,0,0,0,0,0
269,0,0,0,0,0,0,0,0,0,0,0,0,0,0,0,0,0,0,0,0,0,0,0,0,0
270,0,0,0,0,0,0,0,0,0,0,0,0,0,0,0,0,0,0,0,0,0,0,0,0,0
271,0,0,0,0,0,0,0,0,0,0,0,0,0,0,0,0,0,0,0,0,0,0,0,0,0
272,0,0,0,0,0,0,0,0,0,0,0,0,0,0,0,0,0,0,0,0,0,0,0,0,0
273,0,0,0,0,0,0,0,0,0,0,0,0,0,0,0,0,0,0,0,0,0,0,0,0,0
274,0,0,0,0,0,0,0,0,0,0,0,0,0,0,0,0,0,0,0,0,0,0,0,0,0
275,0,0,0,0,0,0,0,0,0,0,0,0,0,0,0,0,0,0,0,0,0,0,0,0,0
276,0,0,0,0,0,0,0,0,0,0,0,0,0,0,0,0,0,0,0,0,0,0,0,0,0
277,0,0,0,0,0,0,0,0,0,0,0,0,0,0,0,0,0,0,0,0,0,0,0,0,0
278,0,0,0,0,0,0,0,0,0,0,0,0,0,0,0,0,0,0,0,0,0,0,0,0,0
279,0,0,0,0,0,0,0,0,0,0,0,0,0,0,0,0,0,0,0,0,0,0,0,0,0
280,0,0,0,0,0,0,0,0,0,0,0,0,0,0,0,0,0,0,0,0,0,0,0,0,0
281,0,0,0,0,0,0,0,0,0,0,0,0,0,0,0,0,0,0,0,0,0,0,0,0,0
282,0,0,0,0,0,0,0,0,0,0,0,0,0,0,0,0,0,0,0,0,0,0,0,0,0
283,0,0,0,0,0,0,0,0,0,0,0,0,0,0,0,0,0,0,0,0,0,0,0,0,0
284,0,0,0,0,0,0,0,0,0,0,0,0,0,0,0,0,0,0,0,0,0,0,0,0,0
285,0,0,0,0,0,0,0,0,0,0,0,0,0,0,0,0,0,0,0,0,0,0,0,0,0
286,0,0,0,0,0,0,0,0,0,0,0,0,0,0,0,0,0,0,0,0,0,0,0,0,0
287,0,0,0,0,0,0,0,0,0,0,0,0,0,0,0,0,0,0,0,0,0,0,0,0,0
288,0,0,0,0,0,0,0,0,0,0,0,0,0,0,0,0,0,0,0,0,0,0,0,0,0
289,0,0,0,0,0,0,0,0,0,0,0,0,0,0,0,0,0,0,0,0,0,0,0,0,0
290,0,0,0,0,0,0,0,0,0,0,0,0,0,0,0,0,0,0,0,0,0,0,0,0,0
291,0,0,0,0,0,0,0,0,0,0,0,0,0,0,0,0,0,0,0,0,0,0,0,0,0
292,0,0,0,0,0,0,0,0,0,0,0,0,0,0,0,0,0,0,0,0,0,0,0,0,0
293,0,0,0,0,0,0,0,0,0,0,0,0,0,0,0,0,0,0,0,0,0,0,0,0,0
294,0,0,0,0,0,0,0,0,0,0,0,0,0,0,0,0,0,0,0,0,0,0,0,0,0
295,0,0,0,0,0,0,0,0,0,0,0,0,0,0,0,0,0,0,0,0,0,0,0,0,0
296,0,0,0,0,0,0,0,0,0,0,0,0,0,0,0,0,0,0,0,0,0,0,0,0,0
297,0,0,0,0,0,0,0,0,0,0,0,0,0,0,0,0,0,0,0,0,0,0,0,0,0
298,0,0,0,0,0,0,0,0,0,0,0,0,0,0,0,0,0,0,0,0,0,0,0,0,0
299,0,0,0,0,0,0,0,0,0,0,0,0,0,0,0,0,0,0,0,0,0,0,0,0,0
300,0,0,0,0,0,0,0,0,0,0,0,0,0,0,0,0,0,0,0,0,0,0,0,0,0
301,0,0,0,0,0,0,0,0,0,0,0,0,0,0,0,0,0,0,0,0,0,0,0,0,0
302,0,0,0,0,0,0,0,0,0,0,0,0,0,0,0,0,0,0,0,0,0,0,0,0,0
303,0,0,0,0,0,0,0,0,0,0,0,0,0,0,0,0,0,0,0,0,0,0,0,0,0
304,0,0,0,0,0,0,0,0,0,0,0,0,0,0,0,0,0,0,0,0,0,0,0,0,0
305,0,0,0,0,0,0,0,0,0,0,0,0,0,0,0,0,0,0,0,0,0,0,0,0,0
306,0,0,0,0,0,0,0,0,0,0,0,0,0,0,0,0,0,0,0,0,0,0,0,0,0
307,0,0,0,0,0,0,0,0,0,0,0,0,0,0,0,0,0,0,0,0,0,0,0,0,0
308,0,0,0,0,0,0,0,0,0,0,0,0,0,0,0,0,0,0,0,0,0,0,0,0,0
309,0,0,0,0,0,0,0,0,0,0,0,0,0,0,0,0,0,0,0,0,0,0,0,0,0
310,0,0,0,0,0,0,0,0,0,0,0,0,0,0,0,0,0,0,0,0,0,0,0,0,0
311,0,0,0,0,0,0,0,0,0,0,0,0,0,0,0,0,0,0,0,0,0,0,0,0,0
312,0,0,0,0,0,0,0,0,0,0,0,0,0,0,0,0,0,0,0,0,0,0,0,0,0
313,0,0,0,0,0,0,0,0,0,0,0,0,0,0,0,0,0,0,0,0,0,0,0,0,0
314,0,0,0,0,0,0,0,0,0,0,0,0,0,0,0,0,0,0,0,0,0,0,0,0,0
315,0,0,0,0,0,0,0,0,0,0,0,0,0,0,0,0,0,0,0,0,0,0,0,0,0
316,0,0,0,0,0,0,0,0,0,0,0,0,0,0,0,0,0,0,0,0,0,0,0,0,0
317,0,0,0,0,0,0,0,0,0,0,0,0,0,0,0,0,0,0,0,0,0,0,0,0,0
318,0,0,0,0,0,0,0,0,0,0,0,0,0,0,0,0,0,0,0,0,0,0,0,0,0
319,0,0,0,0,0,0,0,0,0,0,0,0,0,0,0,0,0,0,0,0,0,0,0,0,0
320,0,0,0,0,0,0,0,0,0,0,0,0,0,0,0,0,0,0,0,0,0,0,0,0,0
321,0,0,0,0,0,0,0,0,0,0,0,0,0,0,0,0,0,0,0,0,0,0,0,0,0
322,0,0,0,0,0,0,0,0,0,0,0,0,0,0,0,0,0,0,0,0,0,0,0,0,0
323,0,0,0,0,0,0,0,0,0,0,0,0,0,0,0,0,0,0,0,0,0,0,0,0,0
324,0,0,0,0,0,0,0,0,0,0,0,0,0,0,0,0,0,0,0,0,0,0,0,0,0
325,0,0,0,0,0,0,0,0,0,0,0,0,0,0,0,0,0,0,0,0,0,0,0,0,0
326,0,0,0,0,0,0,0,0,0,0,0,0,0,0,0,0,0,0,0,0,0,0,0,0,0
327,0,0,0,0,0,0,0,0,0,0,0,0,0,0,0,0,0,0,0,0,0,0,0,0,0
328,0,0,0,0,0,0,0,0,0,0,0,0,0,0,0,0,0,0,0,0,0,0,0,0,0
329,0,0,0,0,0,0,0,0,0,0,0,0,0,0,0,0,0,0,0,0,0,0,0,0,0
330,0,0,0,0,0,0,0,0,0,0,0,0,0,0,0,0,0,0,0,0,0,0,0,0,0
331,0,0,0,0,0,0,0,0,0,0,0,0,0,0,0,0,0,0,0,0,0,0,0,0,0
332,0,0,0,0,0,0,0,0,0,0,0,0,0,0,0,0,0,0,0,0,0,0,0,0,0
333,0,0,0,0,0,0,0,0,0,0,0,0,0,0,0,0,0,0,0,0,0,0,0,0,0
334,0,0,0,0,0,0,0,0,0,0,0,0,0,0,0,0,0,0,0,0,0,0,0,0,0
335,0,0,0,0,0,0,0,0,0,0,0,0,0,0,0,0,0,0,0,0,0,0,0,0,0
336,0,0,0,0,0,0,0,0,0,0,0,0,0,0,0,0,0,0,0,0,0,0,0,0,0
337,0,0,0,0,0,0,0,0,0,0,0,0,0,0,0,0,0,0,0,0,0,0,0,0,0
338,0,0,0,0,0,0,0,0,0,0,0,0,0,0,0,0,0,0,0,0,0,0,0,0,0
339,0,0,0,0,0,0,0,0,0,0,0,0,0,0,0,0,0,0,0,0,0,0,0,0,0
340,0,0,0,0,0,0,0,0,0,0,0,0,0,0,0,0,0,0,0,0,0,0,0,0,0
341,0,0,0,0,0,0,0,0,0,0,0,0,0,0,0,0,0,0,0,0,0,0,0,0,0
342,0,0,0,0,0,0,0,0,0,0,0,0,0,0,0,0,0,0,0,0,0,0,0,0,0
343,0,0,0,0,0,0,0,0,0,0,0,0,0,0,0,0,0,0,0,0,0,0,0,0,0
344,0,0,0,0,0,0,0,0,0,0,0,0,0,0,0,0,0,0,0,0,0,0,0,0,0
345,0,0,0,0,0,0,0,0,0,0,0,0,0,0,0,0,0,0,0,0,0,0,0,0,0
346,0,0,0,0,0,0,0,0,0,0,0,0,0,0,0,0,0,0,0,0,0,0,0,0,0
347,0,0,0,0,0,0,0,0,0,0,0,0,0,0,0,0,0,0,0,0,0,0,0,0,0
348,0,0,0,0,0,0,0,0,0,0,0,0,0,0,0,0,0,0,0,0,0,0,0,0,0
349,0,0,0,0,0,0,0,0,0,0,0,0,0,0,0,0,0,0,0,0,0,0,0,0,0
350,0,0,0,0,0,0,0,0,0,0,0,0,0,0,0,0,0,0,0,0,0,0,0,0,0
351,0,0,0,0,0,0,0,0,0,0,0,0,0,0,0,0,0,0,0,0,0,0,0,0,0
352,0,0,0,0,0,0,0,0,0,0,0,0,0,0,0,0,0,0,0,0,0,0,0,0,0
353,0,0,0,0,0,0,0,0,0,0,0,0,0,0,0,0,0,0,0,0,0,0,0,0,0
354,0,0,0,0,0,0,0,0,0,0,0,0,0,0,0,0,0,0,0,0,0,0,0,0,0
355,0,0,0,0,0,0,0,0,0,0,0,0,0,0,0,0,0,0,0,0,0,0,0,0,0
356,0,0,0,0,0,0,0,0,0,0,0,0,0,0,0,0,0,0,0,0,0,0,0,0,0
357,0,0,0,0,0,0,0,0,0,0,0,0,0,0,0,0,0,0,0,0,0,0,0,0,0
358,0,0,0,0,0,0,0,0,0,0,0,0,0,0,0,0,0,0,0,0,0,0,0,0,0
359,0,0,0,0,0,0,0,0,0,0,0,0,0,0,0,0,0,0,0,0,0,0,0,0,0
